label,sample_type,date,lat,lon,cell_lat,cell_lon,iy,ix,r1,r3,r7,r15,r30,max3_in15,wetdays15,intensity3,api,days_since_heavy,year,month,doy_sin,doy_cos,block,elev,slope,aspect_sin,aspect_cos,curvature,slope_mean_nbr,slope_max_nbr,relief_nbr
1,pos,2014-09-22,26.1985,91.7998,26.25,91.75,21,17,90.21906280517578,112.9434585571289,128.25892639160156,215.29351806640625,289.26678466796875,112.9434585571289,10.0,37.64781951904297,168.5209503173828,0.0,2014,9,-0.9882042449941422,-0.15314166701312007,26_91,78.13919067382812,6.917292318846526,-0.3305826242982368,-0.9437770544530583,0.0036461749013588346,5.796191119258535,21.254660441100942,156.1204833984375
0,neg_hard,2013-10-24,27.325205361758268,88.15925518359766,27.25,88.25,25,3,0.0,19.522537231445312,45.404205322265625,155.53123474121094,231.14208984375,110.12702941894531,7.0,6.50751256942749,84.04702758789062,9.0,2013,10,-0.9223291176290545,0.3864052261209853,27_88,1691.0003662109375,43.00444145166039,-0.8020898982677025,-0.5972033113579551,0.00350212397916786,29.399178607635996,50.39542590033545,1068.9522705078125
0,neg_wet,2016-04-22,26.978615274742875,91.30521667784265,27.0,91.25,24,15,35.11417007446289,102.70950317382812,206.03367614746094,290.2260437011719,428.0628967285156,110.27323913574219,12.0,34.23649978637695,211.2541961669922,60.0,2016,4,0.9312100364121947,-0.3644830148102912,26_91,980.091796875,23.527084520301273,0.9657503356872391,0.2594730990295234,0.0017687407249233284,28.48848721586743,47.235195724558004,929.4637451171875
0,neg_general,2009-09-08,23.125156792240492,92.14402113282728,23.25,92.25,9,19,4.944063663482666,7.364679336547852,46.199302673339844,242.3560333251953,519.8671875,94.40867614746094,11.0,2.454893112182617,138.22940063476562,8.0,2009,9,-0.9231578729647039,-0.38442104726885545,23_92,46.33949661254883,7.948461796501294,0.9948637840877418,0.10122277960330467,-0.0003750629818692027,5.009940313393292,17.202935806892224,86.3717269897461
0,neg_hard,2011-11-02,27.867466069018526,93.82772657928747,27.75,93.75,27,25,0.0,1.6242783069610596,2.013857364654541,2.5190186500549316,10.672500610351562,3.163054943084717,0.0,0.5414261221885681,7.401644229888916,47.0,2011,11,-0.8517119107469189,0.5240103253675756,27_93,1207.73095703125,35.74740915244634,-0.6757372760596326,-0.7371425464206417,-0.003404621959787281,32.02754355647833,46.59504966093859,1419.5968017578125
0,neg_general,2011-09-28,27.275538483615634,96.99902971487715,27.25,97.0,25,38,0.0,0.0,0.0,0.0,0.0,0.0,0.0,0.0,5.805549183751646e-12,60.0,2011,9,-0.9987235240803972,-0.050510617185222886,27_96,1925.342041015625,25.210092468064026,-0.9026697014097742,0.43033406808756053,0.01025345592049961,32.657147436018924,50.43341642623226,1246.6441650390625
0,neg_general,2016-05-03,29.12535469483421,94.0249036235981,29.25,94.0,33,26,0.0,23.94150161743164,62.6953239440918,198.66207885742188,360.493896484375,91.43693542480469,13.0,7.9805006980896,116.03154754638672,8.0,2016,5,0.8460288880917339,-0.533137056031809,29_94,4579.4814453125,34.3015987801075,-0.7367334232341791,0.6761833058347773,-0.004406018342698039,24.20139679437195,41.64459517537977,997.758056640625
0,neg_wet,2008-10-26,24.94193036089431,93.63444560707987,25.0,93.75,16,25,36.22816848754883,49.265586853027344,49.41901397705078,50.061500549316406,107.05403137207031,49.265586853027344,2.0,16.42186164855957,54.51644515991211,60.0,2008,10,-0.9011686968561569,0.4334685453485363,24_93,1069.86474609375,25.103916911686298,0.9860853044917668,0.16624010426301944,0.009057654724356046,21.07385781788853,50.810511971681876,803.637939453125
0,neg_hard,2008-07-29,27.64269264527355,93.82661784269929,27.75,93.75,27,25,16.159250259399414,20.691757202148438,56.650184631347656,194.00973510742188,608.286865234375,95.20515441894531,10.0,6.897252559661865,150.04269409179688,25.0,2008,7,-0.46896519100763184,-0.8832166493127127,27_93,1720.9874267578125,23.30406325286426,0.7379903665709769,0.6748112468301304,0.0014465840493105696,18.37030612227813,34.76009047639622,687.85595703125
0,neg_hard,2010-06-21,24.205457997946443,94.0403980405067,24.25,94.0,13,26,1.6381691694259644,20.20572280883789,45.17417526245117,163.53289794921875,293.5338439941406,78.12518310546875,10.0,6.735240936279297,86.95475769042969,12.0,2010,6,0.18175978759137534,-0.9833429613388902,24_94,1760.7816162109375,0.4500846053495663,0.6079919074754191,0.793943222431177,-0.009056028008514683,23.271551839652545,44.07195416107053,697.708251953125
0,neg_general,2016-06-22,27.67236749589455,95.79606563568524,27.75,95.75,27,33,8.555333137512207,83.5709457397461,113.36852264404297,236.00704956054688,260.1649475097656,86.32518005371094,12.0,27.85698127746582,142.7618408203125,9.0,2016,6,0.14782713347053048,-0.9890132145779883,27_95,138.13099670410156,1.608456296750735,-0.9951885964757452,-0.09797784160021326,-0.00039273967991409965,0.5578272269638003,2.5992411499702945,13.986083984375
0,neg_general,2008-08-05,24.534377810237654,93.12321751708352,24.5,93.0,14,22,14.835558891296387,87.71903228759766,194.0508575439453,337.369140625,651.0675048828125,105.69178771972656,14.0,29.23967742919922,248.38880920410156,7.0,2008,8,-0.5716666713027052,-0.8204859638785327,24_93,373.6415710449219,7.029954840245787,0.6096453417141005,-0.7926743072197419,-0.007461531556892977,19.634024026410916,37.780538579843146,434.5736083984375
0,neg_general,2010-08-03,26.490154506000703,89.36836254552486,26.5,89.25,22,7,0.0,0.14858663082122803,35.09248352050781,317.529541015625,738.2151489257812,213.5076904296875,6.0,0.049528878182172775,166.8632354736328,11.0,2010,8,-0.5285813283559292,-0.8488826652214553,26_89,58.553504943847656,0.5739187614858401,0.8985801147088561,-0.43880950018182024,-0.0003093639826191775,0.7831110369763074,2.7167782315621616,14.660491943359375
0,neg_wet,2010-07-20,28.425518686806157,95.83728562781644,28.5,95.75,30,33,4.384170055389404,44.76875305175781,72.41914367675781,417.9858703613281,694.0814208984375,261.0924987792969,13.0,14.922917366027832,202.08639526367188,10.0,2010,7,-0.3108569682435036,-0.9504567035349151,28_95,952.2972412109375,37.55378428739005,-0.09177694695439914,0.9957795900738925,0.0002390984346284156,32.109026116207716,61.0341101376383,1084.1769409179688
0,neg_hard,2012-09-08,25.470811070086395,92.36379329515772,25.5,92.25,18,19,0.0,3.1148629188537598,26.7606143951416,100.18224334716797,205.13914489746094,43.77156066894531,10.0,1.03828763961792,50.11250686645508,24.0,2012,9,-0.9296339319682695,-0.3684843993077793,25_92,1254.5657958984375,2.129254403889937,-0.2560054962205016,0.9666753260039768,-0.0003643496655882337,4.7446625619176865,16.00199688646204,95.40576171875
0,neg_general,2007-05-02,27.520739537016826,95.8827091893281,27.5,96.0,26,34,0.0,0.0,20.9931697845459,86.91151428222656,106.00415802001953,52.840965270996094,7.0,0.0,36.23937225341797,60.0,2007,5,0.8638670987837349,-0.503719798736334,27_95,154.33944702148438,0.5383879364811484,-0.702090659116259,0.7120875693211454,0.00027070768895884925,0.614440299977903,2.4799184217288897,12.966751098632812
0,neg_general,2007-06-26,27.77379179098227,95.0320817117135,27.75,95.0,27,30,2.173698663711548,35.13652801513672,97.64768981933594,316.1843566894531,408.9246826171875,161.0750732421875,12.0,11.712176322937012,157.2324981689453,11.0,2007,6,0.0966127018812031,-0.9953220513156602,27_95,119.5,0.17830619510279286,-0.48936238454267045,-0.8720805333194358,-0.00013314086854804882,2.5825918597093724,25.343537271574768,194.68240356445312
0,neg_wet,2007-07-23,27.150330877173825,92.63616424650938,27.25,92.75,25,21,12.242764472961426,78.06726837158203,105.13829803466797,217.58726501464844,320.2724304199219,78.06726837158203,12.0,26.022422790527344,139.63006591796875,60.0,2007,7,-0.3594718130884232,-0.9331559438780432,27_92,251.4842071533203,25.182492044048644,0.5990991056169604,-0.8006748788671705,-0.00041418486169739503,26.97132142145349,49.71879764459621,851.03662109375
0,neg_wet,2015-05-31,27.20391625097242,88.3739417538385,27.25,88.25,25,3,52.10988235473633,80.82920837402344,150.9273223876953,299.13104248046875,502.7061462402344,80.82920837402344,14.0,26.943069458007812,201.13446044921875,0.0,2015,5,0.5175855102531889,-0.8556314858488706,27_88,1252.7115478515625,38.84629613375792,-0.5459510992966821,0.8378170427824588,-0.003403761509544416,32.372703099499304,55.42042664078314,1213.8265991210938
1,pos,2012-06-02,26.1475,91.7356,26.25,91.75,21,17,5.887123107910156,10.91177749633789,11.084676742553711,43.910057067871094,97.69404602050781,24.457168579101562,7.0,3.6372592449188232,30.13951301574707,60.0,2012,6,0.47275920928627757,-0.881191653407483,26_91,50.504974365234375,0.26016933958446004,0.7479904134761665,-0.663709530854992,0.0005311340490962678,6.753477871689289,34.66508772947471,228.71868896484375
0,neg_general,2014-11-06,25.716398409290854,89.6856663933297,25.75,89.75,19,9,0.0,0.0,0.0,0.0,14.227540016174316,0.0,0.0,0.0,8.316267967224121,41.0,2014,11,-0.8136678304455991,0.5813300798152042,25_89,24.606658935546875,1.1678717982107834,-0.7857326865435279,-0.6185662012243235,0.0010198121478133672,0.6575290820168331,2.4852435776334056,13.835613250732422
0,neg_wet,2011-07-12,25.80847138081709,92.938944479775,25.75,93.0,19,22,17.153478622436523,45.929412841796875,83.3227767944336,194.28509521484375,357.5617370605469,85.0526123046875,14.0,15.30980396270752,117.36732482910156,14.0,2011,7,-0.17752914918703497,-0.984115542601034,25_92,87.10047912597656,0.6695030605173689,0.44293656017099237,0.8965529564191336,0.00034368093188926174,1.5687467175767584,8.730326021044158,31.271682739257812
0,neg_general,2008-09-02,25.29806787822319,93.44010545793765,25.25,93.5,17,24,3.179006576538086,4.552816390991211,23.388242721557617,96.8719711303711,265.86151123046875,50.20428466796875,10.0,1.5176054239273071,62.59627914428711,60.0,2008,9,-0.886721063082993,-0.46230483047981086,25_93,1314.975341796875,22.178277950359924,-0.12935247027525515,-0.9915986781121127,-0.0016867166474843886,20.334588551740826,41.166696571595295,859.6417846679688
0,neg_general,2014-08-21,24.47124668794484,93.70874844444683,24.5,93.75,14,25,0.712814450263977,0.9482452869415283,52.84482192993164,63.50812911987305,134.00473022460938,43.283355712890625,4.0,0.3160817623138428,46.43856430053711,60.0,2014,8,-0.7621140503891487,-0.6474427960827475,24_93,890.9684448242188,6.131563877856354,-0.9018701691603778,-0.4320071735268196,0.006860245076498401,7.734608950820055,19.92999029107126,264.30560302734375
0,neg_hard,2016-06-22,26.840204377932714,95.09307620760927,26.75,95.0,23,30,13.337508201599121,40.44386291503906,81.16492462158203,160.05014038085938,269.4596862792969,68.60122680664062,10.0,13.481287956237793,106.60588836669922,60.0,2016,6,0.14782713347053048,-0.9890132145779883,26_95,334.32470703125,14.55829911883985,-0.8294412752331086,0.5585939231138077,-0.0003248893141454905,14.212972595150019,35.320846935830325,443.2483673095703
0,neg_wet,2013-08-17,26.78090754981157,89.05304618993027,26.75,89.0,23,6,6.518600940704346,70.8252944946289,279.40289306640625,429.4710998535156,702.837890625,200.9030303955078,12.0,23.608430862426758,298.8797302246094,1.0,2013,8,-0.7157953492826642,-0.6983101158835584,26_89,162.900390625,0.38120593130697794,-0.5101575397079665,-0.8600809756523594,0.00012199630923812879,0.677528201040768,2.5662815298714508,33.21531677246094
0,neg_general,2007-11-05,28.36476563976188,93.37793278631935,28.25,93.5,29,24,0.0,0.0,0.0,0.0,137.3655242919922,11.941253662109375,0.0,0.0,19.187395095825195,20.0,2007,11,-0.8235472349556007,0.5672476988027229,28_93,3600.02685546875,37.14996671894272,0.997294681656009,0.07350726454330744,-0.001475355341647259,28.45633575841678,60.8608125236705,1715.047607421875
0,neg_hard,2016-05-21,25.272885221090927,92.43437467306276,25.25,92.5,17,20,21.90556526184082,40.17368698120117,383.5230712890625,387.95965576171875,770.0082397460938,328.72662353515625,7.0,13.391228675842285,302.1311340332031,3.0,2016,5,0.6433365204044917,-0.765583517007675,25_92,716.0718994140625,11.351954820222534,0.8240207946820746,-0.566559555502793,0.0015112385480770827,8.287538038554692,20.886224545244822,314.20703125
1,pos,2010-07-06,26.2363,94.8133,26.25,94.75,21,29,25.410842895507812,50.208717346191406,94.74422454833984,180.42471313476562,359.69134521484375,53.828758239746094,14.0,16.736238479614258,130.69686889648438,60.0,2010,7,-0.07518957641475855,-0.9971692572470178,26_94,1546.8511962890625,12.38534280947411,0.9192312562437304,0.39371804320423687,0.0012975645805605397,21.5473903222644,35.21828854082637,715.9034423828125
0,neg_wet,2007-08-15,25.822386136552474,94.13617421661422,25.75,94.25,19,27,31.173988342285156,80.98592376708984,105.89521789550781,177.89749145507812,316.33074951171875,80.98592376708984,11.0,26.99530792236328,133.5912322998047,60.0,2007,8,-0.6913512362094071,-0.722518835873311,25_94,1276.7960205078125,17.126229302091613,-0.8008771078262663,0.5988287385887846,-0.005730682824146793,16.247102107524793,32.8292171287401,526.0645141601562
0,neg_general,2014-07-31,24.12687346203453,93.85803375870258,24.25,93.75,13,25,1.427666187286377,4.74370813369751,6.305673599243164,42.628971099853516,78.96705627441406,16.936452865600586,8.0,1.5812360048294067,24.115819931030273,46.0,2014,7,-0.48408852163897587,-0.8750190302029955,24_93,916.918701171875,10.068303960998005,-0.7380757918199089,0.674717811777201,0.0004850522050439184,12.527872384235632,24.85167042235483,404.9859619140625
0,neg_hard,2008-09-30,27.284917858809557,88.31719731143407,27.25,88.25,25,3,0.0,1.1792429685592651,11.555635452270508,56.114959716796875,220.7751007080078,32.22203063964844,5.0,0.3930809795856476,42.656375885009766,27.0,2008,9,-0.9999994220246925,0.001075151282798226,27_88,1414.603271484375,22.5070395112733,-0.22990238517251638,0.9732136935390849,0.0020245642548504398,23.2367880007384,46.96023438431208,1375.27734375
0,neg_hard,2009-06-25,25.11307927674995,92.3217203753534,25.0,92.25,16,19,14.94799518585205,21.10338020324707,74.21317291259766,190.5839080810547,449.5351257324219,71.91952514648438,10.0,7.034460067749023,122.5700454711914,13.0,2009,6,0.11371951458594969,-0.9935128947338007,25_92,735.328369140625,18.12691653108365,0.9797440447992157,-0.20025385559452363,-0.002761530999055202,19.31897053564735,42.073379867751456,609.9110412597656
0,neg_general,2015-06-17,28.879584736861894,94.06318095941769,29.0,94.0,32,26,26.784326553344727,78.70933532714844,231.3133087158203,406.2724914550781,656.7544555664062,187.93121337890625,11.0,26.2364444732666,273.4253234863281,3.0,2015,6,0.24893980855376657,-0.9685189578512204,28_94,4365.85595703125,24.889864603943945,0.2962022768558065,0.955125233247157,0.0012921710771808242,28.038275984348548,55.88403473049893,1169.1376953125
0,neg_hard,2007-11-02,25.915751407606223,94.63126306023436,26.0,94.75,20,29,9.411022186279297,9.411022186279297,23.645193099975586,27.053464889526367,269.94940185546875,18.82400131225586,4.0,3.137007474899292,51.5941047668457,18.0,2007,11,-0.8517119107469189,0.5240103253675756,25_94,1930.8145751953125,25.31272947650739,-0.926088086615704,0.3773073757938803,-0.004835788467237379,23.723742861649352,39.84940546957978,933.7042236328125
0,neg_hard,2008-09-26,25.55513623636935,92.22647446332363,25.5,92.25,18,19,1.6271886825561523,2.6754953861236572,72.58560943603516,108.20873260498047,255.5656280517578,69.91011810302734,8.0,0.8918318152427673,80.49325561523438,60.0,2008,9,-0.9977068927101168,-0.06768276175455162,25_92,1178.8734130859375,1.8004867517524568,-0.5121413887580013,-0.8589011572474599,0.0018978531946649343,8.230028462335959,28.177387889702967,177.01025390625
0,neg_hard,2011-09-16,25.831889831792786,90.00099964080091,25.75,90.0,19,10,13.509522438049316,22.818204879760742,46.53083038330078,83.90904998779297,144.67567443847656,55.77830505371094,6.0,7.606068134307861,63.12104415893555,31.0,2011,9,-0.9671667297977312,-0.2541427094613622,25_90,28.088958740234375,1.1580805428610608,0.017435113477639905,0.9998479968565331,0.00010264968090568009,1.1699753451526833,4.5325956517407295,36.95250701904297
0,neg_wet,2013-07-16,27.848995578157755,93.97517665944059,27.75,94.0,27,26,4.773227214813232,42.782413482666016,121.819091796875,291.33831787109375,658.1210327148438,96.4439697265625,15.0,14.260804176330566,194.36196899414062,10.0,2013,7,-0.24477230089725957,-0.9695805901076308,27_93,956.53759765625,25.87527489889077,-0.3303389141402731,-0.9438623849929741,-0.006488340732857778,24.230460529300064,40.89763706839706,667.2495727539062
0,neg_general,2008-06-18,28.586249395915782,93.75504984234988,28.5,93.75,30,25,25.222183227539062,31.81417465209961,129.82601928710938,217.09300231933594,512.9593505859375,93.58909606933594,10.0,10.604724884033203,166.46612548828125,4.0,2008,6,0.21547731504673012,-0.976508846196619,28_93,3368.926513671875,27.8978428005211,0.9999844706126656,0.005573018347989285,-0.016311028932677493,30.07273482505353,62.648417881471374,1583.285400390625
1,pos,2011-06-21,25.51614662,94.2341227,25.5,94.25,18,27,2.259432792663574,3.558150053024292,37.61928176879883,137.727294921875,222.1892547607422,73.24885559082031,9.0,1.1860500574111938,68.6718521118164,60.0,2011,6,0.18175978759137534,-0.9833429613388902,25_94,1650.436767578125,21.400598282550266,-0.9973545365650442,0.07269063483782419,0.0015497609542221313,19.19318283358172,40.63351352699647,856.21533203125
1,pos,2014-07-14,23.7327,92.7463,23.75,92.75,11,21,25.924243927001953,47.96443557739258,63.5872802734375,84.6015396118164,224.3155517578125,47.96443557739258,9.0,15.988144874572754,78.83837127685547,60.0,2014,7,-0.2112757555821793,-0.9774264960104055,23_92,835.0313720703125,25.274158056386526,-0.43592810503793533,-0.8999814927197308,0.0001430303001013704,18.82213060588843,41.87338711869617,502.14923095703125
0,neg_hard,2016-07-08,28.05462880859,95.18257263570314,28.0,95.25,28,31,0.0,23.875303268432617,140.98020935058594,282.5035095214844,622.4226684570312,163.9959259033203,12.0,7.958434581756592,198.36766052246094,5.0,2016,7,-0.12652781683868314,-0.9919630595773397,28_95,1194.43798828125,29.21990611460822,0.9651361796951567,-0.26174826578878807,0.0030018902468196516,26.71814599703874,49.69119362079697,1090.7297973632812
0,neg_general,2013-09-11,23.90970731347119,93.00149849470492,24.0,93.0,12,22,1.19773530960083,32.490631103515625,37.18589401245117,99.88865661621094,257.3701171875,46.063560485839844,7.0,10.83021068572998,71.11111450195312,60.0,2013,9,-0.9417589340994617,-0.33628873017668287,23_93,758.2023315429688,14.36528747291348,-0.8933690422220187,0.4493236632977534,-0.0008049830494768906,15.234630843720854,37.30158390315994,811.0173034667969
0,neg_wet,2013-07-11,24.889924171159592,92.65728636162481,25.0,92.75,16,21,26.38556671142578,38.61368942260742,71.33760070800781,161.75228881835938,253.84219360351562,72.0686264038086,12.0,12.871230125427246,106.27375030517578,16.0,2013,7,-0.16057454459499376,-0.9870237158387383,24_92,17.58958625793457,0.38344857162381757,0.6637084927743615,-0.7479913345882994,-5.848939350378362e-05,0.44334557960861043,2.6081701892263394,11.497726440429688
0,neg_general,2009-06-26,23.75077187798032,88.39373030650655,23.75,88.5,11,4,0.0,0.0,1.953869342803955,26.93596839904785,52.126121520996094,22.87893295288086,1.0,0.0,15.816232681274414,31.0,2009,6,0.0966127018812031,-0.9953220513156602,23_88,17.068145751953125,0.27879214039017675,-0.5944224966751349,0.8041529055139323,-0.00010619832872801015,0.44525161628377546,2.375112562425553,10.389114379882812
0,neg_general,2011-07-10,25.739312808989684,91.94851949698321,25.75,92.0,19,18,3.3182883262634277,7.115284442901611,23.84690284729004,87.8963394165039,158.85853576660156,38.15317916870117,11.0,2.3717615604400635,48.31924057006836,60.0,2011,7,-0.1435724234118113,-0.9896398128792412,25_91,991.9976196289062,8.756887143492248,-0.9596474144501986,0.2812060453458437,-0.001065866204736218,12.964864704928,33.87417290536453,387.21368408203125
1,pos,2010-08-17,26.9435,88.4445,27.0,88.5,24,4,73.37342834472656,140.26014709472656,237.56671142578125,382.04400634765625,992.1746215820312,140.26014709472656,13.0,46.75338363647461,335.672607421875,0.0,2010,8,-0.7157953492826642,-0.6983101158835584,26_88,159.5,9.036091587869901,0.8964729825595837,-0.44309839938858303,0.006133842364499188,24.050478938885476,46.200929243578535,654.762451171875
0,neg_wet,2015-07-23,24.836549511881493,93.6920717373627,24.75,93.75,15,25,11.27989673614502,38.14027786254883,144.56747436523438,204.92691040039062,398.6269836425781,96.800048828125,12.0,12.713425636291504,138.15701293945312,5.0,2015,7,-0.3594718130884232,-0.9331559438780432,24_93,1218.28173828125,36.19316280684904,0.6624630097810424,-0.7490946273147622,-0.005417606960765343,26.156789157856853,50.354888702772236,1116.1240234375
0,neg_hard,2009-05-08,27.40294600797174,88.78590561017701,27.5,88.75,26,5,1.0276366472244263,14.393813133239746,45.02744674682617,86.63534545898438,199.99180603027344,34.610206604003906,10.0,4.797937870025635,62.326393127441406,60.0,2009,5,0.8073707443023492,-0.5900444739548627,27_88,4272.5234375,33.02363840700186,-0.654193246751358,0.7563274396086107,-0.004909232893352122,23.13397152048506,44.44863068836774,859.4287109375
0,neg_wet,2007-07-11,27.837483726976654,88.27271472434734,27.75,88.25,27,3,23.136531829833984,47.524505615234375,67.09197998046875,137.78024291992188,332.09539794921875,47.524505615234375,13.0,15.84150218963623,100.31759643554688,25.0,2007,7,-0.16057454459499376,-0.9870237158387383,27_88,5501.31982421875,41.17409373524978,0.9967385448794213,0.08069865644268123,-0.0029082901018629404,16.99048365927706,48.08169972950324,662.5458984375
0,neg_wet,2012-07-19,26.759671168091376,94.03169809603733,26.75,94.0,23,26,8.245111465454102,35.77027893066406,52.228790283203125,165.05636596679688,366.65631103515625,66.74808502197266,14.0,11.923426628112793,111.6319580078125,18.0,2012,7,-0.3108569682435036,-0.9504567035349151,26_94,78.35086059570312,0.11793295157201183,-0.5883283310764681,-0.8086221459079498,0.0001673052118117437,0.5840444917517061,3.681296340060688,15.119377136230469
0,neg_general,2015-04-09,29.052663694450388,94.38104515738942,29.0,94.5,32,28,45.68159866333008,92.70222473144531,251.35304260253906,368.2400207519531,517.27392578125,186.96920776367188,9.0,30.900741577148438,259.9527587890625,3.0,2015,4,0.9912685467787256,-0.13185851571739118,29_94,3988.367431640625,42.295801547995296,-0.9781457530366405,0.20792038335955268,0.0031919637119623727,32.32110294073987,55.835902967622985,1444.57861328125
0,neg_hard,2010-07-13,24.722328417961492,93.89710017942828,24.75,94.0,15,26,19.826065063476562,36.486595153808594,45.58915710449219,117.91624450683594,253.43804931640625,66.39080810546875,9.0,12.162198066711426,82.16114807128906,60.0,2010,7,-0.19443122004766195,-0.9809161537413774,24_93,771.3366088867188,0.04343781870720081,-0.24828826636502713,-0.9686861910781269,1.3564402948642876e-05,0.6464921031325435,23.65178266021164,79.390380859375
0,neg_hard,2014-06-05,26.565380573059638,94.96117383001317,26.5,95.0,22,30,0.0,12.46277904510498,22.26703453063965,53.857696533203125,184.8825225830078,29.967153549194336,7.0,4.15425968170166,40.44324493408203,60.0,2014,6,0.44216815196707204,-0.8969321743510065,26_94,729.7933959960938,26.14637662313452,-0.9999831416981245,-0.005806575544045547,0.006224367825484099,22.140965085714296,44.06755785434873,988.6593627929688
0,neg_general,2015-09-09,25.191759176359497,92.23434540493068,25.25,92.25,17,19,0.0,6.359570503234863,71.40397644042969,209.13168334960938,461.1581115722656,100.9158935546875,12.0,2.119856834411621,129.82032775878906,21.0,2015,9,-0.9296339319682695,-0.3684843993077793,25_92,374.4671936035156,35.12412679167065,0.9737023652291075,0.2278238441147936,0.004033244077171236,19.668614467319614,45.23588029825909,522.9318084716797
0,neg_hard,2011-08-20,23.63605634843463,92.9552279847843,23.75,93.0,11,22,4.543071269989014,8.92408275604248,78.21236419677734,188.38778686523438,329.00262451171875,67.42125701904297,13.0,2.97469425201416,113.24616241455078,35.0,2011,8,-0.7508642533989489,-0.6604565640279754,23_92,884.4212646484375,31.491531788638785,-0.5981373989152761,0.8013935687406456,-0.008500847789903237,20.587073957455843,42.62349544960358,752.7852172851562
1,pos,2015-07-22,24.7979,92.9974,24.75,93.0,15,22,80.44732666015625,133.09552001953125,213.87100219726562,365.6515197753906,472.75921630859375,133.09552001953125,11.0,44.36517333984375,249.00994873046875,0.0,2015,7,-0.34336687399638804,-0.939201357453208,24_92,24.89543342590332,0.3300605263981138,-0.4856456331343821,0.8741557750295454,2.120708109282353e-06,1.1590190395527822,5.870719617545876,25.906402587890625
0,neg_general,2014-07-12,28.90059488762072,95.41394920651837,29.0,95.5,32,32,0.7626493573188782,0.7626493573188782,143.26361083984375,152.7788543701172,199.95323181152344,140.4381561279297,5.0,0.2542164623737335,98.12139892578125,4.0,2014,7,-0.17752914918703497,-0.984115542601034,28_95,2723.250732421875,29.214843867351927,0.9373889402725923,-0.34828433018817595,0.004345541726007991,26.81088841364509,43.24419908071562,856.434814453125
0,neg_general,2013-09-15,28.265337908463426,93.7980807818721,28.25,93.75,29,25,0.2872466444969177,0.2872466444969177,3.282785415649414,298.8241271972656,427.2607421875,195.93154907226562,7.0,0.09574887901544571,122.87240600585938,9.0,2013,9,-0.9626519747161487,-0.2707418984477642,28_93,3660.52685546875,24.023445772674297,-0.4134435452832859,-0.910529755067668,-0.008030307165541619,33.02655938491609,61.78786374881283,1071.488037109375
0,neg_general,2016-07-07,27.84617018852552,95.9519820612351,27.75,96.0,27,34,1.0178738832473755,11.37198257446289,74.93211364746094,125.48368072509766,357.25152587890625,47.676475524902344,9.0,3.790660858154297,96.3870620727539,24.0,2016,7,-0.10944576864891556,-0.993992768446958,27_95,152.3734588623047,0.2882105102106319,0.6356008224187476,0.7720178719049265,-0.0004785483925297076,0.8313872783905205,4.5874943420241046,20.272369384765625
0,neg_wet,2011-09-24,24.707803833534975,92.71730363325123,24.75,92.75,15,21,27.116174697875977,63.04954528808594,79.58573150634766,136.13821411132812,271.01593017578125,63.04954528808594,9.0,21.016515731811523,115.44303131103516,18.0,2011,9,-0.9928872135356962,-0.11905873003404988,24_92,15.034692764282227,0.24974620520191604,0.9907482445845337,-0.1357126223041353,9.355478656893133e-05,1.636074687585883,8.309313963785032,48.3256950378418
0,neg_hard,2011-06-05,26.027980575693896,94.39676401425756,26.0,94.5,20,28,3.6139073371887207,15.512712478637695,106.34867858886719,150.93411254882812,215.2528839111328,86.55950164794922,10.0,5.170904159545898,93.09197235107422,60.0,2011,6,0.44216815196707204,-0.8969321743510065,26_94,934.33251953125,18.483212911436482,0.9149563470143735,0.4035528256103696,-0.0033163901872122693,20.03978985981714,34.26737755279517,618.2632446289062
0,neg_general,2014-08-04,26.703143858580823,92.19214252653576,26.75,92.25,23,19,0.0,4.854887008666992,32.00591278076172,130.40533447265625,255.5059051513672,62.82884979248047,8.0,1.618295669555664,68.25801086425781,60.0,2014,8,-0.5431052396834317,-0.8396646346181327,26_92,91.27574920654297,0.859854823052232,0.9213565235059901,-0.3887186084984304,0.00027920084453831706,0.7592345009002655,3.274580105435631,15.636253356933594
0,neg_general,2014-05-08,28.803506884472156,93.57904154186562,28.75,93.5,31,24,10.03717041015625,30.65387725830078,32.10275650024414,35.76716232299805,97.64225769042969,30.65387725830078,2.0,10.2179594039917,40.10163116455078,38.0,2014,5,0.8073707443023492,-0.5900444739548627,28_93,4807.14501953125,30.294998924061954,0.9959942349294799,-0.08941747025743829,-0.0019125709977818785,23.456179032337346,41.78618885643205,964.1611328125
0,neg_hard,2011-11-25,26.25270879190832,91.63192483722042,26.25,91.75,21,17,0.0,0.0,0.0,13.413921356201172,16.924827575683594,13.025611877441406,2.0,0.0,6.12694787979126,60.0,2011,11,-0.5839514998576998,0.8117885474764613,26_91,46.850807189941406,0.09480107700520879,0.7978524255006975,0.602852807178215,1.9606681385976845e-05,0.4204353850535282,4.358314853217555,17.773258209228516
1,pos,2013-06-27,27.3765,88.7628,27.5,88.75,26,5,6.479767799377441,88.52311706542969,113.20368957519531,189.29022216796875,547.6903076171875,96.93474578857422,11.0,29.507705688476562,156.06069946289062,22.0,2013,6,0.07947729992362097,-0.9968366760893436,27_88,3763.635986328125,20.587275011128263,-0.2638329905778457,-0.9645683765720036,0.005300273060850818,22.75237675678797,43.3111563943166,526.92822265625
0,neg_hard,2009-06-14,25.477676154038292,90.1803733525157,25.5,90.25,18,11,16.368343353271484,91.87925720214844,120.56709289550781,281.4181823730469,468.12615966796875,98.6728515625,13.0,30.626419067382812,185.774658203125,10.0,2009,6,0.2985688173637202,-0.9543881083175908,25_90,146.75643920898438,7.11977234848554,-0.48217332794387446,-0.8760758425042485,-0.0012744081600510797,7.8307716974769646,22.348239091623995,143.5955352783203
1,pos,2013-10-06,26.1309,91.8383,26.25,91.75,21,17,29.88486099243164,43.29895782470703,47.60358428955078,123.85411071777344,175.0934295654297,56.20833206176758,8.0,14.43298625946045,81.80278015136719,57.0,2013,10,-0.9962102997023297,0.0869772313136861,26_91,106.21235656738281,12.618533366260401,0.49288411635299634,0.8700949648440255,0.0017973593297386336,7.019758404430928,30.275422954025604,232.78693008422852
0,neg_general,2008-07-23,25.220302288685353,91.23459567418729,25.25,91.25,17,15,287.7315673828125,851.2294921875,976.5463256835938,1795.3104248046875,2706.1376953125,851.2294921875,15.0,283.7431640625,1294.837646484375,0.0,2008,7,-0.3754703786876202,-0.9268343944460494,25_91,5.5,2.5506137557580133,-0.723862479717204,-0.6899442806905935,0.0,15.702110396648168,49.06879649246271,419.7436828613281
0,neg_general,2014-09-02,26.75794848942662,93.72544550164605,26.75,93.75,23,25,7.448210716247559,9.65158462524414,18.58602523803711,95.09406280517578,270.49755859375,50.53166198730469,8.0,3.2171947956085205,63.806480407714844,24.0,2014,9,-0.8786374941610001,-0.4774894280028391,26_93,69.0,1.9602187780254472,-0.9471404290475854,-0.3208192757044933,0.0009757277025211048,0.43223137665500994,3.0431711299427597,8.929206848144531
1,pos,2013-08-15,25.3833,94.1884,25.5,94.25,18,27,14.12753677368164,53.13920974731445,72.66201782226562,168.35621643066406,280.38824462890625,55.03909683227539,11.0,17.713069915771484,114.82708740234375,42.0,2013,8,-0.6913512362094071,-0.722518835873311,25_94,1683.362060546875,18.867838131479953,-0.8433774134875749,-0.5373216340507874,-0.006145955208242141,18.560336425286955,35.34058271419801,620.731689453125
0,neg_wet,2008-07-12,24.450369753826166,93.15117935154863,24.5,93.25,14,23,6.433355808258057,40.03353500366211,88.76555633544922,202.33212280273438,302.0052185058594,58.54072570800781,14.0,13.344511985778809,114.45132446289062,60.0,2008,7,-0.19443122004766195,-0.9809161537413774,24_93,130.2769012451172,17.807147449740615,0.7227746841854736,0.6910837546206603,0.01010673306314404,15.871774867470487,38.91500494394065,421.92352294921875
0,neg_wet,2010-06-23,27.1204636004101,92.27696732662548,27.0,92.25,24,19,6.842532157897949,103.64279174804688,195.4650421142578,271.9271545410156,415.8447570800781,133.88116455078125,12.0,34.5475959777832,205.8601837158203,1.0,2010,6,0.14782713347053048,-0.9890132145779883,27_92,2221.74853515625,26.266580110600977,-0.5933506659555497,-0.8049440894932428,-0.003238786368191132,18.166719396156168,36.28056086838167,608.899658203125
0,neg_wet,2015-09-20,23.689966929765227,91.89990459119942,23.75,92.0,11,18,29.97268295288086,46.759368896484375,146.72093200683594,156.6190643310547,453.8651428222656,102.66336059570312,6.0,15.586456298828125,134.21923828125,5.0,2015,9,-0.9823516608469237,-0.18704334906991657,23_91,145.63978576660156,4.141913540034713,-0.9635046264628715,-0.2676916785868444,0.0008892567037611455,4.388715889655676,13.907431296412533,81.18783569335938
0,neg_wet,2009-07-25,27.451128994124005,92.7365920970804,27.5,92.75,26,21,26.86056137084961,53.75312805175781,79.42984008789062,178.13967895507812,740.3598022460938,86.98102569580078,8.0,17.917709350585938,173.0651397705078,7.0,2009,7,-0.3913578365610259,-0.9202385798054075,27_92,1984.28955078125,37.05801118178486,0.5130945234521096,-0.8583321093862518,-0.0007306344525512057,21.564500753642445,45.44869389604778,1134.688232421875
1,pos,2016-07-26,27.1027,88.1218,27.0,88.0,24,2,80.41841888427734,104.22278594970703,264.54620361328125,476.49261474609375,809.26025390625,150.4985809326172,15.0,34.740928649902344,315.00079345703125,0.0,2016,7,-0.4227806579826773,-0.9062320427107697,27_88,1141.874755859375,29.25817738117255,-0.4577417156221848,0.889085216264031,0.001424440340527538,30.119093200927736,49.79681010312257,1234.0259399414062
0,neg_wet,2009-08-21,25.09573991916206,88.0007567128862,25.0,88.0,16,2,14.74004077911377,30.45214080810547,158.84852600097656,293.7069091796875,550.1348876953125,128.600830078125,11.0,10.150713920593262,201.3082275390625,4.0,2009,8,-0.7621140503891487,-0.6474427960827475,25_88,35.42494201660156,1.1720674486503169,-0.08703097161297949,0.9962056062781923,-0.0016570853830510503,1.0834698036887065,4.395268285435416,16.71472930908203
0,neg_general,2012-08-26,24.214589535795696,91.52784579567682,24.25,91.5,13,16,0.0,0.0,0.0,0.0,0.0,0.0,0.0,0.0,0.0,60.0,2012,8,-0.8247650844733614,-0.5654755126737576,24_91,14.292098999023438,0.05978526595738387,0.9995212859282054,0.03093863242657318,1.1158775709715385e-05,0.9938889654795204,4.025455132550232,16.442127227783203
0,neg_hard,2014-07-07,24.440038037898873,92.59271848209295,24.5,92.5,14,20,6.122461318969727,16.598892211914062,61.93083953857422,142.2398223876953,440.8716125488281,51.46010971069336,13.0,5.53296422958374,106.02169036865234,18.0,2014,7,-0.09233133369539122,-0.9957283388645872,24_92,55.37421417236328,7.719529845986554,0.33756386581395875,0.9413026274778667,0.0013240778043248976,3.855307654354504,19.597411797070095,90.67681884765625
0,neg_hard,2008-09-30,24.96802297895222,94.3440064590121,25.0,94.25,16,27,9.173394203186035,33.34339141845703,70.33840942382812,100.64167022705078,177.14984130859375,36.06086730957031,13.0,11.114463806152344,75.54361724853516,60.0,2008,9,-0.9999994220246925,0.001075151282798226,24_94,1450.01220703125,17.12165390874333,0.13422818341188975,-0.9909504502133011,-0.0011116401198857054,16.743418984784775,32.371475977711455,641.5383911132812
0,neg_hard,2015-07-25,25.06513964504399,92.37620670056408,25.0,92.5,16,20,25.99094009399414,60.817138671875,161.02456665039062,335.0703125,419.5994567871094,101.01673889160156,13.0,20.27237892150879,195.40750122070312,3.0,2015,7,-0.3913578365610259,-0.9202385798054075,25_92,25.04306411743164,8.2993767988783,-0.03766792710553429,-0.9992903118051191,0.002574797040125424,10.07172920487749,30.81672267094523,310.6651306152344
0,neg_general,2014-06-15,26.87665061344487,94.53386189143656,27.0,94.5,24,28,6.3870744705200195,17.985267639160156,46.31093978881836,77.24864959716797,115.88317108154297,23.95309066772461,11.0,5.995089054107666,54.220054626464844,60.0,2014,6,0.2821076626819194,-0.9593827529490743,26_94,91.84969329833984,0.17209890462694763,-0.9772381626462193,-0.21214517073891034,2.6090397262753844e-05,0.9998198137961424,3.496726278791826,18.596900939941406
0,neg_hard,2016-08-16,27.2119661077026,88.19714498390115,27.25,88.25,25,3,1.834648847579956,12.603293418884277,105.84834289550781,159.9532928466797,392.5209655761719,88.01618957519531,11.0,4.2010979652404785,118.35590362548828,21.0,2016,8,-0.7157953492826642,-0.6983101158835584,27_88,2068.95458984375,24.272044387078626,0.753062445143669,0.6579490510018526,-0.006367123439315343,21.341169027510706,41.490210798478095,1134.3297119140625
0,neg_general,2010-09-11,25.545132895890294,90.65407371103393,25.5,90.75,18,13,74.85826110839844,190.66709899902344,282.91705322265625,452.49871826171875,1570.788818359375,190.66709899902344,14.0,63.55569839477539,404.0633850097656,0.0,2010,9,-0.9417589340994617,-0.33628873017668287,25_90,483.93218994140625,10.774186729140178,-0.9314293285875613,-0.3639222524756142,-0.0025623193036045035,9.23740613145793,29.687127281466225,365.7090148925781
0,neg_wet,2011-07-22,26.909604597439266,94.65472572383463,27.0,94.75,24,29,28.821910858154297,28.821910858154297,76.34965515136719,174.0345916748047,381.06353759765625,67.48489379882812,10.0,9.607303619384766,127.44993591308594,31.0,2011,7,-0.34336687399638804,-0.939201357453208,26_94,94.11753845214844,1.06220960086203,0.983792860592737,-0.17930869317118905,0.0005819929794591041,0.9998431288331697,4.584016818252127,16.946250915527344
1,pos,2010-08-27,25.4786,94.1327,25.5,94.25,18,27,13.420442581176758,25.349668502807617,150.4341583251953,235.22097778320312,346.9062194824219,93.69940948486328,13.0,8.449889183044434,147.56289672851562,30.0,2010,8,-0.8247650844733614,-0.5654755126737576,25_94,1759.3846435546875,4.72324549547369,0.58189026663147,0.8132673100522095,-0.0036174457546186123,16.33734798448185,37.17178835071132,585.3182373046875
0,neg_general,2012-08-07,27.174751888904474,93.81698505702911,27.25,93.75,25,25,35.674381256103516,47.68238830566406,105.05807495117188,285.99212646484375,608.0642700195312,93.12144470214844,12.0,15.894129753112793,182.80148315429688,29.0,2012,8,-0.5995514915196489,-0.8003361849976323,27_93,352.7534484863281,6.17458259330473,-0.2208827350571967,-0.9753003728870672,0.001312146331091686,10.457963167362701,25.936967275153233,191.1815185546875
1,pos,2016-05-01,28.0822,96.5316,28.0,96.5,28,36,33.68991470336914,94.44059753417969,190.2925262451172,511.920654296875,876.386474609375,182.19284057617188,15.0,31.480199813842773,306.22308349609375,6.0,2016,5,0.8638670987837349,-0.503719798736334,28_96,589.3150634765625,22.623491398327648,-0.9846188928244707,0.17471587189810048,-0.00792965184951333,27.576153406275658,50.628276113678496,959.99658203125
0,neg_hard,2015-08-22,25.31979419780115,93.15738776930844,25.25,93.25,17,23,5.7688469886779785,13.849393844604492,22.99066162109375,81.98561096191406,206.1513671875,46.822906494140625,6.0,4.616464614868164,54.523860931396484,60.0,2015,8,-0.7731383255706026,-0.6342374393978054,25_93,319.9352111816406,3.595533476822606,0.9982780004877461,-0.058660325111505915,0.007042373175074529,8.015115093154684,22.103629013051957,154.49893188476562
0,neg_hard,2012-08-24,23.797560547829914,92.60551232376228,23.75,92.5,11,20,1.6932979822158813,17.2750244140625,51.40534210205078,119.31491088867188,327.4897155761719,37.60425567626953,12.0,5.758341312408447,83.597900390625,60.0,2012,8,-0.8048257371083452,-0.593511190196115,23_92,370.71185302734375,29.723851430029455,0.46953917949693025,-0.8829116370947602,0.003828671967691854,15.42307089816661,44.50871462192783,506.275634765625
0,neg_general,2015-07-08,27.77565346545729,88.26162590466217,27.75,88.25,27,3,14.854000091552734,41.4217414855957,88.98138427734375,272.0643005371094,670.85009765625,119.06626892089844,13.0,13.807247161865234,184.75320434570312,7.0,2015,7,-0.10944576864891556,-0.993992768446958,27_88,5527.048828125,21.27677433859596,-0.9349262031892723,-0.3548422108347475,0.003266654710800265,24.8193391706097,42.46772483331662,1139.44775390625
0,neg_general,2011-06-22,23.990112470315353,91.55852165684962,24.0,91.5,12,16,14.615659713745117,51.44451141357422,67.45843505859375,276.5396728515625,654.1814575195312,111.82005310058594,12.0,17.148170471191406,164.8107452392578,22.0,2011,6,0.16481784665719793,-0.9863240225317866,23_91,60.69275665283203,2.427739594681676,0.9808174930348261,-0.1949283082491583,-0.0003518834874132299,1.493390367112803,4.642678473307879,37.240562438964844
0,neg_wet,2008-09-30,23.28810710776032,92.83129012167788,23.25,92.75,9,21,6.748445987701416,31.114774703979492,68.61872863769531,170.753173828125,320.531005859375,55.97361755371094,15.0,10.371591567993164,107.49298858642578,60.0,2008,9,-0.9999994220246925,0.001075151282798226,23_92,595.1546020507812,26.92321990186076,-0.6300748544488828,-0.7765344021942745,-0.0061414220728779915,18.397192691606072,36.92683360918939,821.0476684570312
0,neg_general,2010-05-23,27.95777325136572,88.8025072783502,28.0,88.75,28,5,2.4566493034362793,24.73939323425293,98.59730529785156,217.9302215576172,380.6845703125,83.14229583740234,13.0,8.246464729309082,131.88702392578125,60.0,2010,5,0.6300720909843687,-0.7765366444428655,27_88,5520.470703125,25.106316900741557,-0.5646895446567027,-0.8253034097563184,0.006748955370435556,25.40692086287157,64.58969199938346,1090.330078125
0,neg_hard,2009-08-31,25.44641255741525,94.10513955310466,25.5,94.0,18,26,0.14532586932182312,8.71821117401123,67.54302215576172,182.5270233154297,338.29449462890625,86.62631225585938,8.0,2.9060704708099365,115.02281951904297,8.0,2009,8,-0.8616928164028522,-0.5074302810827518,25_94,1424.9075927734375,16.75381834660678,-0.9935894375157112,0.11304879325854227,0.0027769541637293824,17.935010413970094,35.943102268325916,606.247802734375
0,neg_general,2007-09-25,26.22209160952169,94.84739319169641,26.25,94.75,21,29,10.303424835205078,17.461593627929688,50.541011810302734,163.23922729492188,464.08447265625,54.4025993347168,10.0,5.820531368255615,105.19934844970703,29.0,2007,9,-0.994788305609327,-0.10196189005174576,26_94,1741.5811767578125,21.25800892583802,-0.842613738388942,-0.538518419256214,-0.012004605870548905,25.13798004827091,44.34591820977863,933.48095703125
0,neg_hard,2007-07-09,25.487638392637933,91.86190610221921,25.5,91.75,18,17,2.2828023433685303,32.636390686035156,59.9383430480957,123.08716583251953,430.70318603515625,50.62348556518555,11.0,10.878796577453613,96.5737533569336,22.0,2007,7,-0.12652781683868314,-0.9919630595773397,25_91,1832.1396484375,2.6245393963083132,0.814410620270324,0.5802890155697472,0.0009437426181272943,4.614267932029995,14.78806299264342,116.1009521484375
0,neg_wet,2009-08-16,24.930257850421036,92.95033112678924,25.0,93.0,16,22,21.9256591796875,71.12843322753906,113.89291381835938,338.40203857421875,540.9653930664062,136.2433624267578,13.0,23.7094783782959,194.381591796875,13.0,2009,8,-0.7036774074790128,-0.7105196029692745,24_92,32.75318908691406,0.9138836210464211,-0.9544091412536432,0.2985015763634817,-9.70066304488791e-05,1.571367760476029,10.87575197100878,43.78506851196289
0,neg_general,2011-10-02,26.209384683032795,93.06289594293115,26.25,93.0,21,22,5.682868957519531,17.25855827331543,27.638547897338867,63.554054260253906,141.1627197265625,21.034399032592773,9.0,5.752852916717529,44.596073150634766,60.0,2011,10,-0.999832969770105,0.018276557681691223,26_93,76.6262435913086,0.332943078053879,-0.3007146702197942,-0.9537141537770111,0.00015753791693272036,3.151708432060729,28.27068898462029,149.51424407958984
0,neg_wet,2014-08-24,26.9315427152056,90.65086401640333,27.0,90.75,24,13,50.58517074584961,72.36128234863281,154.25350952148438,497.9438781738281,620.279052734375,226.90147399902344,13.0,24.12042808532715,264.54931640625,0.0,2014,8,-0.7944973291665992,-0.6072676460566135,26_90,1624.486572265625,24.562313270862287,-0.2409054276949426,0.9705485948200208,-0.006363822279553806,28.978547934372703,50.59496653215472,1292.1649780273438
1,pos,2010-08-14,26.148,94.8422,26.25,94.75,21,29,19.046655654907227,38.31195831298828,69.36610412597656,175.20855712890625,370.9735107421875,73.90652465820312,10.0,12.770652770996094,114.82540893554688,60.0,2010,8,-0.6788204829862355,-0.734304263829602,26_94,1481.805419921875,30.04839114230339,0.35750271212094376,0.933912100160486,0.002981927093186328,25.160281092132852,43.863516499524465,1049.1571044921875
1,pos,2010-07-06,26.7225,95.0281,26.75,95.0,23,30,33.48929214477539,108.63214111328125,153.7348175048828,292.67083740234375,626.0549926757812,108.63214111328125,14.0,36.21071243286133,217.26231384277344,2.0,2010,7,-0.07518957641475855,-0.9971692572470178,26_95,702.7037353515625,7.405335381865543,-0.9144252678753677,-0.4047547769589162,0.002480135925271104,13.329675610564008,34.518935011164686,361.8914794921875
0,neg_general,2009-05-23,26.44163295042987,92.64610426838938,26.5,92.75,22,21,0.0,0.6283774971961975,8.339256286621094,40.71946334838867,105.55941009521484,35.42772674560547,6.0,0.20945917069911957,25.961559295654297,60.0,2009,5,0.6300720909843687,-0.7765366444428655,26_92,59.83313751220703,0.08270355345996858,0.9998271118827069,-0.018594255679778984,0.00013049903779659006,0.8898113411066835,4.2942184814406,15.9677734375
0,neg_general,2013-09-02,24.485058758008012,94.24090268448909,24.5,94.25,14,27,6.117709636688232,6.550323009490967,50.77674865722656,82.45597076416016,322.0828552246094,43.594215393066406,6.0,2.183440923690796,67.84859466552734,19.0,2013,9,-0.8786374941610001,-0.4774894280028391,24_94,726.0797729492188,20.12721528960919,-0.9520374364105343,0.30598156753774874,0.0019907549675793217,20.280463392785293,34.07348771622036,698.5818481445312
0,neg_wet,2007-07-06,26.76878635761098,89.82822519371558,26.75,89.75,23,9,39.234535217285156,77.88041687011719,96.27236938476562,212.28042602539062,761.0344848632812,77.88041687011719,12.0,25.96013832092285,184.79827880859375,17.0,2007,7,-0.07518957641475855,-0.9971692572470178,26_89,967.619140625,35.443864201768214,0.21169941541525827,-0.9773348236468595,-0.005622768256124057,31.49988908786952,57.01100309732278,1446.1143798828125
0,neg_general,2007-09-06,25.541582477988456,93.90398092424356,25.5,94.0,18,26,35.895606994628906,63.4703369140625,116.46858215332031,250.65573120117188,435.5693054199219,66.91858673095703,14.0,21.15677833557129,159.52694702148438,60.0,2007,9,-0.9093882203647925,-0.4159483918249421,25_93,2387.0537109375,10.617605820725416,-0.35115975796937615,0.9363155581228421,0.00049279354516321,27.076988421941746,55.630243709646784,1028.9832763671875
0,neg_general,2007-08-13,26.680492119671154,92.47286022102064,26.75,92.5,23,20,9.09520149230957,15.979215621948242,15.979215621948242,69.69380950927734,327.0154113769531,52.7552490234375,8.0,5.326405048370361,69.18514251708984,18.0,2007,8,-0.666088855860977,-0.7458723993404063,26_92,72.89794921875,1.2692903573939915,-0.8423035690401433,-0.5390034300282667,0.00038985625803563323,0.914107207051101,3.2277117811594094,17.61414337158203
0,neg_hard,2015-07-17,28.033143253931875,93.3359375442212,28.0,93.25,28,23,0.0,34.25869369506836,68.33352661132812,130.1105194091797,320.7174987792969,52.279354095458984,9.0,11.419564247131348,102.64844512939453,37.0,2015,7,-0.2614143985111562,-0.965226663665613,28_93,2132.722900390625,22.253614203681632,0.8785856433152516,-0.47758482739752695,-0.010633878505005351,29.411956540038307,53.82884066608728,1137.7828369140625
0,neg_wet,2015-07-06,28.070674373040198,93.79209872791235,28.0,93.75,28,25,0.0,38.793426513671875,145.83621215820312,198.10748291015625,519.6577758789062,119.97632598876953,10.0,12.93114185333252,143.66986083984375,6.0,2015,7,-0.07518957641475855,-0.9971692572470178,28_93,920.3968505859375,43.919871721835186,-0.7616133244637477,-0.6480317461353865,-0.005780508598286101,35.58787829985945,52.63548284248828,1179.1904296875
0,neg_general,2012-08-10,29.382745296431352,95.48063655853446,29.5,95.5,34,32,0.0,0.0,0.0,0.0,0.0,0.0,0.0,0.0,3.3528090697249624e-27,60.0,2012,8,-0.6400381082043503,-0.7683431655492202,29_95,3093.2509765625,35.28640266137597,-0.35391705267926526,0.9352768145435992,0.002539394768171041,27.203390095341305,46.74602027476412,908.238037109375
0,neg_hard,2011-11-02,26.906056438850943,93.8278155505345,27.0,93.75,24,25,0.13815927505493164,5.800363063812256,9.503988265991211,15.150630950927734,19.413114547729492,5.800363063812256,3.0,1.9334543943405151,10.576663970947266,60.0,2011,11,-0.8517119107469189,0.5240103253675756,26_93,82.33715057373047,1.4218231150796086,-0.13785741497309134,-0.9904520852302432,1.2647164936984822e-05,0.7891353305268447,3.1632762614069043,14.709030151367188
0,neg_general,2008-09-16,26.73427041516495,91.19144466803002,26.75,91.25,23,15,0.0,0.0,0.0,249.35507202148438,499.2408142089844,186.54652404785156,6.0,0.0,107.67874908447266,11.0,2008,9,-0.97139528468375,-0.23746831555846842,26_91,60.0639762878418,1.6700403317285486,-0.7879962531688832,0.6156800345892348,0.0008437899639189424,0.6180173168629283,2.5356832378706913,14.720203399658203
0,neg_hard,2016-08-24,23.965152050663125,91.78576656291995,24.0,91.75,12,17,0.0,0.0,48.40005874633789,304.4458312988281,371.8019104003906,245.10104370117188,6.0,0.0,132.34275817871094,8.0,2016,8,-0.8048257371083452,-0.593511190196115,23_91,118.23025512695312,5.754320157131153,0.7903138125525188,0.6127022749171919,0.0016830002078545008,5.578683649040485,21.000388357809925,119.20524597167969
1,pos,2016-07-25,25.48,94.1383,25.5,94.25,18,27,2.6438493728637695,10.228721618652344,27.05740737915039,124.54743194580078,292.1579895019531,59.810394287109375,11.0,3.409573793411255,74.695556640625,37.0,2016,7,-0.4071294853542516,-0.9133704517637858,25_94,1701.8209228515625,15.321055718072692,0.7879556776323718,-0.6157319628595789,-0.0026520721379765374,14.830955829165497,29.407100444257605,577.1971435546875
0,neg_general,2008-06-17,28.14120150867943,92.68242519668817,28.25,92.75,29,21,24.965286254882812,36.398170471191406,333.2767333984375,390.01422119140625,777.1260375976562,256.766845703125,12.0,12.132723808288574,305.47808837890625,3.0,2008,6,0.23224292400907015,-0.9726578145718654,28_92,5404.71923828125,14.39052500890339,0.9922799136807603,-0.12401843776512773,-0.00228594681842285,23.82924839948338,49.00352855477095,964.2236328125
0,neg_hard,2013-06-04,27.73164173216343,88.63487811725133,27.75,88.75,27,5,58.980342864990234,70.0050277709961,188.2764129638672,268.2138671875,489.999267578125,111.32865905761719,13.0,23.33500862121582,193.8791961669922,0.0,2013,6,0.4575313760742512,-0.8891934772070711,27_88,3417.38525390625,15.090602446594962,-0.8715810419624083,0.4902514531255597,0.006441761890024666,30.794199376455936,52.31073082269585,1405.85107421875
0,neg_general,2013-01-10,23.920143646901312,88.33917935839247,24.0,88.25,12,3,0.0,0.0,0.0,0.35013240575790405,1.2235441207885742,0.35013240575790405,0.0,0.0,0.25523850321769714,60.0,2013,1,0.17117705961019986,0.985240282501282,23_88,16.399290084838867,0.08671091460863453,0.5324195687051598,-0.8464805980409779,-0.0007871108492893932,0.3150288536175728,1.5360414994778282,7.911802291870117
0,neg_general,2016-07-24,26.53548586927278,91.2763635184331,26.5,91.25,22,15,12.5123291015625,54.090431213378906,112.43540954589844,205.7449188232422,311.42755126953125,109.27740478515625,9.0,18.03014373779297,146.1709747314453,17.0,2016,7,-0.3913578365610259,-0.9202385798054075,26_91,47.21018981933594,0.12457468271389578,-0.18005661512290808,-0.9836562485698349,7.446825843765397e-05,0.7936421768336067,3.308859169210837,15.737178802490234
0,neg_hard,2015-06-28,25.20169182393387,92.4585069895177,25.25,92.5,17,20,15.370723724365234,34.300880432128906,45.233856201171875,89.07853698730469,348.3156433105469,104.68458557128906,11.0,11.433627128601074,94.49131774902344,15.0,2015,6,0.062318379354325076,-0.998056320853012,25_92,509.5965881347656,7.250079038523034,-0.7969284873975032,-0.6040736593945538,-0.00032220036803580823,7.094212385247994,20.575269131101134,250.06680297851562
0,neg_general,2012-09-08,29.147579900872763,94.83646374781316,29.25,94.75,33,29,0.0,0.0,0.0,0.0,0.0,0.0,0.0,0.0,1.909863475679293e-28,60.0,2012,9,-0.9296339319682695,-0.3684843993077793,29_94,3517.031494140625,33.80482983341236,0.4007120867503205,0.9162040294236888,0.0014581052518275453,31.009197224180586,48.16842719518472,1455.390625
0,neg_general,2009-07-08,27.699607762660833,94.83887046180142,27.75,94.75,27,29,16.282920837402344,47.458152770996094,130.25811767578125,288.5179138183594,429.5398864746094,109.7674560546875,14.0,15.819384574890137,166.189697265625,9.0,2009,7,-0.10944576864891556,-0.993992768446958,27_94,127.45918273925781,0.4381809640436804,0.24715490644520782,-0.9689759812400205,1.0717522668098332e-05,4.312834130171534,27.077732577379077,197.08966064453125
1,pos,2015-06-19,25.16,93.686,25.25,93.75,17,25,0.4324156939983368,9.342170715332031,31.161640167236328,74.3132553100586,114.81016540527344,35.86565017700195,8.0,3.1140568256378174,42.79079055786133,60.0,2015,6,0.21547731504673012,-0.976508846196619,25_93,1024.9775390625,35.3587290571484,0.5588982084330464,-0.8292362706794313,0.0029395900485361557,19.780651071911773,38.48206260680217,755.62109375
0,neg_general,2015-02-08,25.964071715467618,91.45008432138665,26.0,91.5,20,16,0.0,0.0,0.0,0.5494058728218079,2.827270746231079,0.5494058728218079,0.0,0.0,0.7395463585853577,60.0,2015,2,0.6216868902665479,0.7832658619336791,25_91,127.5735092163086,17.476429387981682,0.9694589408478432,0.24525366869871265,-0.0023478513142397963,5.660356814488182,30.06360496964881,194.09704208374023
0,neg_hard,2008-09-06,28.089489094066657,93.00560635651573,28.0,93.0,28,22,1.2144566774368286,39.55900192260742,250.0938720703125,422.6455383300781,865.9022827148438,156.58279418945312,14.0,13.186333656311035,287.8329772949219,3.0,2008,9,-0.9164086366943458,-0.4002439388573056,28_93,3746.293212890625,25.866983925562756,0.3823466765116603,-0.9240189494596351,-9.678817210715128e-05,21.615032836397354,47.42850759176008,971.786865234375
1,pos,2014-05-09,24.8669,92.3576,24.75,92.25,15,19,53.40251159667969,145.59080505371094,175.5220489501953,238.4928436279297,248.6241455078125,145.59080505371094,10.0,48.530269622802734,172.59304809570312,0.0,2014,5,0.7971015927871943,-0.6038452208771035,24_92,18.605215072631836,0.8089613439069555,0.4999555480816807,-0.8660510665903866,-0.00027901981351654247,0.9788769792385587,5.1537251052848125,26.480113983154297
0,neg_hard,2014-04-03,26.073268281936038,94.47375274316141,26.0,94.5,20,28,0.0,3.8289263248443604,19.893413543701172,41.123924255371094,41.30231475830078,21.104238510131836,7.0,1.2763087749481201,19.91668701171875,60.0,2014,4,0.9995786855478958,-0.029025013321975237,26_94,936.8543090820312,20.001641936014433,-0.509633318126257,0.8603917021076048,-0.0008449826052703059,21.032941111881755,39.833628274631096,860.5117797851562
0,neg_general,2008-07-13,23.68343859811818,88.08209825601773,23.75,88.0,11,2,0.2909063696861267,0.2909063696861267,1.6768627166748047,90.34542083740234,243.002197265625,72.15321350097656,5.0,0.09696879237890244,50.07497787475586,11.0,2008,7,-0.2112757555821793,-0.9774264960104055,23_88,19.944726943969727,1.3181776123976015,0.9482237068624323,0.31760321431633537,-0.0010686530077336238,0.26229978262910814,1.6829503362681375,8.633543014526367
0,neg_general,2010-07-25,26.324364779489162,91.43210186306104,26.25,91.5,21,16,6.970615863800049,19.52004623413086,49.95393371582031,100.40357971191406,229.0177001953125,36.506412506103516,8.0,6.5066819190979,66.85334777832031,27.0,2010,7,-0.3913578365610259,-0.9202385798054075,26_91,44.426300048828125,0.026432448081150924,0.005966947196140637,-0.9999821976121167,2.557321392837567e-05,0.4516062444820568,2.4978104761173094,12.18703842163086
0,neg_general,2016-11-16,26.19364692000523,91.77095242728774,26.25,91.75,21,17,0.0,0.0,0.0,7.314417839050293,18.52069664001465,5.236196517944336,0.0,0.0,6.790707111358643,60.0,2016,11,-0.6897960046655887,0.7240037789593305,26_91,167.95208740234375,12.971982299491412,-0.6068041665682321,0.7948513719151733,0.0026539032014158285,4.7692629860980595,21.985971858589256,167.07102966308594
1,pos,2009-08-16,27.15977181,88.63411246,27.25,88.75,25,5,79.59229278564453,121.57568359375,249.72195434570312,459.0951232910156,862.8805541992188,172.9739227294922,12.0,40.52522659301758,327.3158264160156,0.0,2009,8,-0.7036774074790128,-0.7105196029692745,27_88,781.8886108398438,35.27294924386559,0.8116786824520983,0.5841041999958789,-0.000508303525256233,22.874528277634294,44.239607684254125,776.2446899414062
1,pos,2013-07-01,26.72,95.029,26.75,95.0,23,30,11.359617233276367,29.3245906829834,115.74861907958984,201.13255310058594,313.9474792480469,82.02888488769531,14.0,9.774863243103027,123.98514556884766,60.0,2013,7,0.01075130776352193,-0.9999422030204416,26_95,688.4716186523438,9.329230387784577,0.22565054098943813,-0.9742083110665675,0.002359772696625808,13.238445101579378,34.518348751830096,355.01202392578125
0,neg_hard,2016-07-05,25.520384503700605,94.50838730200125,25.5,94.5,18,28,22.87956428527832,55.106040954589844,89.74116516113281,137.7345428466797,337.83319091796875,60.71651840209961,9.0,18.368680953979492,117.34434509277344,17.0,2016,7,-0.07518957641475855,-0.9971692572470178,25_94,995.72216796875,25.00574028742802,0.4616277380583623,-0.8870737463453193,-0.00175116602738235,20.271760685923706,36.20705628201324,626.586181640625
0,neg_hard,2016-08-25,26.972321089607888,87.87748458063356,27.0,88.0,24,2,0.0,1.163538932800293,62.97803497314453,170.55638122558594,373.1954650878906,69.17896270751953,7.0,0.38784632086753845,111.54792022705078,3.0,2016,8,-0.8149159841660791,-0.5795791048257612,26_87,1664.9864501953125,25.28850592477952,0.22609050583829857,-0.9741062997280031,-0.00015828161207623884,18.112026487035074,35.5732723057462,850.8046875
0,neg_general,2014-05-30,23.13224094182327,92.45333835264277,23.25,92.5,9,20,7.663193702697754,20.36241340637207,55.213294982910156,58.265098571777344,167.49183654785156,33.97212219238281,6.0,6.787471294403076,54.089942932128906,22.0,2014,5,0.5322271388474397,-0.8466016020976267,23_92,103.08074951171875,17.734744494668004,-0.9550123689271035,-0.29656597106924126,0.0009444297580184119,9.704941166805865,26.2769050939154,165.95606994628906
0,neg_hard,2010-10-28,25.418827427302478,88.15448553421226,25.5,88.25,18,3,0.0,0.0,6.057040214538574,13.117959976196289,84.24581909179688,10.32410717010498,2.0,0.0,19.190263748168945,42.0,2010,10,-0.8935790198239952,0.4489059314938798,25_88,24.7824649810791,0.1638967098695936,-0.47292366905813604,0.8811034009947928,0.000106891111919903,0.3211088785019483,2.1839230726720853,9.120864868164062
0,neg_wet,2010-08-16,27.560152925960683,94.88491125381502,27.5,95.0,26,30,9.897080421447754,32.61125564575195,70.1780014038086,166.4666748046875,442.72479248046875,86.18740844726562,11.0,10.870418548583984,110.74928283691406,13.0,2010,8,-0.7036774074790128,-0.7105196029692745,27_94,102.5,0.058371431874565595,-0.7459658302226343,-0.6659842191375527,0.0,0.01429293423880848,0.6028830986961248,0.5
0,neg_general,2016-08-22,27.495767169421793,94.71352578581003,27.5,94.75,26,29,0.0,0.0,8.293936729431152,82.97176361083984,261.0041198730469,71.46940612792969,4.0,0.0,55.21640396118164,9.0,2016,8,-0.7839338166829201,-0.620844401650647,27_94,100.05365753173828,0.11127875081530965,0.6293273327484528,-0.777140340128936,-0.00026839237466638136,0.27166448154174855,2.580542941029469,12.399269104003906
0,neg_general,2007-06-04,28.969772095780367,96.3711808805141,29.0,96.25,32,35,0.0,0.0,0.0,0.0,0.0,0.0,0.0,0.0,0.0,60.0,2007,6,0.4575313760742512,-0.8891934772070711,28_96,4216.49365234375,37.32088303884692,-0.13038991841843248,-0.9914627926326003,-0.004696009171859654,30.430963481719658,47.844830578517936,1062.788818359375
0,neg_wet,2015-08-15,26.94819663982841,95.311635033649,27.0,95.25,24,31,21.010347366333008,37.720245361328125,71.18617248535156,152.89157104492188,228.4888153076172,60.148433685302734,13.0,12.57341480255127,96.3995361328125,60.0,2015,8,-0.6913512362094071,-0.722518835873311,26_95,516.4243774414062,20.529256276730035,0.6540963119849321,-0.7564112734800497,0.0024735195643298845,19.198696992256757,35.297368392454345,598.1815185546875
0,neg_hard,2016-04-18,25.91230671818311,92.10188306374283,26.0,92.0,20,18,21.975908279418945,41.44635009765625,84.1695327758789,111.25394439697266,150.8157501220703,55.19228744506836,8.0,13.815449714660645,81.75641632080078,60.0,2016,4,0.9540665500578387,-0.2995947563972602,25_92,850.3905029296875,1.8990869632050664,-0.17982935458005464,0.9836978210971705,-0.0035646579663929914,9.217517881406232,26.683184536955043,192.19696044921875
0,neg_hard,2009-09-07,25.696867232074982,94.48115342964167,25.75,94.5,19,28,0.0,0.24953992664813995,13.312494277954102,82.57909393310547,304.4150695800781,78.79093170166016,6.0,0.08317997306585312,66.85034942626953,15.0,2009,9,-0.9164086366943458,-0.4002439388573056,25_94,1003.3419799804688,21.97822539307679,0.0759453243551605,0.997111983534743,-0.0023658579507979133,22.609150094253966,35.81770766629705,717.8057861328125
0,neg_wet,2016-06-24,26.086130875572003,89.7086791282913,26.0,89.75,20,9,88.22785186767578,162.79168701171875,224.7435302734375,450.177001953125,570.7394409179688,188.76431274414062,13.0,54.26389694213867,293.2650146484375,0.0,2016,6,0.11371951458594969,-0.9935128947338007,26_89,35.42496871948242,0.9588982123144969,0.33423693125976306,0.9424890841713003,-0.0008271535583941384,0.765713194049948,2.6961305679848935,14.230743408203125
0,neg_wet,2015-06-28,24.464799942375734,88.42240623152836,24.5,88.5,14,4,17.383220672607422,124.68177795410156,158.70677185058594,194.3164825439453,244.2230682373047,124.68177795410156,10.0,41.56059265136719,148.23670959472656,2.0,2015,6,0.062318379354325076,-0.998056320853012,24_88,18.660249710083008,0.16121946927989242,-0.10740322525721699,-0.9942155436344513,0.00010596060985566252,0.8974738429564701,2.970627721707022,20.2946138381958
1,pos,2009-08-16,26.74452462,88.40011959,26.75,88.5,23,4,77.12352752685547,114.0804443359375,199.72520446777344,421.3964538574219,916.5275268554688,185.51380920410156,11.0,38.02681350708008,316.99334716796875,0.0,2009,8,-0.7036774074790128,-0.7105196029692745,26_88,129.39508056640625,0.3985740469863795,0.7004601573663954,-0.7136915075452731,-0.00029919442437008375,0.715932362406571,3.828051572668877,21.096458435058594
0,neg_general,2011-07-21,27.841491154735753,93.66191074082649,27.75,93.75,27,25,0.0,215.0817108154297,400.9150085449219,605.3656616210938,1094.8133544921875,280.41387939453125,14.0,71.69390106201172,440.32843017578125,2.0,2011,7,-0.3271603271220951,-0.9449688462364056,27_93,1300.9525146484375,8.824970219661093,-0.6437126433304137,0.7652672950130377,-0.009403984852306731,26.947810222199067,47.3151347444737,965.896484375
0,neg_general,2010-06-10,26.34480605051367,89.21133472244036,26.25,89.25,21,7,11.526992797851562,58.71247482299805,134.67098999023438,241.93223571777344,535.5477905273438,117.46949005126953,11.0,19.570825576782227,177.64788818359375,6.0,2010,6,0.36348161248290634,-0.9316013725767187,26_89,54.48078155517578,0.2714951666718163,-0.6491339306851069,-0.760674135246692,-0.000131379217512584,0.7283789669319941,3.1549721998156652,15.488750457763672
0,neg_general,2008-09-01,27.079558075945418,95.10515833224035,27.0,95.0,24,30,1.9749255180358887,33.35888671875,75.26746368408203,173.13426208496094,344.6417236328125,52.595558166503906,13.0,11.11962890625,106.38844299316406,29.0,2008,9,-0.8786374941610001,-0.4774894280028391,27_95,111.37271881103516,0.9093761951721948,0.982403495930847,-0.18677090561126053,-0.0007914042183825364,0.9231234563691365,3.920309965527735,14.576080322265625
0,neg_wet,2008-09-09,27.296292554513627,88.63173987859453,27.25,88.75,25,5,42.85952377319336,50.135581970214844,183.26065063476562,631.405029296875,985.656982421875,234.5341033935547,14.0,16.71186065673828,334.1699523925781,7.0,2008,9,-0.9358348973349941,-0.35243871088460327,27_88,1512.854248046875,33.409975491995176,-0.08780551504113737,-0.9961376368395889,0.0022215487114956587,24.375039556296866,46.87370623228498,972.2044067382812
0,neg_hard,2009-08-05,24.083205303595122,91.58440143890279,24.0,91.5,12,16,27.11420249938965,39.66647720336914,72.83409118652344,228.5259552001953,341.35858154296875,137.82644653320312,10.0,13.222159385681152,141.98953247070312,8.0,2009,8,-0.5574684374327892,-0.8301981337405212,24_91,24.343948364257812,0.27539342596835714,-0.9227317448019968,-0.38544276765125934,0.00014535030314390593,0.9478836059795147,3.482059006764548,18.383750915527344
0,neg_wet,2016-06-28,27.985225187301644,87.99526624403556,28.0,88.0,28,2,40.01411437988281,51.32573699951172,176.19479370117188,324.26715087890625,517.087158203125,128.31637573242188,14.0,17.108579635620117,206.94204711914062,6.0,2016,6,0.04514101777397193,-0.9989806246941579,27_87,5482.59716796875,20.33279196108111,-0.9237892511489564,-0.3829013181769559,0.004039366005139247,25.918397532285322,50.71929334978941,1060.80908203125
0,neg_general,2014-08-31,25.987689733027654,93.7009291931522,26.0,93.75,20,25,1.088624119758606,9.143975257873535,26.6728572845459,69.6763916015625,213.26531982421875,57.31608963012695,8.0,3.0479917526245117,58.64935302734375,34.0,2014,8,-0.8616928164028522,-0.5074302810827518,25_93,191.59698486328125,0.39516863397199714,0.9312492219533914,0.3643828846298947,-0.0009181878129970708,2.46759519017288,7.497674661791246,54.404388427734375
0,neg_hard,2016-08-31,24.976622794282598,93.43872542413538,25.0,93.5,16,24,17.989803314208984,31.262012481689453,46.355865478515625,70.37908935546875,112.76123046875,31.262012481689453,7.0,10.420670509338379,55.30160140991211,60.0,2016,8,-0.8702939222685674,-0.49253272872205434,24_93,380.532958984375,11.683057732233884,-0.997792379191024,-0.06641060177649204,-0.003302218626061508,15.370302773703532,39.24034692390787,317.4171447753906
0,neg_wet,2014-08-15,25.64737633144616,93.52379733590844,25.75,93.5,19,24,36.2846794128418,37.9875373840332,60.97634506225586,143.5614776611328,346.8889465332031,63.357269287109375,9.0,12.66251277923584,103.49003601074219,13.0,2014,8,-0.6913512362094071,-0.722518835873311,25_93,215.78887939453125,4.618703721925196,-0.7481179612368958,-0.6635657586665774,-0.0003694189214017622,2.6064817805801552,13.859197731728651,105.40267944335938
0,neg_hard,2014-08-15,23.95974218799811,94.0417552387361,24.0,94.0,12,26,16.600000381469727,17.38492202758789,23.664936065673828,79.6924819946289,115.55776977539062,41.30986022949219,6.0,5.794973850250244,41.22334671020508,60.0,2014,8,-0.6913512362094071,-0.722518835873311,23_94,1520.105712890625,25.828661102023954,-0.29516091269256245,0.9554475577542147,0.00785342185821306,19.822155312941696,35.45733286192303,732.7422485351562
0,neg_wet,2013-07-11,26.864533008042603,88.81194754532711,26.75,88.75,23,5,10.741433143615723,203.3195343017578,365.4036560058594,536.7630004882812,722.402587890625,235.74359130859375,14.0,67.77317810058594,367.852783203125,1.0,2013,7,-0.16057454459499376,-0.9870237158387383,26_88,162.257080078125,1.5996182742639706,-0.99969979544117,-0.024501408018371088,-3.492219510993858e-05,1.8342477205209065,12.288953019414844,49.30377197265625
0,neg_general,2014-06-07,24.701715510543934,94.13295579044099,24.75,94.25,15,27,0.0,0.0,2.2215542793273926,30.593475341796875,164.1883087158203,21.24178123474121,4.0,0.0,23.83843421936035,60.0,2014,6,0.4110537546870351,-0.9116111071930239,24_94,960.1325073242188,24.171869164194323,-0.8288997958323064,0.5593971116024471,0.0033717240409565836,14.237697477688927,32.88216667050844,432.5584716796875
0,neg_general,2010-07-14,25.604965645466518,88.04364010086073,25.5,88.0,18,2,11.692322731018066,27.505542755126953,77.34259796142578,185.89073181152344,582.7015380859375,126.74131774902344,9.0,9.168514251708984,153.09390258789062,15.0,2010,7,-0.2112757555821793,-0.9774264960104055,25_88,30.916942596435547,0.6267262727447924,0.38604005760736426,-0.9224820182109258,0.0003768008743915438,0.4432173950434316,2.3524613455875447,9.422405242919922
1,pos,2012-06-03,25.1775,93.0123,25.25,93.0,17,22,20.120386123657227,70.54338073730469,91.80425262451172,115.04547882080078,188.9210205078125,70.54338073730469,9.0,23.51445960998535,101.51012420654297,60.0,2012,6,0.4575313760742512,-0.8891934772070711,25_93,656.19873046875,10.957323306669487,0.02584393467949361,0.9996659897387137,-0.00028731076059206853,13.279639229548284,37.83226478003033,462.908935546875
0,neg_general,2009-08-04,24.04528980023289,88.14272381742704,24.0,88.25,12,3,37.64591979980469,47.45083999633789,61.89091110229492,72.37263488769531,121.2011947631836,47.45083999633789,7.0,15.816946983337402,66.67076110839844,31.0,2009,8,-0.5431052396834317,-0.8396646346181327,24_88,18.653932571411133,0.7759216806350349,0.22084794982404923,-0.9753082502770671,0.00011167761772509774,0.5976129797219947,1.9454294259591258,18.402926445007324
0,neg_hard,2011-08-03,25.287119234415016,93.30229021780005,25.25,93.25,17,23,0.0,4.338297367095947,13.971502304077148,63.372589111328125,209.9160614013672,29.815021514892578,11.0,1.4460991621017456,48.44287872314453,60.0,2011,8,-0.5285813283559292,-0.8488826652214553,25_93,595.7373657226562,6.269354641880186,-0.9035432251005787,0.42849695491898776,0.00540528613546121,15.797898983098685,33.877874770974906,603.6581115722656
0,neg_wet,2015-07-06,27.136486090998496,96.05201852592378,27.25,96.0,25,34,7.997989654541016,29.008541107177734,66.91157531738281,160.45372009277344,419.858642578125,104.62144470214844,9.0,9.669513702392578,110.92259979248047,7.0,2015,7,-0.07518957641475855,-0.9971692572470178,27_96,1003.8201904296875,8.072069977961686,0.11994894574276743,0.9927800614512756,0.0005707258919518913,10.40879505770523,28.08823569862263,347.392333984375
0,neg_wet,2011-06-14,23.117982532856736,92.3916685502863,23.0,92.5,8,20,3.587800979614258,31.187170028686523,47.38575744628906,60.627601623535156,291.12353515625,55.24030685424805,7.0,10.395723342895508,72.20433807373047,60.0,2011,6,0.2985688173637202,-0.9543881083175908,23_92,91.80171203613281,10.292916909347595,0.985324501938931,0.17069161045229383,-0.0004392701765764111,6.935768006829812,33.52475620981791,304.1785316467285
0,neg_general,2014-05-30,26.180203373468448,89.31306441355191,26.25,89.25,21,7,1.4858332872390747,116.12812042236328,162.41615295410156,321.0582580566406,628.285888671875,116.96014404296875,8.0,38.709373474121094,228.7683868408203,1.0,2014,5,0.5322271388474397,-0.8466016020976267,26_89,41.04145812988281,0.2922090162495622,0.7970220825205243,0.603950163485901,-5.774106168354376e-05,0.5324981937209743,2.631494710995057,11.827461242675781
0,neg_hard,2013-07-15,26.12827346900823,94.53712104496606,26.25,94.5,21,28,6.963025093078613,12.503961563110352,71.06181335449219,226.61326599121094,356.5415344238281,73.80918884277344,13.0,4.16798734664917,117.3880386352539,60.0,2013,7,-0.2280577712215198,-0.9736476020539838,26_94,1433.0560302734375,19.82977846637852,0.9314122316186421,0.36396600774135635,-0.004507895445626934,21.190897224375366,37.15720082421543,896.079345703125
0,neg_general,2007-07-31,24.154722897569155,88.38535617708426,24.25,88.5,13,4,4.36996603012085,15.788610458374023,63.47658157348633,225.97386169433594,393.4124450683594,120.71185302734375,13.0,5.2628703117370605,121.54871368408203,9.0,2007,7,-0.48408852163897587,-0.8750190302029955,24_88,17.347705841064453,0.07519794126343103,-0.8809805877903122,-0.4731524108959354,0.00011264331428681763,0.5372813557259991,2.203869464713744,10.401561737060547
1,pos,2015-08-19,25.2193,90.5549,25.25,90.5,17,12,568.7944946289062,1125.3583984375,1666.8671875,1751.72705078125,2312.579345703125,1125.3583984375,12.0,375.1194763183594,1512.6507568359375,0.0,2015,8,-0.7393922635959241,-0.673274892250183,25_90,277.8585205078125,2.0062643835276974,0.3336598039370247,0.9426935531956853,-0.005039815887250517,10.689797894764805,24.087996111994478,231.79859924316406
0,neg_general,2007-07-15,27.60435570128468,92.20038584824057,27.5,92.25,26,19,1.7360625267028809,20.75141716003418,48.24073791503906,129.06546020507812,358.1528015136719,55.1812744140625,7.0,6.917139053344727,92.33649444580078,28.0,2007,7,-0.2280577712215198,-0.9736476020539838,27_92,4504.494140625,40.33277195025169,-0.9266349506128853,0.3759623229828432,-0.0063082915175761796,21.22388021346239,45.14081208721574,738.4501953125
0,neg_hard,2012-06-25,27.736004664615084,93.81268104635204,27.75,93.75,27,25,43.95586395263672,150.509765625,216.7486572265625,458.86651611328125,662.2628173828125,167.61322021484375,14.0,50.169921875,273.6704406738281,1.0,2012,6,0.0966127018812031,-0.9953220513156602,27_93,1676.8753662109375,17.676839837471544,-0.9960771753463175,-0.08848876060891361,-0.007170557216392363,18.788863530362026,41.98770003216557,785.63525390625
0,neg_general,2009-09-09,27.85531546036093,96.99102842610127,27.75,97.0,27,38,2.358710765838623,23.728179931640625,25.693771362304688,34.615482330322266,136.2760772705078,23.728179931640625,3.0,7.909393310546875,35.91289520263672,60.0,2009,9,-0.9296339319682695,-0.3684843993077793,27_96,1728.4678955078125,36.68552179410169,-0.7392293389348619,-0.6734537730668135,-0.0011946483921033719,34.48221045543728,50.426667733092124,1377.8385009765625
0,neg_general,2008-06-08,25.2330315290993,88.47049921568883,25.25,88.5,17,4,2.9244768619537354,8.661396026611328,14.162028312683105,20.745433807373047,47.134422302246094,8.935601234436035,5.0,2.887131929397583,16.290794372558594,60.0,2008,6,0.37945284372454435,-0.925211078289358,25_88,22.5,0.3426104335830329,-0.8983507622685489,-0.43927884985680465,0.00011861528547431895,0.5772551923394942,3.527918718655038,18.64055633544922
0,neg_hard,2013-08-11,27.24267274386184,88.60505926892048,27.25,88.5,25,4,6.723352432250977,38.00093078613281,65.13644409179688,205.55638122558594,437.5579528808594,85.67191314697266,15.0,12.666976928710938,130.9822998046875,32.0,2013,8,-0.6400381082043503,-0.7683431655492202,27_88,1453.1400146484375,10.431908344145581,-0.9364968476795774,0.3506759961648563,-0.013026930348270196,19.98100440145055,39.20814620147092,583.864990234375
0,neg_general,2007-06-28,26.611410272950227,93.48143680911039,26.5,93.5,22,24,13.012927055358887,29.9879150390625,73.28897094726562,116.16874694824219,203.38253784179688,39.001853942871094,13.0,9.9959716796875,77.59001159667969,60.0,2007,6,0.062318379354325076,-0.998056320853012,26_93,72.99513244628906,2.2257609470517834,-0.10620370937930057,0.9943443931124051,0.000800342321031296,3.805433004247366,30.173109051306326,277.7972717285156
0,neg_wet,2013-07-26,25.176422333214333,92.7765533356837,25.25,92.75,17,21,40.79129409790039,53.50775909423828,64.20097351074219,161.5848846435547,285.32861328125,79.222900390625,9.0,17.835920333862305,107.06945037841797,11.0,2013,7,-0.4071294853542516,-0.9133704517637858,25_92,1168.843505859375,13.137384161961798,-0.6722856410895408,0.7402918456830557,-0.003114895037029832,11.61985469446947,25.63677088224501,391.6458740234375
0,neg_wet,2010-06-10,26.172950354713755,91.438071906382,26.25,91.5,21,16,3.4107584953308105,61.30186462402344,176.6861114501953,298.63836669921875,455.4081115722656,148.6722412109375,14.0,20.4339542388916,192.7648468017578,6.0,2010,6,0.36348161248290634,-0.9316013725767187,26_91,45.91511154174805,1.7247684463500592,0.6644592603733407,0.7473244886286766,-0.0015910252415696454,0.724490488698347,2.401339279777489,8.234046936035156
1,pos,2010-08-19,24.8961,93.4957,25.0,93.5,16,24,9.881393432617188,12.84670639038086,42.85710144042969,55.59445571899414,213.66259765625,26.64215087890625,6.0,4.282235622406006,57.536521911621094,35.0,2010,8,-0.7393922635959241,-0.673274892250183,24_93,1012.417236328125,19.030831898499,0.9287131036049553,-0.37079909815485196,-0.006294821893543733,28.712364029000575,56.27709931331118,1158.1769104003906
0,neg_hard,2016-06-03,25.885901718984694,91.86458622612267,26.0,91.75,20,17,0.0,9.96217155456543,36.426246643066406,95.86825561523438,206.9561767578125,34.21792221069336,9.0,3.32072377204895,65.19344329833984,60.0,2016,6,0.4575313760742512,-0.8891934772070711,25_91,588.75146484375,21.74747756541617,0.18032856536651545,-0.9836064296825506,0.0021757599632138353,17.494129275121825,40.45464495347344,502.3582763671875
1,pos,2010-07-19,26.7215,95.0283,26.75,95.0,23,30,43.551300048828125,94.09831237792969,165.93157958984375,286.048095703125,583.5467529296875,108.63214111328125,15.0,31.366104125976562,209.2737579345703,15.0,2010,7,-0.2944616217868012,-0.9556633054034704,26_95,714.2728881835938,5.917741877227077,-0.7032542801967641,0.7109384061822313,-0.002213963035695556,13.297965450415461,34.51870049922915,361.8914794921875
0,neg_general,2016-08-31,25.806806499302134,92.2082851843572,25.75,92.25,19,19,7.737835884094238,22.57000160217285,36.63539505004883,41.71105194091797,93.61219787597656,28.897560119628906,4.0,7.52333402633667,42.43427658081055,60.0,2016,8,-0.8702939222685674,-0.49253272872205434,25_92,877.1455688476562,8.72409762999228,0.5549919811160104,0.831855697159625,0.005942424598825658,13.68681169374514,37.56618470170088,371.61468505859375
0,neg_wet,2012-08-14,26.979156274029933,95.14732449201207,27.0,95.25,24,31,21.772729873657227,33.42136001586914,64.25183868408203,125.78776550292969,345.6378479003906,39.15909194946289,9.0,11.140453338623047,102.23722076416016,27.0,2012,8,-0.6913512362094071,-0.722518835873311,26_95,261.7375183105469,13.34733709422789,0.14832975266985224,-0.9889379578481657,-0.004133028896596799,7.424494061274636,27.685447858678334,230.3175506591797
0,neg_wet,2007-07-06,23.804398275121287,92.86191412793957,23.75,92.75,11,21,52.655216217041016,136.1988525390625,216.6315460205078,467.2508544921875,678.7321166992188,153.40554809570312,12.0,45.39961624145508,293.1243591308594,0.0,2007,7,-0.07518957641475855,-0.9971692572470178,23_92,211.8262481689453,16.59485942729063,-0.9758565851031645,0.21841228287527764,0.006337075758034599,24.20138847275807,43.30132268471901,592.1746063232422
0,neg_wet,2012-08-03,27.725356526242294,88.66325480234782,27.75,88.75,27,5,14.177352905273438,29.490190505981445,94.07856750488281,189.9253387451172,557.6764526367188,87.49555969238281,15.0,9.830063819885254,154.45138549804688,19.0,2012,8,-0.5431052396834317,-0.8396646346181327,27_88,4625.80126953125,35.61854145157559,-0.9321848694293993,-0.36198255373276456,0.0016786866306313173,30.23369025719627,54.79768224576557,1025.082763671875
0,neg_hard,2016-09-10,25.36171890774754,92.53423179768838,25.25,92.5,17,20,3.365429162979126,14.611138343811035,102.65653228759766,159.50489807128906,210.16944885253906,66.7369613647461,11.0,4.870379447937012,93.68841552734375,56.0,2016,9,-0.9417589340994617,-0.33628873017668287,25_92,928.0189819335938,11.926697603002587,0.43519825269374546,-0.9003346493678397,0.002639739279752966,9.446953067743413,20.177654339482984,254.22735595703125
1,pos,2010-10-10,25.6623,94.1072,25.75,94.0,19,26,0.0,73.32182312011719,92.84922790527344,138.9965362548828,330.6028137207031,90.336181640625,8.0,24.44060707092285,121.07588958740234,1.0,2010,10,-0.9878726596350429,0.15526624985999563,25_94,1371.4375,12.064300511686524,0.667438175286367,0.7446652148250278,0.004706033917506761,14.303332736754058,26.073628540545233,505.6746826171875
1,pos,2016-10-15,26.9343,88.4486,27.0,88.5,24,4,0.0,91.81056213378906,179.0132293701172,241.15652465820312,696.864501953125,155.90765380859375,9.0,30.6035213470459,215.01455688476562,1.0,2016,10,-0.9666180104000972,0.2562218218071163,26_88,303.0332336425781,29.88471713357053,0.9312414193155689,0.3644028251140828,-0.0015093157871386878,23.616411754852212,42.0153660280003,679.2669677734375
0,neg_wet,2008-07-06,25.31204581392936,92.57138773932154,25.25,92.5,17,20,6.476339340209961,45.13567352294922,89.86676788330078,247.62619018554688,341.0697021484375,107.39240264892578,14.0,15.0452241897583,137.6439666748047,60.0,2008,7,-0.09233133369539122,-0.9957283388645872,25_92,1213.546630859375,10.97838116566103,-0.994439871517378,0.1053059444499725,-0.0002700274853268896,13.36465748667942,31.2837016593177,550.1912231445312
0,neg_general,2015-08-28,27.664766122003066,95.71944749112392,27.75,95.75,27,33,12.655562400817871,18.675077438354492,27.610050201416016,169.86976623535156,338.8572692871094,64.68498992919922,11.0,6.225025653839111,95.25434875488281,60.0,2015,8,-0.8343701235229538,-0.5512045872199277,27_95,137.8374481201172,1.3261243713377575,0.3752738301792824,0.926913994059088,-0.00025422791394122434,0.7111364029713654,4.086580001137468,17.963348388671875
0,neg_general,2012-06-18,23.762877091812513,92.75964246319678,23.75,92.75,11,21,0.0,37.02824783325195,74.5461654663086,199.34100341796875,361.79595947265625,123.81067657470703,10.0,12.34274959564209,128.474365234375,16.0,2012,6,0.21547731504673012,-0.976508846196619,23_92,1025.3231201171875,24.86173334668247,0.9999951475815426,-0.0031152549444228503,-0.0006413004056690061,26.456830816944777,42.422905641401755,780.5618286132812
1,pos,2015-08-27,23.7269,92.7265,23.75,92.75,11,21,82.97886657714844,134.1383056640625,263.7468566894531,367.54547119140625,480.50335693359375,138.55438232421875,11.0,44.7127685546875,274.93212890625,0.0,2015,8,-0.8247650844733614,-0.5654755126737576,23_92,833.5170288085938,24.782154160353173,0.9195791905807359,-0.39290471141343997,0.0036986606012622864,17.683407842060223,38.74401507372557,567.3307495117188
0,neg_wet,2014-08-16,25.91771951477312,91.07165945298534,26.0,91.0,20,14,7.084493637084961,75.4958267211914,88.98284149169922,163.6482391357422,205.8090362548828,75.4958267211914,9.0,25.16527557373047,105.7855453491211,32.0,2014,8,-0.7036774074790128,-0.7105196029692745,25_91,59.58584213256836,0.7914470522250898,-0.7491627508536466,0.6623859696078994,-0.0007400633321062454,1.705628790969847,21.593358828675406,114.78250503540039
0,neg_general,2016-08-28,28.82287827061996,95.08228024329108,28.75,95.0,31,30,4.8344855308532715,17.938199996948242,28.995391845703125,67.28472900390625,114.21187591552734,31.024141311645508,7.0,5.979400157928467,51.671451568603516,34.0,2016,8,-0.8437282590292712,-0.5367705514607103,28_95,2098.135498046875,36.20881671305245,0.8605446223743924,-0.5093750611312987,0.008540367670373153,32.222136705332844,51.63381076765255,1461.3441162109375
0,neg_wet,2010-08-13,25.560200142279133,92.71938604262978,25.5,92.75,18,21,48.2509651184082,81.92179107666016,101.38151550292969,127.6619873046875,211.70175170898438,81.92179107666016,9.0,27.30726432800293,112.15770721435547,60.0,2010,8,-0.666088855860977,-0.7458723993404063,25_92,544.9764404296875,11.89782550890199,0.9821526342491491,0.18808562687631725,0.005751321867800205,10.950448563296739,27.333258136039923,303.6589050292969
0,neg_general,2012-07-18,23.35142498753486,93.36844187349638,23.25,93.25,9,23,1.2000000476837158,4.800000190734863,57.20000457763672,115.59999084472656,148.59999084472656,48.400001525878906,8.0,1.600000023841858,65.625732421875,60.0,2012,7,-0.2944616217868012,-0.9556633054034704,23_93,918.3255615234375,6.893801626611599,-0.998679015074545,-0.05138311833410607,0.004613576552164682,15.368713421338091,51.15832376593453,388.5394287109375
0,neg_general,2016-03-05,26.97369536870519,95.24080769045598,27.0,95.25,24,31,0.0,0.0,0.0,27.8758487701416,66.58718872070312,20.011489868164062,3.0,0.0,11.627894401550293,60.0,2016,3,0.8992961915530253,0.4373400963303323,26_95,447.9123840332031,21.100307352086013,0.9862081071527432,-0.16551002805329768,-0.001774307174816088,14.757343477249528,32.839994913984405,394.552734375
1,pos,2014-08-17,27.0869,93.6086,27.0,93.5,24,24,0.36325666308403015,93.56743621826172,178.41236877441406,270.3641357421875,429.235595703125,144.34291076660156,11.0,31.189146041870117,185.12005615234375,2.0,2014,8,-0.7157953492826642,-0.6983101158835584,27_93,314.74285888671875,4.327052139846605,-0.9237612214979464,0.3829689356287557,-0.0007360491247970964,8.253026733402974,25.629795923150905,251.2702178955078
0,neg_general,2016-07-26,24.996222817161513,93.81564785660491,25.0,93.75,16,25,17.89189910888672,47.08331298828125,62.042449951171875,176.57931518554688,277.5709228515625,59.23687744140625,11.0,15.694437980651855,101.18383026123047,60.0,2016,7,-0.4227806579826773,-0.9062320427107697,24_93,1857.66552734375,25.64750674324973,-0.9995493754219137,-0.030017429831053908,0.0016575009148869155,21.263374869323243,47.62477526207914,963.3338623046875
0,neg_wet,2007-08-20,27.916933058111546,95.54607004109843,28.0,95.5,28,32,38.81532669067383,38.81532669067383,115.28694152832031,126.28059387207031,416.1539611816406,60.117313385009766,7.0,12.93844223022461,123.18113708496094,29.0,2007,8,-0.7508642533989489,-0.6604565640279754,27_95,134.50111389160156,0.07890028702610459,0.1751048915671587,-0.9845497838856365,5.668633272136918e-05,0.3163918989100918,2.194761580133112,10.704330444335938
0,neg_hard,2010-05-24,26.796628623233875,94.82972660430694,26.75,94.75,23,29,0.0,11.633871078491211,20.616535186767578,133.93995666503906,214.3582763671875,94.14929962158203,9.0,3.8779571056365967,66.86439514160156,60.0,2010,5,0.6166212130956382,-0.7872599821916922,26_94,247.46353149414062,4.126450287491298,0.3968409537307816,-0.9178873882138504,0.00528069821166763,14.84817574809438,38.221777509681345,421.0753173828125
0,neg_hard,2016-08-12,24.75666042375752,92.35480267074342,24.75,92.25,15,19,0.7924898862838745,45.80195236206055,107.22765350341797,196.29054260253906,430.1263122558594,74.57763671875,9.0,15.267317771911621,138.28318786621094,27.0,2016,8,-0.666088855860977,-0.7458723993404063,24_92,14.268570899963379,0.424635181077951,-0.7623832998441019,-0.6471257251252017,1.810778160280514e-05,0.6386681666926523,2.577097079814963,11.36140251159668
0,neg_general,2013-11-06,27.566964625737334,94.75662234414754,27.5,94.75,26,29,0.0,0.0,0.31871384382247925,35.23005676269531,83.37096405029297,33.82322311401367,3.0,0.0,28.247417449951172,41.0,2013,11,-0.8136678304455991,0.5813300798152042,27_94,103.58077239990234,0.09687275399774177,-0.7897174903837693,-0.613470688282628,-3.104806283893246e-05,0.3649857558861228,2.8763042880271406,14.023666381835938
0,neg_general,2007-06-21,25.723947473552975,90.21996589393983,25.75,90.25,19,11,0.6661685109138489,42.013954162597656,139.53665161132812,477.7156066894531,622.7013549804688,301.438720703125,11.0,14.004651069641113,215.2174835205078,10.0,2007,6,0.18175978759137534,-0.9833429613388902,25_90,274.6423034667969,11.350092941612589,-0.29550759529795967,-0.9553403901862505,-0.001088721021778933,6.285427207743144,15.271025793028063,138.60397338867188
0,neg_general,2008-11-19,26.554371730907203,87.95305604311669,26.5,88.0,22,2,0.0,0.0,0.0,1.577876091003418,18.290496826171875,14.475658416748047,0.0,0.0,4.4498209953308105,60.0,2008,11,-0.6515303615068021,0.75862255966641,26_87,95.61605834960938,0.3566001250995122,0.9912252017963196,0.13218396016100262,-0.0009841976991595437,0.7147431798525543,5.230823146809542,18.176773071289062
1,pos,2015-07-15,27.36,93.0385,27.25,93.0,25,22,118.90943908691406,120.57910919189453,122.67897033691406,185.37844848632812,445.88818359375,120.57910919189453,5.0,40.19303512573242,178.80531311035156,0.0,2015,7,-0.2280577712215198,-0.9736476020539838,27_93,407.9212951660156,11.400126763659177,-0.9954119607112936,-0.09568191298724212,-0.0037454858808320815,18.67594875973574,46.907220333369715,501.74139404296875
0,neg_general,2010-08-03,28.79392237715605,95.65759231557922,28.75,95.75,31,33,7.630906105041504,91.22550964355469,120.88876342773438,176.03439331054688,626.2781982421875,97.52873229980469,10.0,30.40850257873535,160.4115447998047,2.0,2010,8,-0.5285813283559292,-0.8488826652214553,28_95,2703.399658203125,19.847475702395528,0.790517228047585,0.6124398028867512,0.0025880273052591276,17.92403317609831,35.57055780324863,594.220458984375
0,neg_wet,2013-06-26,25.45898090718419,92.72571627074166,25.5,92.75,18,21,0.0,35.5466194152832,47.387542724609375,52.407169342041016,126.30274963378906,37.25552749633789,4.0,11.848873138427734,50.52275848388672,60.0,2013,6,0.0966127018812031,-0.9953220513156602,25_92,704.2783203125,8.123695503878551,-0.9998242143406991,-0.01874941113751983,-0.0009052582508582243,9.296428214602122,22.87690056804103,317.99920654296875
0,neg_general,2007-09-18,24.17448940368493,93.16849479858925,24.25,93.25,13,23,10.45297908782959,13.012195587158203,49.230796813964844,204.4546661376953,393.98870849609375,106.26350402832031,12.0,4.337398529052734,109.75445556640625,12.0,2007,9,-0.9753363880767837,-0.2207236509605022,24_93,617.3793334960938,23.798346806904682,-0.4125642289928687,0.9109285136362347,-0.004105089909109304,22.285832100999954,44.015142056653815,748.8699340820312
0,neg_wet,2009-07-06,23.10060056624607,87.95513701447797,23.0,88.0,8,2,0.5061209201812744,43.122886657714844,82.4424819946289,87.06965637207031,110.67115783691406,43.170494079589844,4.0,14.374295234680176,63.760826110839844,41.0,2009,7,-0.07518957641475855,-0.9971692572470178,23_87,23.03571891784668,0.2766301288522182,0.16126183248818768,0.9869116583476718,-8.4928277358598e-05,0.2712638721524226,2.3211051362702135,10.075971603393555
0,neg_wet,2015-08-14,27.365292704931147,91.9958183988043,27.25,92.0,25,18,18.377323150634766,32.85615539550781,95.43394470214844,146.2830352783203,227.50640869140625,62.37295150756836,5.0,10.952052116394043,108.46553802490234,4.0,2015,8,-0.6788204829862355,-0.734304263829602,27_91,4138.90234375,17.561252604458236,-0.9966742525924568,0.08148885947948765,-0.0004670486745042839,21.647071004819125,41.170382248055084,849.09912109375
0,neg_general,2011-09-04,26.210437269176623,92.93175137179433,26.25,93.0,21,22,9.37376594543457,44.907432556152344,82.3237075805664,178.0105438232422,262.2273254394531,83.2242202758789,9.0,14.969143867492676,103.7713623046875,60.0,2011,9,-0.8945422369764496,-0.4469834295196741,26_92,305.20867919921875,4.469609468902532,0.28152822463305993,0.9595529473327448,-0.00617789751829284,7.606637124830974,30.06164554409048,217.48719787597656
0,neg_wet,2012-08-31,26.2406016481059,91.790432923636,26.25,91.75,21,17,0.788206934928894,50.760684967041016,82.2509765625,150.8197784423828,236.39334106445312,51.50676727294922,8.0,16.920228958129883,105.52318572998047,33.0,2012,8,-0.8702939222685674,-0.49253272872205434,26_91,52.05838394165039,0.5520155220807478,-0.7239807924870783,-0.689820130258448,0.00025214658868253156,0.5981520173204907,4.173141319036507,18.169509887695312
1,pos,2009-06-17,26.89,88.47,27.0,88.5,24,4,12.020812034606934,23.015090942382812,70.48627471923828,206.763671875,380.0345153808594,88.90196228027344,13.0,7.67169713973999,118.64115142822266,60.0,2009,6,0.24893980855376657,-0.9685189578512204,26_88,376.1631164550781,17.81806532187106,0.018379236439073507,-0.9998310875682536,-0.008609098636346013,19.107967672737942,46.76419104820587,671.9903564453125
0,neg_general,2016-09-22,27.910080129488964,95.96609960544947,28.0,96.0,28,34,3.4524521827697754,24.257617950439453,31.597143173217773,136.11778259277344,416.64642333984375,99.07575225830078,8.0,8.085872650146484,94.21820831298828,13.0,2016,9,-0.9906923101615609,-0.13612033862266704,27_95,167.11477661132812,0.7019928914216431,0.6849964530139906,-0.7285464016507471,0.00012089159039538119,0.8475471084213745,4.535538267207147,27.813262939453125
0,neg_hard,2009-05-14,25.004339842150642,92.18872622409552,25.0,92.25,16,19,15.66816520690918,16.08243751525879,48.284584045410156,86.55762481689453,294.6948547363281,32.2021484375,8.0,5.360812664031982,71.8329849243164,21.0,2009,5,0.742280907086982,-0.6700888411055113,25_92,10.003634452819824,0.6995092028523776,-0.8845683456356915,0.466410593682579,-0.00020599934253653072,0.15959192091491461,0.9606630407374696,3.871415138244629
0,neg_general,2007-07-13,27.18086271049255,94.21404463096087,27.25,94.25,25,27,3.720998764038086,26.10908317565918,83.75792694091797,126.32415771484375,503.96014404296875,51.17020797729492,13.0,8.703027725219727,110.86579132080078,19.0,2007,7,-0.19443122004766195,-0.9809161537413774,27_94,88.0864028930664,0.3021892794220831,0.8161869784194739,-0.5777878644091526,9.091857341382032e-05,0.6114415152119321,2.7578631638681426,13.77960205078125
0,neg_wet,2012-06-24,27.120665673209768,93.14455776477297,27.0,93.25,24,23,10.797687530517578,32.016143798828125,81.58341979980469,119.7913818359375,261.30218505859375,52.07217025756836,11.0,10.67204761505127,94.43537902832031,60.0,2012,6,0.11371951458594969,-0.9935128947338007,27_93,1469.8284912109375,20.5425975064867,-0.9278355546061515,0.37298952211650016,0.005171317498858677,24.122009128687722,42.35123761714822,617.357177734375
1,pos,2007-08-29,27.0096,88.2548,27.0,88.25,24,3,30.36177635192871,80.67572784423828,186.14749145507812,276.3694152832031,498.5336608886719,95.22004699707031,12.0,26.891908645629883,202.25057983398438,6.0,2007,8,-0.8437282590292712,-0.5367705514607103,27_88,2324.2861328125,17.413737637454624,-0.12907729329541265,-0.9916345356811299,0.0009730995470780468,22.875690778546062,41.436269092021796,810.2354736328125
0,neg_wet,2013-08-11,23.2926982632993,92.58263640577722,23.25,92.5,9,20,29.9609432220459,42.17039108276367,89.24105072021484,153.25636291503906,215.82058715820312,45.87029266357422,10.0,14.05679702758789,102.0907211303711,60.0,2013,8,-0.6400381082043503,-0.7683431655492202,23_92,417.61968994140625,17.265395618186442,0.8867090112829673,0.4623279456290551,-4.6872913267498865e-05,13.931732713162257,34.79926819789564,433.385986328125
1,pos,2012-06-03,25.3056,93.1265,25.25,93.25,17,23,13.409568786621094,54.58066177368164,63.68913650512695,72.0240707397461,109.3145980834961,54.58066177368164,5.0,18.193553924560547,67.55046844482422,60.0,2012,6,0.4575313760742512,-0.8891934772070711,25_93,313.8147888183594,12.665493869772495,-0.9973899680553621,0.07220285051522392,-0.004722961681686278,11.569160729155069,35.02712052330197,310.44622802734375
0,neg_general,2010-06-19,26.301997227594878,91.52277845448698,26.25,91.5,21,16,33.12732696533203,48.814300537109375,78.99077606201172,208.25003051757812,430.2763671875,108.84286499023438,11.0,16.271432876586914,145.9303436279297,15.0,2010,6,0.21547731504673012,-0.976508846196619,26_91,47.644004821777344,1.1760716337629915,-0.4538012209849916,0.8911029412096735,0.0002490992350322804,0.5153560308721767,1.9636571436891004,8.718963623046875
0,neg_wet,2014-09-09,25.25733209340601,90.74397322847219,25.25,90.75,17,13,15.403268814086914,113.8479232788086,122.0634536743164,285.0274658203125,2636.807373046875,537.20068359375,8.0,37.94930648803711,435.6191711425781,1.0,2014,9,-0.9296339319682695,-0.3684843993077793,25_90,147.5900421142578,4.814992758193752,0.7985266193686685,-0.6019594987701793,-0.0005296324091716895,11.50340849971342,39.1089263530342,337.0561637878418
0,neg_hard,2007-09-23,27.064843081539603,93.53734482690362,27.0,93.5,24,24,0.0,0.0,2.4468653202056885,76.20596313476562,398.6121520996094,74.99665832519531,6.0,0.0,68.7129898071289,59.0,2007,9,-0.9906923101615609,-0.13612033862266704,27_93,363.0920715332031,15.096051203964615,-0.8367012263739145,0.5476596185445731,-0.008569185224365936,13.55677590192269,32.34066358184691,380.9453582763672
0,neg_hard,2009-08-25,26.962382209043497,93.60004344235969,27.0,93.5,24,24,0.0,34.13315200805664,143.20877075195312,281.2098388671875,382.7000732421875,130.53199768066406,13.0,11.377717018127441,158.69102478027344,3.0,2009,8,-0.8048257371083452,-0.593511190196115,26_93,114.0447998046875,0.5098787769570751,0.39438178739656554,-0.9189466827677709,0.0002554247613183115,3.2168349178136184,18.07027190332176,117.76921081542969
1,pos,2013-05-08,24.0896,91.4663,24.0,91.5,12,16,131.0623016357422,216.9724884033203,344.2227783203125,406.40289306640625,461.052734375,216.9724884033203,10.0,72.32416534423828,320.008544921875,0.0,2013,5,0.8073707443023492,-0.5900444739548627,24_91,107.05660247802734,0.43302155553911076,-0.9980829581095003,-0.061890295938777,0.000994374976033174,3.233075128621067,13.05266139328748,85.42603302001953
0,neg_hard,2010-06-22,25.457633259481987,88.22754817444938,25.5,88.25,18,3,1.8568304777145386,24.376962661743164,57.1529541015625,81.26488494873047,177.76763916015625,43.631195068359375,8.0,8.125654220581055,59.62615966796875,60.0,2010,6,0.16481784665719793,-0.9863240225317866,25_88,30.420228958129883,0.5139792711221663,-0.2666053617282529,0.9638057797594635,-0.0004895448931771652,0.5500098850049651,1.8978509872199942,9.578620910644531
0,neg_wet,2009-08-07,27.8929964485964,94.9340589257925,28.0,95.0,28,30,0.0,35.57720184326172,74.41439819335938,324.1415710449219,358.91595458984375,118.70645141601562,12.0,11.8590669631958,156.5967254638672,7.0,2009,8,-0.5856957398073508,-0.8105309990194823,27_94,315.38897705078125,6.775474813417898,0.2029582255027235,-0.9791873971313079,0.006374235404811506,12.752449101429082,35.24195705326024,286.9478759765625
1,pos,2015-07-01,26.9978,88.167,27.0,88.25,24,3,159.2816162109375,176.05882263183594,232.33639526367188,400.70166015625,595.3270874023438,176.05882263183594,14.0,58.686275482177734,297.8781433105469,0.0,2015,7,0.01075130776352193,-0.9999422030204416,26_88,2169.137939453125,12.25682340787393,-0.8563544562280287,0.5163884635605226,-0.00736404655299429,22.78765487748941,41.42188803855028,706.077392578125
0,neg_hard,2016-08-04,25.461454065714577,90.2998356822927,25.5,90.25,18,11,1.2697049379348755,16.91720199584961,82.66159057617188,482.9569091796875,977.7637329101562,281.1528015136719,10.0,5.63906717300415,258.692138671875,9.0,2016,8,-0.5574684374327892,-0.8301981337405212,25_90,679.184814453125,16.56598569990648,-0.3403632124433058,-0.940294041039968,0.009127074137093162,19.556240421201068,39.2557531306159,972.3263854980469
0,neg_hard,2012-05-30,28.427445346046856,94.93426798812305,28.5,95.0,30,30,3.183359384536743,3.183359384536743,4.020482540130615,35.47266387939453,249.069580078125,73.47838592529297,2.0,1.061119794845581,55.41502380371094,16.0,2012,5,0.5175855102531889,-0.8556314858488706,28_94,1224.0784912109375,30.72199079069371,0.4580356013119751,0.8889338490184617,0.0015501304891016201,31.950575192597604,47.23423331501755,958.4464721679688
0,neg_wet,2013-08-06,28.3095364450914,96.69320512103764,28.25,96.75,29,37,1.8003867864608765,111.82220458984375,120.62583923339844,149.38433837890625,385.6890563964844,112.22142028808594,6.0,37.27406692504883,144.77780151367188,1.0,2013,8,-0.5716666713027052,-0.8204859638785327,28_96,3087.236083984375,26.882914777843922,0.47814854699950243,0.8782789801664758,0.0031679018693350526,31.845843152891515,50.50197999148087,1839.53662109375
0,neg_wet,2015-07-22,24.316539241427733,93.24339843930609,24.25,93.25,13,23,38.772830963134766,89.91752624511719,180.4937744140625,269.51849365234375,428.4071960449219,96.44329833984375,12.0,29.972509384155273,188.21041870117188,60.0,2015,7,-0.34336687399638804,-0.939201357453208,24_93,232.99232482910156,20.288430386856124,-0.9993037449422663,-0.037309855860912434,0.0017950185379110731,18.097277805695104,35.302216008783105,401.9427032470703
0,neg_general,2014-07-15,24.10107582433185,91.24599481527862,24.0,91.25,12,15,9.237250328063965,55.404747009277344,79.32689666748047,160.21482849121094,441.4980163574219,55.404747009277344,12.0,18.46824836730957,120.40999603271484,22.0,2014,7,-0.2280577712215198,-0.9736476020539838,24_91,2.091567039489746,0.17392813736604867,-0.8197493938460381,-0.57272238588085,2.610811161525604e-05,0.34087388573863253,2.803005518542042,10.58747673034668
0,neg_general,2011-09-03,25.519848681926522,93.803353985928,25.5,93.75,18,25,0.5608665943145752,11.831131935119629,37.41169357299805,143.8851776123047,225.81781005859375,79.67111206054688,10.0,3.9437105655670166,68.77033996582031,60.0,2011,9,-0.886721063082993,-0.46230483047981086,25_93,1217.2237548828125,26.410774891870776,0.6165465643201232,-0.7873184451192873,-0.0018061606556009397,22.431893816526213,48.73939092783817,826.1046752929688
0,neg_general,2014-07-27,25.256046547424997,91.53288388829469,25.25,91.5,17,16,4.324532508850098,14.404618263244629,155.5088653564453,426.3976745605469,1915.066162109375,156.26132202148438,13.0,4.801539421081543,390.3351745605469,10.0,2014,7,-0.4227806579826773,-0.9062320427107697,25_91,1037.2540283203125,7.086714245541836,0.22326211383093253,-0.9747584462459116,0.0005774029732118004,16.08384278747421,55.50300285885954,773.5701599121094
0,neg_hard,2012-07-23,27.40656630198644,88.51382459417209,27.5,88.5,26,4,8.24031925201416,16.884613037109375,96.28218078613281,282.2793884277344,438.4555358886719,112.22640991210938,15.0,5.628204345703125,156.28126525878906,60.0,2012,7,-0.3754703786876202,-0.9268343944460494,27_88,782.5836791992188,34.708124762106166,0.9528699309495334,0.30337912698837977,4.457244289988072e-05,31.157337556704984,58.2316183946337,1073.7255859375
0,neg_general,2010-10-30,25.87631975523892,90.42252253648579,26.0,90.5,20,12,0.0,0.0,0.0,4.0729169845581055,50.97415542602539,4.644428253173828,0.0,0.0,13.160482406616211,39.0,2010,10,-0.8776087166898392,0.4793776594606945,25_90,124.950439453125,9.367598139941432,0.8841640092761616,0.46717663115860547,-0.005527844383895938,6.531298848260821,22.34614572756451,226.97396087646484
0,neg_general,2015-07-10,23.14154350918262,91.17597522181738,23.25,91.25,9,15,11.841642379760742,156.5190887451172,188.5190887451172,347.8046569824219,624.1422729492188,157.00341796875,9.0,52.173030853271484,255.84886169433594,1.0,2015,7,-0.1435724234118113,-0.9896398128792412,23_91,5.998028755187988,1.3085357567133467,-0.4783420170070668,-0.8781736244989433,0.00047191632763328835,0.7407374438771925,2.6869858385561223,10.654158592224121
0,neg_hard,2014-08-24,27.599153912963864,88.61414488238282,27.5,88.5,26,4,38.30074691772461,84.20941162109375,136.1207275390625,281.1335144042969,465.5131530761719,84.20941162109375,15.0,28.06980323791504,188.4319610595703,42.0,2014,8,-0.7944973291665992,-0.6072676460566135,27_88,2489.59033203125,29.292121586353243,0.8553437972640033,-0.5180607961253154,0.010382806697432741,36.94233597286411,60.289615718363294,1959.492431640625
0,neg_general,2015-07-18,26.880515821916383,90.63835856095514,27.0,90.75,24,13,0.6890209317207336,29.164974212646484,79.11043548583984,231.60769653320312,409.5939025878906,117.31368255615234,8.0,9.721657752990723,135.2432098388672,14.0,2015,7,-0.2779791393987801,-0.9605871111248129,26_90,1157.0450439453125,22.525666145132494,-0.9637805297424972,0.26669662631775376,0.007779658365556433,25.625339418220182,44.20023448331512,866.8014526367188
0,neg_general,2008-07-24,24.727393743611348,93.3808242908019,24.75,93.5,15,24,0.10088087618350983,1.704031229019165,26.878952026367188,95.4882583618164,273.013671875,43.184059143066406,7.0,0.5680103898048401,57.46354675292969,60.0,2008,7,-0.3913578365610259,-0.9202385798054075,24_93,579.45849609375,20.694741902991126,-0.747760285546084,-0.663968790953339,-0.005790892843582081,18.05204748708871,38.2739736906257,550.5458679199219
1,pos,2010-06-11,26.944,88.4441,27.0,88.5,24,4,18.25143814086914,29.14137077331543,69.5953369140625,207.56539916992188,355.07122802734375,72.99125671386719,11.0,9.713789939880371,122.82138061523438,60.0,2010,6,0.3474028211842774,-0.9377159910299093,26_88,169.87060546875,16.674741464349776,0.973907548532028,-0.22694511872330608,0.004299563331665208,24.044236635334766,46.20103341025273,699.7286987304688
0,neg_general,2012-07-12,27.72638994614681,88.04523367526376,27.75,88.0,27,2,20.694833755493164,41.67637634277344,87.7109146118164,160.46243286132812,334.22015380859375,41.67637634277344,14.0,13.892125129699707,117.44412231445312,60.0,2012,7,-0.19443122004766195,-0.9809161537413774,27_88,5470.81884765625,24.028903254304563,0.776128900183565,-0.6305742861073943,-0.0051652426350491535,32.41358671228456,66.32655853713659,1304.2568359375
1,pos,2010-07-06,26.0093,94.5238,26.0,94.5,20,28,19.622175216674805,31.43616485595703,81.99560546875,158.8471221923828,330.4751281738281,54.75318908691406,12.0,10.478721618652344,114.07020568847656,60.0,2010,7,-0.07518957641475855,-0.9971692572470178,26_94,1799.443603515625,15.284241000615111,0.9996113407620638,-0.027877722644956585,-0.0008156810654763823,20.325936910402866,39.1994423800618,708.2352294921875
1,pos,2010-07-29,24.9786,93.5027,25.0,93.5,16,24,31.371232986450195,67.5352783203125,84.47732543945312,183.38111877441406,295.4571533203125,72.59246063232422,11.0,22.51175880432129,117.38264465332031,14.0,2010,7,-0.45370308603134424,-0.8911529104063088,24_93,1306.484130859375,15.165030040350434,-0.9232035822288442,0.38431126155738604,0.0005774861370460942,16.59592577955171,41.1287844941609,696.7061767578125
0,neg_wet,2011-07-14,24.899579993473754,94.23717461557952,25.0,94.25,16,27,2.5291144847869873,43.87040710449219,70.4737548828125,137.8509063720703,310.36309814453125,67.94464111328125,10.0,14.623469352722168,108.32637786865234,17.0,2011,7,-0.2112757555821793,-0.9774264960104055,24_94,1498.02001953125,25.38231524737849,-0.02274835557626991,-0.9997412226764362,-0.0025770079313846657,20.497034991132274,39.97517945588776,1006.5009765625
0,neg_wet,2009-08-08,25.297155619090418,88.4556409748365,25.25,88.5,17,4,0.0,90.22999572753906,205.60589599609375,450.3172607421875,476.1663818359375,139.00469970703125,11.0,30.0766658782959,234.4153289794922,2.0,2009,8,-0.5995514915196489,-0.8003361849976323,25_88,23.56476593017578,0.12329590017050461,0.966197407460688,0.2578033549359765,3.0074268558699886e-05,0.5706624154586146,2.333269595569925,10.211267471313477
0,neg_hard,2013-08-16,27.654255222236127,88.47404135428592,27.75,88.5,27,4,7.80484676361084,23.96947479248047,43.642738342285156,112.91841125488281,348.0281677246094,69.21101379394531,14.0,7.9898247718811035,95.72367858886719,60.0,2013,8,-0.7036774074790128,-0.7105196029692745,27_88,3007.471435546875,30.249544017170624,-0.2968188466287666,-0.954933805185453,-0.0011330401954682805,33.24103602988563,57.80356102949421,1825.274169921875
0,neg_hard,2016-05-14,27.63477836966205,88.61829292391914,27.75,88.5,27,4,8.639991760253906,21.502182006835938,27.35474395751953,59.94797134399414,300.4814453125,21.502182006835938,8.0,7.167394161224365,57.56245803833008,23.0,2016,5,0.7306444969184916,-0.6827580970759147,27_88,2080.923828125,48.04944657221169,-0.9355023155915723,-0.3533205591567045,-0.008408364048660192,35.14508132306648,64.93262124276448,1742.4627685546875
0,neg_general,2012-05-08,26.103163245154818,90.66075127860509,26.0,90.75,20,13,0.0,0.0,34.84066390991211,126.79269409179688,290.33984375,57.45170593261719,9.0,0.0,74.052734375,60.0,2012,5,0.7971015927871943,-0.6038452208771035,26_90,40.04825210571289,0.5126378660639419,0.6867396217351811,0.726903495616179,4.354359599837312e-05,0.9583794088434947,6.114954014730793,28.677082061767578
0,neg_general,2012-06-26,24.055274802410434,92.67882840646286,24.0,92.75,12,21,23.102428436279297,41.03807830810547,159.15374755859375,346.8623046875,601.4912719726562,165.73463439941406,12.0,13.679359436035156,222.2719268798828,7.0,2012,6,0.07947729992362097,-0.9968366760893436,24_92,729.3619384765625,22.516007601958172,0.8000228185462267,-0.5999695740663449,-0.0017164969545407078,22.591149461554412,41.83694458536443,869.5078430175781
0,neg_general,2010-07-10,23.68476668563046,93.21578615001344,23.75,93.25,11,23,4.992679595947266,13.233527183532715,56.998268127441406,111.21888732910156,320.09283447265625,61.39065933227539,11.0,4.411175727844238,83.02621459960938,60.0,2010,7,-0.1435724234118113,-0.9896398128792412,23_93,900.4427490234375,25.484910093998085,0.9963338090622428,0.08555080899396744,0.0037005221588993615,20.481591410527304,42.42246066929547,697.2523803710938
0,neg_wet,2015-08-31,29.497813226695293,95.42137718074817,29.5,95.5,34,32,28.600000381469727,80.5999984741211,242.80001831054688,548.3999633789062,625.199951171875,214.60000610351562,14.0,26.866666793823242,284.66131591796875,3.0,2015,8,-0.8616928164028522,-0.5074302810827518,29_95,1131.8399658203125,40.966856361521664,-0.48661816348073217,0.8736147680589194,-0.002210000285099138,37.47453479902365,61.69761788397938,1342.3353881835938
0,neg_general,2009-08-04,27.877827406893,96.95548541043203,28.0,97.0,28,38,0.0,2.3839149475097656,34.111534118652344,66.11152648925781,97.11152648925781,39.79999923706055,6.0,0.7946383357048035,44.404510498046875,60.0,2009,8,-0.5431052396834317,-0.8396646346181327,27_96,1641.677490234375,38.71142565725575,-0.2044150637105795,-0.9788843045672965,-0.0003389159916160994,35.634072785181985,55.09534654974424,1870.39794921875
0,neg_wet,2011-07-06,23.85804856255471,92.26791103030104,23.75,92.25,11,19,16.1358642578125,33.81306076049805,89.43133544921875,199.90811157226562,441.24664306640625,56.5716552734375,13.0,11.27101993560791,130.144775390625,36.0,2011,7,-0.07518957641475855,-0.9971692572470178,23_92,641.32470703125,18.42364442536363,0.9091193838034906,-0.41653564792555453,0.0018382600893752854,18.6171034324891,35.23662715928581,595.9953308105469
0,neg_hard,2012-08-22,24.029627841401712,91.54263414923669,24.0,91.5,12,16,21.50330352783203,30.148357391357422,48.57808303833008,131.31321716308594,219.16317749023438,43.69335174560547,12.0,10.049452781677246,83.58853912353516,60.0,2012,8,-0.7839338166829201,-0.620844401650647,24_91,51.122859954833984,1.9055459958708032,0.929433947328321,-0.36898853309241986,0.002360754565482793,1.9570979169593021,6.423891534100766,39.625701904296875
1,pos,2015-07-01,27.0678,88.456,27.0,88.5,24,4,89.4329833984375,141.86862182617188,165.33460998535156,337.0011291503906,917.3681030273438,141.86862182617188,14.0,47.2895393371582,275.25872802734375,0.0,2015,7,0.01075130776352193,-0.9999422030204416,27_88,1098.971435546875,16.998459874604727,0.9134534733420423,0.4069431803573551,0.00015754587518730537,22.976250001241482,44.74152190155261,1046.1313781738281
0,neg_general,2010-06-15,25.8449576217554,89.64182961476352,25.75,89.75,19,9,0.0,0.17678770422935486,110.61494445800781,325.71771240234375,646.6675415039062,128.87387084960938,12.0,0.058929234743118286,169.8377685546875,11.0,2010,6,0.2821076626819194,-0.9593827529490743,25_89,32.27653503417969,0.19691165053036502,-0.8877219499897578,0.46037999468524027,-0.0006751830574733891,0.8623547083316356,3.179506633327244,12.770431518554688
0,neg_wet,2015-07-24,26.317184662387213,92.16250998058183,26.25,92.25,21,19,62.176151275634766,69.6017837524414,88.73011016845703,132.077392578125,244.861083984375,69.6017837524414,7.0,23.200593948364258,115.03117370605469,0.0,2015,7,-0.3754703786876202,-0.9268343944460494,26_92,52.931034088134766,0.16086457581445446,0.9942350091852047,-0.10722288240154657,0.00012614053819944628,0.3589747171500211,2.2505225179975277,9.385746002197266
0,neg_general,2014-09-11,27.78431992033332,87.88080122989936,27.75,88.0,27,2,9.834046363830566,55.97706604003906,98.919189453125,193.4830780029297,511.2411193847656,72.04640197753906,13.0,18.659021377563477,145.65707397460938,60.0,2014,9,-0.9417589340994617,-0.33628873017668287,27_87,4655.53857421875,28.416852568017198,-0.8971974854310341,0.4416295643819936,-0.010929892726689296,28.03364280588735,54.4574946709988,1191.33935546875
0,neg_hard,2015-07-30,25.021285244855466,92.16858301618342,25.0,92.25,16,19,0.0,0.0,61.45527267456055,218.00514221191406,383.5794677734375,74.90213012695312,10.0,0.0,114.73112487792969,18.0,2015,7,-0.46896519100763184,-0.8832166493127127,25_92,10.040755271911621,0.09628075857279238,-0.9168683336697088,0.39918975276644025,-1.7484876381481624e-05,0.31880823050445123,2.1313912428999977,9.96165657043457
0,neg_hard,2011-05-22,26.067715796727526,94.19582715489753,26.0,94.25,20,27,7.9114460945129395,36.33955764770508,49.641693115234375,80.22789764404297,164.86236572265625,36.33955764770508,10.0,12.11318588256836,63.90648651123047,60.0,2011,5,0.6433365204044917,-0.765583517007675,26_94,579.6634521484375,18.172973338693645,0.1258076418022943,0.9920546543735106,-0.0021755783444707003,19.94358034268711,42.752771913658236,804.4501037597656
0,neg_wet,2007-09-04,26.909481227071144,92.18309473950403,27.0,92.25,24,19,16.28180694580078,59.890464782714844,78.25694274902344,165.2117919921875,236.74868774414062,59.890464782714844,10.0,19.96348762512207,104.59004974365234,40.0,2007,9,-0.8945422369764496,-0.4469834295196741,26_92,401.97064208984375,15.584934779421594,-0.5951480553812443,0.8036160726216988,-0.004454064564176146,15.730472382468916,43.49339747257265,340.85601806640625
0,neg_wet,2016-03-09,27.196353140747156,93.51644965229397,27.25,93.5,25,24,19.017488479614258,48.796592712402344,51.5982666015625,52.76812744140625,99.22677612304688,48.796592712402344,3.0,16.265531539916992,52.65727996826172,60.0,2016,3,0.9272375462179537,0.374473674486883,27_93,1281.3468017578125,16.111388553946796,-0.9954434943096064,0.09535328854675387,-0.007526114889444597,24.73133615230881,42.98136016131507,1280.4337158203125
0,neg_general,2009-10-22,28.98373211902743,96.3753530967843,29.0,96.5,32,36,0.0,0.0,0.0,0.0,0.0,0.0,0.0,0.0,0.0,60.0,2009,10,-0.9350748843515574,0.3544502230989869,28_96,4433.09228515625,32.21871375675883,0.779681417453806,0.6261764026831607,-0.0007321784601750656,29.1608900092676,48.9373256451078,943.3984375
0,neg_general,2011-07-10,24.196159695056732,93.2981085210775,24.25,93.25,13,23,0.9721062183380127,42.580196380615234,148.2867431640625,272.5964050292969,525.6655883789062,95.92045593261719,14.0,14.193398475646973,177.521728515625,18.0,2011,7,-0.1435724234118113,-0.9896398128792412,24_93,888.7618408203125,16.701821798783282,-0.9225827206350553,0.3857993307220989,-0.008217740124260917,21.11288795679617,40.94640848562915,542.9422607421875
0,neg_general,2007-09-25,27.67688880478774,93.97492045851216,27.75,94.0,27,26,0.0,0.0,0.0,74.81624603271484,524.6461181640625,97.59519958496094,5.0,0.0,78.4836654663086,14.0,2007,9,-0.994788305609327,-0.10196189005174576,27_93,1225.2821044921875,21.946611603639376,-0.937988755172482,0.34666568213478755,0.0036545427527978815,21.666306514308655,36.49102170325735,887.9482421875
0,neg_general,2012-06-12,24.202738758599832,93.21126123605184,24.25,93.25,13,23,5.042633533477783,52.929847717285156,67.6027603149414,247.4548797607422,447.258056640625,138.56752014160156,10.0,17.643281936645508,149.2578887939453,8.0,2012,6,0.31494162072895193,-0.9491110448902284,24_93,1096.959228515625,29.631934891983178,-0.38921655550097833,0.9211462820442549,0.00982396224022754,23.701597757409587,47.07739614129035,850.9169921875
0,neg_general,2014-05-26,24.236719779473997,91.6456295072052,24.25,91.75,13,17,10.232524871826172,16.96536636352539,16.96536636352539,103.39973449707031,421.0430603027344,103.02799224853516,9.0,5.65512228012085,92.02957153320312,17.0,2014,5,0.5891760872322963,-0.8080046647350754,24_91,20.199413299560547,0.22432660948769514,0.8330474229780069,-0.5532015826710021,0.0003295846892481803,0.9117305423277041,4.74359562955397,30.694812774658203
0,neg_general,2009-07-31,26.686039346713578,95.0542315483573,26.75,95.0,23,30,38.49030303955078,67.8389892578125,92.23555755615234,157.3809814453125,407.7488708496094,76.67881774902344,12.0,22.61299705505371,133.52420043945312,15.0,2009,7,-0.48408852163897587,-0.8750190302029955,26_95,580.4976806640625,15.33744882540474,0.5336608518252116,-0.8456985841475612,-0.00045898162800285427,15.117003296315712,38.37145080733429,355.74609375
0,neg_hard,2013-05-05,27.955365462730033,92.95263928271491,28.0,93.0,28,22,14.134695053100586,109.21353149414062,186.9338836669922,201.18629455566406,370.3941345214844,166.4888153076172,7.0,36.404510498046875,173.92791748046875,2.0,2013,5,0.8367329140344921,-0.5476112038402312,27_92,2766.333984375,22.711710589398436,-0.5534924932601367,0.8328541648480108,-0.0022093040248877907,29.930335001128746,57.568252914481114,1415.69384765625
0,neg_hard,2015-06-11,24.214419900213294,93.1387661179506,24.25,93.25,13,23,12.848682403564453,28.237327575683594,34.64057540893555,57.64375305175781,126.90031433105469,28.237327575683594,7.0,9.412442207336426,46.759368896484375,60.0,2015,6,0.3474028211842774,-0.9377159910299093,24_93,514.3204345703125,27.081177578169807,-0.4471135105914123,-0.8944772264549965,-0.0012503185594643187,20.858343007586182,40.393561996540996,536.2984924316406
0,neg_wet,2012-07-21,27.11884109096008,90.82177043016429,27.0,90.75,24,13,55.636051177978516,90.41658020019531,282.14593505859375,408.9584045410156,940.7179565429688,184.03887939453125,12.0,30.13886070251465,310.1681213378906,0.0,2012,7,-0.34336687399638804,-0.939201357453208,27_90,1749.2266845703125,39.51822968048358,-0.6056012117199285,-0.795768290624447,0.0017386809775618527,28.44973078090821,47.59336598003302,1326.12548828125
0,neg_general,2010-08-13,26.214110834257557,89.52614053500794,26.25,89.5,21,8,5.797457695007324,28.479351043701172,31.487747192382812,80.93840026855469,473.5483093261719,38.88868713378906,5.0,9.493117332458496,88.40042877197266,21.0,2010,8,-0.666088855860977,-0.7458723993404063,26_89,38.3751220703125,0.8510544138350824,-0.6673161604398349,-0.7447745578467598,0.0002926120572341674,0.6953977115891866,2.283187281668477,11.845035552978516
0,neg_hard,2016-06-25,24.91230514647329,92.71079972285162,25.0,92.75,16,21,0.0,12.419300079345703,30.721588134765625,112.32868957519531,240.96627807617188,47.24528121948242,13.0,4.139766693115234,80.27470397949219,34.0,2016,6,0.0966127018812031,-0.9953220513156602,24_92,23.706195831298828,2.8655275826536255,0.9624758410330392,-0.2713673809206696,-0.0008250407344013247,1.0314873779761857,5.192650265774337,17.286849975585938
1,pos,2016-05-18,24.4638,92.4943,24.5,92.5,14,20,188.93283081054688,228.1857452392578,271.43768310546875,285.59112548828125,532.483642578125,228.1857452392578,6.0,76.0619125366211,283.8437194824219,0.0,2016,5,0.6819721490904629,-0.7313781428679254,24_92,90.42581939697266,10.960864202384162,-0.6851399433074322,0.7284114620766814,-0.005083387979766117,6.842138258739397,24.611151206762013,240.6741065979004
0,neg_wet,2015-08-05,28.469294405587554,95.94107783956063,28.5,96.0,30,34,27.344087600708008,79.35608673095703,79.35608673095703,160.7994384765625,262.4143981933594,79.35608673095703,7.0,26.452028274536133,110.09796905517578,56.0,2015,8,-0.5574684374327892,-0.8301981337405212,28_95,2404.016357421875,30.477406240402942,-0.9998468760670732,0.01749926909658737,0.005656372085683753,31.79636344845704,59.45274979113326,1388.434814453125
0,neg_hard,2013-05-15,27.410267626301675,91.73260672085071,27.5,91.75,26,17,0.34204941987991333,12.301920890808105,69.68439483642578,123.35712432861328,180.9145965576172,45.80491638183594,10.0,4.100640296936035,72.68755340576172,60.0,2013,5,0.7306444969184916,-0.6827580970759147,27_91,2414.340087890625,33.33506273362347,-0.8484405052402308,-0.5292907604216248,-0.0007630633794722898,29.903823525013955,51.73572458684659,1422.674072265625
1,pos,2009-05-26,27.0095,88.2592,27.0,88.25,24,3,87.58759307861328,157.0077667236328,187.13381958007812,222.11367797851562,306.5386657714844,157.0077667236328,10.0,52.33592224121094,190.49440002441406,0.0,2009,5,0.5891760872322963,-0.8080046647350754,27_88,2228.225341796875,24.19342820225834,0.8866584040304981,0.4624249934444395,-0.004015160490516887,23.615232889312036,41.436250359472844,950.396484375
0,neg_general,2012-05-29,28.79345539862045,95.59289852684529,28.75,95.5,31,32,0.0,0.0,0.0,0.0,0.0,0.0,0.0,0.0,5.894299264051741e-24,60.0,2012,5,0.5322271388474397,-0.8466016020976267,28_95,2535.01708984375,22.136494625738,-0.9799878399817681,-0.19905736230511187,0.004057717810067842,21.820659265426723,41.44017043138394,968.3408203125
0,neg_hard,2008-07-03,26.65196803381148,95.04415600178031,26.75,95.0,23,30,26.740278244018555,52.54817199707031,91.85773468017578,223.40402221679688,411.30908203125,99.4932632446289,13.0,17.51605796813965,154.2900848388672,7.0,2008,7,-0.04084439154329611,-0.9991655196610109,26_95,494.8426513671875,15.67515859987875,0.9984234998608631,-0.056129447935866,0.0011927839303464834,12.4958036875453,33.275552862416355,424.729248046875
0,neg_general,2008-05-24,26.181361958692783,91.57623749619967,26.25,91.5,21,16,0.0,18.203948974609375,34.22746658325195,44.599857330322266,210.37034606933594,26.57825469970703,6.0,6.067983150482178,45.61106872558594,60.0,2008,5,0.6029878670694714,-0.7977503570459932,26_91,46.50734329223633,0.4950672347427257,-0.5571661962470299,0.8304010053941506,2.78928645252272e-05,4.036719356673897,24.359680806556717,125.52764892578125
0,neg_wet,2008-08-17,27.13077654545459,88.15063126330577,27.25,88.25,25,3,1.6758015155792236,40.645050048828125,142.1968536376953,275.2633056640625,437.80419921875,99.41482543945312,12.0,13.54835033416748,157.01339721679688,14.0,2008,8,-0.7277014757264236,-0.6858939875998223,27_88,1331.4073486328125,33.07295295651183,0.9279649359628304,0.37266751619037064,-0.0023369739208039236,24.504474946417513,43.25197181920896,1246.6502685546875
0,neg_hard,2016-09-16,27.744347856995,88.78661952228595,27.75,88.75,27,5,16.237754821777344,23.06865692138672,75.13827514648438,206.19732666015625,340.1979064941406,74.76832580566406,14.0,7.689552307128906,119.7135238647461,60.0,2016,9,-0.97139528468375,-0.23746831555846842,27_88,3370.663818359375,33.86747845537026,-0.8241722387485895,0.5663392277391157,-0.00792690830836144,34.12905980102362,59.58072230220654,1503.2880859375
0,neg_wet,2015-07-13,28.08397717795677,95.6351003891888,28.0,95.75,28,33,11.593287467956543,27.636199951171875,38.5576171875,189.17098999023438,297.6730041503906,103.02845764160156,10.0,9.212066650390625,96.08287048339844,33.0,2015,7,-0.19443122004766195,-0.9809161537413774,28_95,188.59176635742188,0.889346896069766,0.9845989370136238,0.17482829642721487,-5.638894994661549e-06,0.8811649082172447,5.830291741853661,27.553543090820312
0,neg_wet,2009-06-23,25.293295666341677,91.35423532516722,25.25,91.25,17,15,9.294514656066895,97.23363494873047,132.78475952148438,377.68743896484375,764.3927612304688,122.06195068359375,12.0,32.41121292114258,235.18701171875,1.0,2009,6,0.14782713347053048,-0.9890132145779883,25_91,835.8780517578125,25.440947870674723,-0.6583306276930428,0.7527288918603325,0.0006734419419950664,21.564147850042538,42.79487769247472,614.6024780273438
0,neg_wet,2015-06-02,29.164352633878508,95.64428511022022,29.25,95.75,33,33,33.349185943603516,115.97235107421875,153.33981323242188,357.1524658203125,478.9093322753906,168.75938415527344,11.0,38.65745162963867,227.3522186279297,1.0,2015,6,0.4878471454423119,-0.8729290708206411,29_95,3489.195556640625,28.051112557732676,0.5534685792453055,0.8328700569645802,0.0018946381566740601,27.27261029136176,47.09438211846703,996.610107421875
0,neg_hard,2010-08-19,25.101724068355303,92.72987760813182,25.0,92.75,16,21,4.232825756072998,16.13262939453125,130.81068420410156,170.91783142089844,410.38128662109375,120.2234878540039,8.0,5.377542972564697,126.63652038574219,6.0,2010,8,-0.7393922635959241,-0.673274892250183,25_92,658.3948364257812,25.010344140855917,0.9231875164817138,-0.38434985288448514,0.001234258608693112,24.985952290248566,52.4191625527717,1162.7456359863281
0,neg_wet,2013-09-07,27.464555418800433,92.02831461963285,27.5,92.0,26,18,13.319229125976562,66.36373138427734,113.13678741455078,266.46136474609375,418.18402099609375,126.90525817871094,11.0,22.121244430541992,157.20144653320312,11.0,2013,9,-0.9164086366943458,-0.4002439388573056,27_92,3948.234130859375,21.19599759469087,0.9827745937873583,0.18480827309969902,0.0009018698506108453,26.227613326792156,53.36297419922017,1168.72021484375
1,pos,2016-10-15,27.1695,88.3664,27.25,88.25,25,3,0.0,58.40559387207031,117.18739318847656,143.83360290527344,384.13897705078125,111.36254119873047,9.0,19.468530654907227,127.21000671386719,3.0,2016,10,-0.9666180104000972,0.2562218218071163,27_88,1571.5709228515625,21.116616231095616,0.04084716780726758,-0.9991654061676299,-0.0001388651290415589,25.733814539164307,49.87449658400068,1412.234130859375
0,neg_general,2010-08-18,27.96803652192752,94.78009840477871,28.0,94.75,28,29,5.045598983764648,25.107839584350586,32.654563903808594,105.15396881103516,259.87921142578125,44.45414733886719,9.0,8.369279861450195,78.98408508300781,17.0,2010,8,-0.7277014757264236,-0.6858939875998223,27_94,1502.892333984375,23.66837871601688,-0.6184715558001087,0.7858071866979793,-0.003561788497072837,18.529596318114578,39.858900722950054,651.9967041015625
0,neg_wet,2008-08-16,25.150727249252924,88.1521188977529,25.25,88.25,17,3,0.9670101404190063,43.309959411621094,205.123291015625,258.6246337890625,672.6063232421875,161.27024841308594,6.0,14.436653137207031,199.46426391601562,3.0,2008,8,-0.7157953492826642,-0.6983101158835584,25_88,35.44906234741211,0.41409120751257444,0.9994308361537325,-0.033734311094952424,-3.996486778204102e-05,0.8550591616260728,2.7351546102321525,19.27956771850586
1,pos,2015-06-29,27.0161,88.2478,27.0,88.25,24,3,10.578006744384766,63.644775390625,130.33917236328125,272.0697021484375,438.63250732421875,91.14582824707031,14.0,21.21492576599121,164.21881103515625,1.0,2015,6,0.04514101777397193,-0.9989806246941579,27_88,2180.868896484375,17.211946429109297,-0.8985850339314221,-0.4387994266113676,0.0008700489347485353,22.591574986720133,39.12574294200786,914.315185546875
0,neg_general,2016-11-09,27.730184595654027,92.03567560130294,27.75,92.0,27,18,0.0,0.0,0.3357182443141937,0.3357182443141937,43.22189712524414,0.3357182443141937,0.0,0.0,3.417341947555542,60.0,2016,11,-0.7717727365467836,0.6358984534680745,27_92,3480.062744140625,46.35852321570935,-0.22200637048952862,-0.9750452150859806,0.013964094744685143,34.05602163810382,56.5870050677487,1199.990234375
1,pos,2011-06-20,27.0638,88.4659,27.0,88.5,24,4,34.63701629638672,37.35902786254883,93.05921936035156,225.19577026367188,440.1701354980469,85.25406646728516,11.0,12.453009605407715,153.93167114257812,60.0,2011,6,0.19864794288017112,-0.9800709131432666,27_88,1166.279052734375,14.99842018345574,-0.7344188631986652,0.6786964957755273,-0.00404512488524521,18.55885701336171,42.27277970151582,859.8153686523438
0,neg_hard,2016-10-22,27.124203198974495,92.83078087965887,27.0,92.75,24,21,0.0,0.0,0.0,103.41047668457031,153.4348602294922,64.35558319091797,6.0,0.0,40.72133255004883,60.0,2016,10,-0.9288394302558068,0.3704825404820963,27_92,810.5007934570312,22.84958868978259,-0.16929353883649195,0.9855656739701405,0.0013072245006360529,26.392282263561533,47.2535496143671,922.6793518066406
0,neg_general,2010-10-15,27.858962573950173,94.24150528680472,27.75,94.25,27,27,0.14549574255943298,0.2595806121826172,19.528535842895508,30.813915252685547,191.73536682128906,19.919450759887695,4.0,0.08652687072753906,36.90647506713867,49.0,2010,10,-0.9708824104813836,0.23955655912092708,27_94,863.6344604492188,23.119206305135673,0.923492213926024,0.3836171670011793,-0.003854483949039094,23.48342327932762,42.67784942630012,576.8512573242188
1,pos,2007-09-05,27.06826195,88.28121204,27.0,88.25,24,3,39.4090576171875,92.32029724121094,155.855224609375,343.6103820800781,524.15234375,95.22004699707031,14.0,30.7734317779541,222.0732421875,13.0,2007,9,-0.9020987014301837,-0.43152975897147144,27_88,1727.7584228515625,7.868720662162956,-0.8283040873616284,0.5602788045785954,-0.005504366422988972,23.164656580929705,44.50048193683926,893.7832641601562
0,neg_general,2010-08-06,23.287923150799305,93.19553993274313,23.25,93.25,9,23,27.547748565673828,48.19589614868164,140.16561889648438,301.5447082519531,471.2795715332031,129.00747680664062,14.0,16.065298080444336,191.82469177246094,8.0,2010,8,-0.5716666713027052,-0.8204859638785327,23_93,576.9129638671875,21.082459141811377,-0.536530905863206,0.8438806710984721,0.0007622845295295217,23.72178453406668,48.408586971745265,669.5814819335938
0,neg_general,2013-07-16,24.369758425545573,88.06997201507154,24.25,88.0,13,2,0.2362862378358841,16.10146141052246,19.38013458251953,49.09401321411133,196.46258544921875,39.27967834472656,4.0,5.367153644561768,45.25216293334961,60.0,2013,7,-0.24477230089725957,-0.9695805901076308,24_88,31.706096649169922,0.23606069179354258,0.9914544415156155,0.13045340317124343,-3.5560604967066315e-05,0.25222584090992267,1.7941524159774507,10.554279327392578
0,neg_wet,2015-06-14,27.32538051927941,97.11276766353528,27.25,97.0,25,38,44.19999694824219,81.39999389648438,206.0,284.20001220703125,365.0,115.60000610351562,13.0,27.133331298828125,193.75045776367188,4.0,2015,6,0.2985688173637202,-0.9543881083175908,27_97,1806.3824462890625,33.41934168711882,-0.14974969590980655,0.9887239395174573,0.002687100358795548,31.82481736999805,51.2213465267217,1293.6173095703125
1,pos,2011-06-17,26.88,88.28,27.0,88.25,24,3,34.87422561645508,47.74427032470703,68.51335906982422,198.95384216308594,366.04229736328125,76.31034088134766,13.0,15.914756774902344,120.34107208251953,60.0,2011,6,0.24893980855376657,-0.9685189578512204,26_88,1562.621337890625,21.693122731982758,-0.8662543876151834,-0.4996031784701171,-0.0007252523871981219,21.158395444848654,43.42756100728533,950.49853515625
1,pos,2016-07-01,27.0136,92.6351,27.0,92.75,24,21,30.224510192871094,60.00020980834961,79.76985168457031,195.6766357421875,327.6976013183594,60.84938049316406,15.0,20.000070571899414,125.2579116821289,60.0,2016,7,-0.00645086419810515,-0.9999791929590823,27_92,227.06201171875,5.447099475605357,0.14124511568987885,-0.989974654874433,-0.0023307247039999934,11.67414315375598,41.26387447875798,350.9585266113281
0,neg_hard,2009-08-13,27.70011996071676,88.53019123066534,27.75,88.5,27,4,6.525060176849365,25.23111915588379,60.85551452636719,141.3436279296875,280.0276794433594,38.02471923828125,15.0,8.410372734069824,93.41026306152344,47.0,2009,8,-0.666088855860977,-0.7458723993404063,27_88,3954.597900390625,30.47092041580723,0.491082894284183,0.8711128462727834,0.001198219128576353,25.617601615531623,42.09012012499954,1649.445556640625
0,neg_general,2013-07-29,26.64093723108994,91.2540120020012,26.75,91.25,23,15,0.0,25.859764099121094,86.91500854492188,153.7641143798828,335.4378356933594,102.4708480834961,7.0,8.619921684265137,115.53491973876953,5.0,2013,7,-0.45370308603134424,-0.8911529104063088,26_91,61.52755355834961,1.0210468335630842,-0.08421143989576386,-0.9964479080166119,-0.001223085232194689,0.7470741380477723,3.6524956015347785,13.232006072998047
0,neg_general,2014-05-14,26.41184955542075,88.02382082534932,26.5,88.0,22,2,0.0,3.4203238487243652,37.75841522216797,126.78960418701172,135.32342529296875,75.29629516601562,6.0,1.1401079893112183,49.87608337402344,12.0,2014,5,0.742280907086982,-0.6700888411055113,26_88,65.52539825439453,0.2944523456539962,-0.4933503659936824,-0.8698306825893759,-0.0006483879874655332,0.3702118922127449,2.101764207322359,9.293991088867188
0,neg_wet,2009-07-30,26.437497482414454,89.45166387577856,26.5,89.5,22,8,32.7191276550293,65.88798522949219,165.77964782714844,185.2421417236328,532.6044921875,99.46917724609375,8.0,21.962661743164062,166.57147216796875,25.0,2009,7,-0.46896519100763184,-0.8832166493127127,26_89,46.23346710205078,0.2134211348339715,0.027627519079223593,-0.9996182872424489,4.172142085970912e-05,0.5391478708124837,2.0534700654839617,10.658935546875
0,neg_general,2010-06-17,25.8426339321538,91.0377216173068,25.75,91.0,19,14,21.834871292114258,79.08692932128906,152.00088500976562,606.1119995117188,957.3806762695312,285.0642395019531,15.0,26.3623104095459,326.8748779296875,8.0,2010,6,0.24893980855376657,-0.9685189578512204,25_91,333.18682861328125,5.113796775376687,-0.8979694318809484,-0.4400578364344928,0.000990427116894111,12.010556718285752,33.607202144000595,486.7604675292969
0,neg_general,2015-10-17,26.54473941765885,91.65340109376758,26.5,91.75,22,17,0.0,0.25200822949409485,10.908607482910156,13.499161720275879,73.09358978271484,9.342130661010742,1.0,0.08400274068117142,15.952607154846191,48.0,2015,10,-0.9620675724981452,0.27281126433401914,26_91,62.23125076293945,0.11283587648781851,-0.85162576619157,-0.5241503165682735,-9.454246865145754e-05,0.8203824879737175,3.655203755170138,15.191001892089844
0,neg_hard,2011-07-04,26.96592207591851,93.71415728601583,27.0,93.75,24,25,17.3309326171875,54.566505432128906,75.17560577392578,192.22601318359375,258.7750244140625,91.33967590332031,13.0,18.18883514404297,111.37496948242188,11.0,2011,7,-0.04084439154329611,-0.9991655196610109,26_93,94.00479125976562,0.2526531813394744,0.4470286773627878,-0.8945196261766851,0.0001172494773560222,0.5725462211855523,2.447585600742428,19.23345947265625
0,neg_hard,2013-06-23,27.907813446858093,93.04334702670613,28.0,93.0,28,22,7.534591197967529,13.27553653717041,38.11153030395508,51.997371673583984,122.42192077636719,22.69841957092285,6.0,4.4251790046691895,42.69932174682617,51.0,2013,6,0.14782713347053048,-0.9890132145779883,27_93,2263.7373046875,31.062159144832588,0.3522846465705363,0.9358929040176939,0.005216010996682228,30.457568547209654,54.309019387221944,1036.3399658203125
0,neg_hard,2013-10-06,26.6642947007506,88.39213190953808,26.75,88.5,23,4,23.931472778320312,33.18644714355469,33.99482727050781,78.41883850097656,245.51138305664062,47.24164581298828,5.0,11.062149047851562,75.49638366699219,35.0,2013,10,-0.9962102997023297,0.0869772313136861,26_88,107.74435424804688,0.11970718933056748,-0.6809358667933694,-0.7323430516597824,1.9806015205775993e-05,0.37517930402775695,2.1750914555618186,10.973739624023438
0,neg_general,2007-06-22,25.601691381902107,90.64430118021285,25.5,90.75,18,13,8.715168952941895,25.92400360107422,353.82965087890625,863.15771484375,1031.687255859375,395.83380126953125,15.0,8.641334533691406,390.954345703125,4.0,2007,6,0.16481784665719793,-0.9863240225317866,25_90,519.852294921875,3.2894130989816306,0.7966611974867706,0.6044261215557653,-0.003742810695504013,8.76127022452051,25.16262236912611,318.9081726074219
0,neg_general,2014-06-24,25.35795362151089,94.54814724898746,25.25,94.5,17,28,0.1825614869594574,18.71718406677246,96.06224060058594,278.40704345703125,319.4681701660156,144.61585998535156,11.0,6.23906135559082,137.47085571289062,9.0,2014,6,0.13079267585675922,-0.9914097417023038,25_94,1058.4271240234375,13.972154254411972,0.8795057127109683,-0.4758883286116309,0.003045278402550141,18.3922020269876,45.357058938063105,619.5678100585938
0,neg_hard,2014-10-13,27.476979840714126,91.82178098065187,27.5,91.75,26,17,0.0,1.5536192655563354,1.5536192655563354,2.672224998474121,246.81924438476562,43.17153549194336,0.0,0.5178731083869934,36.434444427490234,21.0,2014,10,-0.9785481345802031,0.20601832032517084,27_91,3710.64208984375,37.283015334865375,-0.8525509071596488,0.5226441913015584,-0.0082052231821235,29.098041650830176,45.80269067420147,1256.508056640625
0,neg_hard,2012-09-23,26.061148663640825,91.89692923137358,26.0,92.0,20,18,0.0,0.0,0.0,0.0,68.37430572509766,0.0,0.0,0.0,6.125462055206299,60.0,2012,9,-0.9928872135356962,-0.11905873003404988,26_91,62.09400939941406,1.163580777490969,-0.3467593539320369,0.9379541302540526,-0.000722552305794528,8.124642193343673,35.88220740016751,347.9158935546875
1,pos,2015-08-12,25.6237,94.1136,25.5,94.0,18,26,3.30962872505188,31.104801177978516,62.134586334228516,114.85330200195312,264.58148193359375,47.800960540771484,8.0,10.368267059326172,80.18927764892578,27.0,2015,8,-0.65316012232693,-0.7572198192083127,25_94,1621.5382080078125,28.195655784652594,0.8693823887176604,0.4941399216695358,0.0033264662127411217,19.646536290222798,42.27778988798659,903.8837890625
0,neg_hard,2015-08-27,25.5885946913655,92.05492240331502,25.5,92.0,18,18,0.756275475025177,7.814833164215088,123.83184814453125,458.3311767578125,587.482177734375,283.109375,12.0,2.6049444675445557,225.54489135742188,6.0,2015,8,-0.8247650844733614,-0.5654755126737576,25_92,1107.1903076171875,19.26421907639832,-0.31878837364024093,0.9478259190546596,-0.007539336107196695,11.926235513338781,40.23504059208923,314.89837646484375
0,neg_general,2012-08-12,29.606183908983528,95.48209978049888,29.5,95.5,34,32,0.0,0.0,0.0,0.0,0.0,0.0,0.0,0.0,2.7157753849958184e-27,60.0,2012,8,-0.666088855860977,-0.7458723993404063,29_95,1648.63134765625,21.03667171317706,-0.9747100024587795,-0.22347351321086364,0.004804102348557106,26.185577279416172,49.82820390672385,849.5255126953125
0,neg_general,2015-07-09,27.679399658897722,91.67796386465508,27.75,91.75,27,17,0.0,3.6024274826049805,92.47554779052734,130.8419952392578,429.3949279785156,86.80926513671875,8.0,1.200809121131897,113.71723937988281,4.0,2015,7,-0.12652781683868314,-0.9919630595773397,27_91,2984.137939453125,40.53137900120181,0.6367137467445199,-0.7711002559372908,0.0019469963960835458,33.99811203831257,53.21397723823095,1684.529052734375
0,neg_wet,2015-07-09,24.0511222999169,91.35648211353512,24.0,91.25,12,15,42.9102897644043,100.33314514160156,119.22917175292969,150.9626922607422,294.85711669921875,100.33314514160156,8.0,33.44438171386719,130.54331970214844,28.0,2015,7,-0.12652781683868314,-0.9919630595773397,24_91,12.091288566589355,0.26756670877771305,0.15881174980285975,0.9873088818219726,-0.00028854028833062305,0.6314233041601952,1.7661186141327117,11.573016166687012
0,neg_hard,2014-07-29,24.718159959161987,92.24912653721599,24.75,92.25,15,19,35.64970016479492,81.51245880126953,182.30380249023438,277.1331787109375,531.86181640625,108.91291809082031,12.0,27.170820236206055,201.04771423339844,4.0,2014,7,-0.45370308603134424,-0.8911529104063088,24_92,34.1363639831543,1.4885937073626647,-0.5932742555362512,0.8050004085203354,0.0017412978332596507,3.856992608292617,14.435997840432291,107.47633361816406
0,neg_general,2015-10-11,24.89823352647368,92.14313676047306,25.0,92.25,16,19,0.0,52.47898483276367,138.4442138671875,145.31594848632812,293.42095947265625,95.47578430175781,6.0,17.49299430847168,132.64437866210938,30.0,2015,10,-0.9850556718215013,0.172236243027682,24_92,12.845880508422852,0.5385942378884038,-0.8458770702794292,-0.5333778979068121,-0.00015082021587482281,0.8156403144582396,3.9974378268166872,13.695375442504883
1,pos,2016-04-22,27.5799,91.8569,27.5,91.75,26,17,37.051429748535156,97.1854248046875,122.18907928466797,148.9951171875,191.44854736328125,97.1854248046875,11.0,32.3951416015625,120.42977905273438,60.0,2016,4,0.9312100364121947,-0.3644830148102912,27_91,2757.57470703125,20.85765131044038,-0.905018524412172,-0.4253721552603259,-0.0015475927297213961,22.417896280180056,46.314714943404454,856.38720703125
0,neg_wet,2008-09-27,25.295235684881064,92.55537993397851,25.25,92.5,17,20,2.645893096923828,28.69977378845215,114.51484680175781,144.54518127441406,394.38775634765625,83.14486694335938,10.0,9.566591262817383,125.98172760009766,16.0,2008,9,-0.9987235240803972,-0.050510617185222886,25_92,1023.8402099609375,9.714975744562215,-0.5536158733649132,-0.8327721565700935,-0.00032920531278338996,12.1307782826978,29.689404537732436,421.2142333984375
0,neg_wet,2014-08-27,27.75625561620289,96.125787100299,27.75,96.25,27,35,0.0,117.50391387939453,198.7220916748047,395.7884216308594,482.2578430175781,179.8875732421875,13.0,39.167972564697266,224.21311950683594,2.0,2014,8,-0.8247650844733614,-0.5654755126737576,27_96,191.80906677246094,0.6087845692727945,0.8368277443244323,-0.5474662787139337,0.0010975183528094189,1.3149886631989163,4.445030248388348,23.064437866210938
0,neg_wet,2009-07-25,25.177153372933493,92.27458761913174,25.25,92.25,17,19,0.0,48.95829772949219,68.7740249633789,92.31399536132812,295.42901611328125,68.7740249633789,7.0,16.319433212280273,87.46208190917969,29.0,2009,7,-0.3913578365610259,-0.9202385798054075,25_92,678.3310546875,4.927171346092916,-0.16864128843324233,-0.9856774907826474,0.0019141453198850448,10.409670073805783,28.97764116396957,477.74310302734375
0,neg_general,2014-07-28,28.252944547079977,93.3417099938598,28.25,93.25,29,23,2.356482982635498,8.745988845825195,59.8137321472168,413.10186767578125,688.740478515625,279.9583435058594,8.0,2.915329694747925,181.725341796875,10.0,2014,7,-0.4383067230125192,-0.898825465016444,28_93,2712.26953125,18.25875137057735,0.5962138209755715,0.8028256844905431,0.002144440260207715,20.230617167298906,47.48116835187464,1000.24169921875
0,neg_wet,2010-08-30,27.551047421177053,93.27704907356117,27.5,93.25,26,23,13.262158393859863,52.84107208251953,109.98461151123047,268.3594970703125,425.04815673828125,98.87437438964844,12.0,17.613691329956055,164.12197875976562,9.0,2010,8,-0.8528367217694595,-0.522177676659508,27_93,2126.26318359375,29.97832695572866,0.03398091729355452,-0.999422481866347,-0.0013127430607149276,29.588352821281173,48.89089662844201,1051.7257080078125
0,neg_wet,2011-08-05,27.375047413379562,94.99057109353038,27.5,95.0,26,30,39.335113525390625,84.17048645019531,85.54908752441406,219.8319549560547,358.6929931640625,84.17048645019531,8.0,28.05682945251465,148.38819885253906,45.0,2011,8,-0.5574684374327892,-0.8301981337405212,27_94,104.0274429321289,0.17835744096886338,-0.441815787040628,0.8971057966158007,0.0002976223759654004,0.7882225361012312,4.856142447255892,19.186920166015625
0,neg_general,2014-06-29,27.16620441810624,95.06363989562156,27.25,95.0,25,30,7.541636943817139,55.71396255493164,100.42377471923828,169.29330444335938,318.07025146484375,55.71396255493164,11.0,18.571321487426758,126.15674591064453,17.0,2014,6,0.04514101777397193,-0.9989806246941579,27_95,105.07089233398438,0.49435182376499415,0.802023296475479,0.5972927522669315,0.00031033453782416563,0.8935576882389037,3.132675364735287,15.916114807128906
0,neg_wet,2010-05-17,28.3808459908749,95.55598457096868,28.5,95.5,30,32,18.051326751708984,84.48507690429688,170.3502655029297,263.76953125,950.598876953125,94.93392944335938,13.0,28.161691665649414,222.4561309814453,22.0,2010,5,0.7067265555776158,-0.7074868024503348,28_95,1959.8358154296875,39.0099717367326,0.9803770297484453,0.19713162998772157,0.004373359184763063,34.90271333625422,59.75837857779945,1497.2061767578125
0,neg_hard,2012-10-17,26.95189101406944,92.86412291378588,27.0,92.75,24,21,0.0,0.0,0.0,0.0,0.0,0.0,0.0,0.0,0.5606769919395447,60.0,2012,10,-0.957232443323312,0.28931997761869527,26_92,101.7105941772461,0.8113606873413661,-0.10567986221511563,-0.9944002045063115,0.00015091416732978557,3.874234787063782,20.45898252470428,154.99642944335938
0,neg_hard,2011-07-08,27.437856898763517,88.48036279619556,27.5,88.5,26,4,5.751758098602295,15.783702850341797,65.32498168945312,200.77920532226562,324.18597412109375,76.539306640625,15.0,5.261234283447266,115.0030746459961,60.0,2011,7,-0.10944576864891556,-0.993992768446958,27_88,1727.2120361328125,37.55182753591362,0.5134348931470933,-0.8581285512666694,0.006730019719118964,30.64839606346028,57.900587176304,1487.771484375
1,pos,2009-08-19,27.2644,88.1365,27.25,88.25,25,3,84.83863830566406,106.65985870361328,212.75241088867188,275.81365966796875,460.9613037109375,106.65985870361328,10.0,35.553287506103516,216.021240234375,0.0,2009,8,-0.7393922635959241,-0.673274892250183,27_88,1285.5162353515625,20.921328982178995,0.5033495653578898,0.8640828751074884,0.004410756443329186,23.637749593900676,44.63307870585965,906.72265625
0,neg_hard,2008-09-27,26.421241889245227,94.94308140154946,26.5,95.0,22,30,15.336606979370117,25.104705810546875,57.105926513671875,84.72368621826172,223.3439178466797,28.032936096191406,7.0,8.36823558807373,65.55876922607422,55.0,2008,9,-0.9987235240803972,-0.050510617185222886,26_94,1145.58984375,18.303531215287883,-0.4844535616035316,0.8748169789445408,-0.00010587272948831277,21.463644321162647,39.087096866957964,786.7163696289062
0,neg_wet,2013-06-05,27.739058461435526,88.87021112249792,27.75,88.75,27,5,78.68035888671875,148.09890747070312,260.0140380859375,315.99725341796875,512.3115844726562,148.09890747070312,13.0,49.366302490234375,253.171630859375,0.0,2013,6,0.44216815196707204,-0.8969321743510065,27_88,5128.06884765625,23.014608515656338,-0.44227493616537067,-0.8968795241502157,0.0018977327320580883,25.629302635316506,51.08588005681216,1323.70263671875
0,neg_general,2007-03-09,24.325621090333545,88.00087058865837,24.25,88.0,13,2,0.0,0.0,0.0,17.120468139648438,52.801063537597656,16.92208480834961,2.0,0.0,10.734296798706055,60.0,2007,3,0.9206588168102428,0.3903682146763026,24_88,23.42743682861328,0.3221480687718049,-0.9933702115509236,0.11495922234981024,2.785610352726442e-05,0.33666406981202246,1.5074361605685058,11.304065704345703
0,neg_general,2016-10-04,24.467804498542996,88.35708697650243,24.5,88.25,14,3,3.505974531173706,3.505974531173706,16.119749069213867,164.04310607910156,253.23287963867188,83.7198715209961,8.0,1.1686581373214722,75.50872039794922,13.0,2016,10,-0.9975590477788613,0.06982797572987089,24_88,31.63162612915039,0.9153252234231561,0.9965321885044958,0.08320815629756523,6.290177922120572e-05,0.6136374459644636,2.4249845753799715,18.151193618774414
1,pos,2012-06-22,26.1226,91.7162,26.0,91.75,20,17,10.85966682434082,16.130962371826172,37.737831115722656,76.1395492553711,190.84576416015625,28.597980499267578,10.0,5.376987457275391,63.23015213012695,60.0,2012,6,0.14782713347053048,-0.9890132145779883,26_91,77.5579605102539,18.537394936726457,0.5827559335780755,-0.8126472308939136,0.006220718528164136,4.270053198856051,30.863885466175823,185.1911735534668
0,neg_wet,2015-05-25,24.377123784542146,92.64334139377526,24.5,92.75,14,21,2.569689989089966,29.847490310668945,35.23680877685547,115.00875854492188,224.9077606201172,57.79653549194336,9.0,9.949163436889648,83.10916900634766,33.0,2015,5,0.6029878670694714,-0.7977503570459932,24_92,68.12848663330078,11.777472229162523,-0.978285543035444,0.20726166140375912,0.0003428491200755171,8.103845256815303,21.772010100064048,169.67000198364258
0,neg_general,2009-09-22,25.72061137748444,90.18531169916366,25.75,90.25,19,11,4.651042938232422,20.96676254272461,75.55070495605469,90.1231689453125,149.78305053710938,66.4455795288086,6.0,6.98892068862915,76.85526275634766,36.0,2009,9,-0.9882042449941422,-0.15314166701312007,25_90,179.90733337402344,4.376547334683784,0.7037601067159259,-0.7104376905789758,-0.0008715382555620408,4.782042610205337,18.96443233019554,112.86526489257812
0,neg_general,2007-08-20,26.544594653397343,88.45201392695913,26.5,88.5,22,4,3.849926710128784,39.858604431152344,394.8565673828125,415.87115478515625,961.035400390625,317.60791015625,10.0,13.286201477050781,316.0609436035156,3.0,2007,8,-0.7508642533989489,-0.6604565640279754,26_88,96.34989166259766,0.4471493228618295,0.7233751630503213,0.6904551929574584,-0.0003544071505178117,0.5298692529844572,2.2477133086239225,13.766410827636719
0,neg_hard,2010-05-26,25.26888664680176,92.60434673138465,25.25,92.5,17,20,33.828243255615234,41.291053771972656,100.56694030761719,272.0438537597656,395.263671875,135.53799438476562,13.0,13.763684272766113,151.57034301757812,13.0,2010,5,0.5891760872322963,-0.8080046647350754,25_92,1425.2513427734375,15.11336025132766,-0.3263804512548477,0.9452384889744397,-0.002028414676917566,12.569832950243027,30.656845776732165,306.222900390625
0,neg_wet,2014-09-11,26.520872262070593,90.25724444631953,26.5,90.25,22,11,19.32570457458496,29.95162582397461,29.95162582397461,97.80891418457031,773.4363403320312,100.5903549194336,4.0,9.983875274658203,138.0347137451172,16.0,2014,9,-0.9417589340994617,-0.33628873017668287,26_90,62.05220031738281,1.0696714969603058,-0.380929315340138,-0.9246041621767088,-0.0018656557459892896,0.9388188823748856,3.0278554586456243,18.362144470214844
0,neg_general,2013-06-23,26.137627959484977,91.28621281255761,26.25,91.25,21,15,56.90913009643555,58.02252197265625,59.28925323486328,62.117271423339844,152.15689086914062,58.02252197265625,1.0,19.34084129333496,72.3785171508789,0.0,2013,6,0.14782713347053048,-0.9890132145779883,26_91,44.6973762512207,0.5028388294195102,-0.9928272766032421,0.11955751265641769,-0.000380498530616102,0.35914630988913954,2.015333827933504,7.309726715087891
0,neg_general,2014-05-28,25.86128300976571,93.55078961917826,25.75,93.5,19,24,3.9969701766967773,12.897171974182129,14.079752922058105,15.032368659973145,109.06187438964844,12.897171974182129,2.0,4.299057483673096,22.654796600341797,60.0,2014,5,0.5610336262283677,-0.8277930117131022,25_93,236.4349822998047,5.7846458862256425,0.01224980596257785,-0.9999249683120625,-0.0014765662792258054,4.706111003394925,12.804976798226505,88.284423828125
0,neg_hard,2012-09-09,25.335073516118726,90.4518903735528,25.25,90.5,17,12,24.976791381835938,29.768497467041016,43.17963409423828,51.75726318359375,74.61097717285156,29.768497467041016,6.0,9.922832489013672,46.6031379699707,60.0,2012,9,-0.9358348973349941,-0.35243871088460327,25_90,84.85796356201172,7.198859683591733,-0.952941231665596,0.3031550906576648,-0.0017820393954550632,6.455267853475789,25.28280038943403,130.0883026123047
0,neg_general,2014-07-22,26.22038403248422,92.12537324020708,26.25,92.25,21,19,4.6556525230407715,4.827033996582031,85.1341552734375,132.00767517089844,244.1819610595703,89.41447448730469,7.0,1.6090112924575806,83.79118347167969,6.0,2014,7,-0.34336687399638804,-0.939201357453208,26_92,55.05760192871094,0.3774532034201202,-0.35277127691431054,0.9357095843178304,-0.00010660209281230631,0.7939337270599245,7.383746277900964,34.85519027709961
0,neg_wet,2014-06-07,26.126452856407507,90.00603507468286,26.25,90.0,21,10,86.65763854980469,157.87521362304688,178.00619506835938,311.2720642089844,526.3124389648438,157.87521362304688,9.0,52.62507247924805,238.48898315429688,0.0,2014,6,0.4110537546870351,-0.9116111071930239,26_90,29.479677200317383,0.9408309941046378,0.2742177472533123,-0.9616676281810252,0.00031158315119033915,0.5078983368975388,6.089457559158139,22.486392974853516
0,neg_general,2016-08-14,24.49547266689529,92.1284858334237,24.5,92.25,14,19,0.0,2.8133163452148438,50.739830017089844,77.73652648925781,267.897705078125,61.15885925292969,7.0,0.9377720952033997,73.5279769897461,60.0,2016,8,-0.6913512362094071,-0.722518835873311,24_92,23.334365844726562,3.146298822398414,0.8803597759702065,-0.47430650939417623,0.0038686580945407768,2.935104673867991,16.09384104040193,62.41510486602783
0,neg_wet,2016-07-02,23.907729276451192,91.88665416473616,24.0,92.0,12,18,24.592891693115234,47.35405731201172,85.18414306640625,140.18508911132812,353.9558410644531,88.54783630371094,8.0,15.784686088562012,116.43425750732422,41.0,2016,7,-0.023651127245231586,-0.9997202729664083,23_91,114.9068832397461,1.856061217561614,0.17456901063172767,-0.9846449413504645,-0.0022854378711148486,3.3804819818942673,12.458342347547449,65.08479309082031
0,neg_general,2016-04-15,24.16761629750461,93.39219552198156,24.25,93.5,13,24,11.523575782775879,24.47796630859375,25.293842315673828,78.85128784179688,127.25985717773438,33.138492584228516,10.0,8.159321784973145,49.012001037597656,60.0,2016,4,0.9682507501166718,-0.2499809690726521,24_93,1465.662841796875,21.746459796999304,-0.984744486438963,0.17400659880608854,0.006635076555745432,23.647882063090204,48.730233251127295,874.2063598632812
0,neg_wet,2013-07-13,27.195382770548377,88.35533573295224,27.25,88.25,25,3,3.5908823013305664,35.19279479980469,180.3733367919922,313.76495361328125,486.0128173828125,111.04705047607422,14.0,11.730931282043457,197.84510803222656,38.0,2013,7,-0.19443122004766195,-0.9809161537413774,27_88,760.1785888671875,34.23401653177456,0.5774533107733166,-0.8164237097714246,0.0028494173737070123,29.77658681545791,51.04957751958204,1177.2925109863281
0,neg_hard,2015-09-18,25.18357266911382,93.78450087929149,25.25,93.75,17,25,0.0,0.48365816473960876,2.0012545585632324,27.447832107543945,135.10276794433594,51.80331802368164,3.0,0.16121938824653625,24.13001823425293,48.0,2015,9,-0.9753363880767837,-0.2207236509605022,25_93,997.3843994140625,19.633280706399738,-0.999248497678851,0.03876131946359826,0.0010151498240511825,22.35046536041569,56.70712808695223,819.6746215820312
0,neg_general,2007-07-27,26.936756374937936,95.26499704992156,27.0,95.25,24,31,23.43623161315918,77.13461303710938,197.03598022460938,370.9538269042969,581.8825073242188,103.21649169921875,13.0,25.711538314819336,241.72738647460938,11.0,2007,7,-0.4227806579826773,-0.9062320427107697,26_95,513.1819458007812,12.676977639099812,0.3808843401768334,0.9246226902948349,0.0005744569003130831,19.668355549849803,42.17191406113677,707.7041015625
0,neg_wet,2007-06-09,26.13695386225486,93.34843808143864,26.25,93.25,21,23,6.897751808166504,33.10609817504883,37.33766555786133,71.52754211425781,132.4337615966797,33.10609817504883,8.0,11.03536605834961,47.13382339477539,60.0,2007,6,0.37945284372454435,-0.925211078289358,26_93,434.75421142578125,25.47572369211008,0.1369513205993976,-0.9905777787665545,-0.0019314779892027078,12.510539990562105,28.19419715403763,369.8525085449219
0,neg_general,2008-09-17,23.684302368696272,92.24260113398323,23.75,92.25,11,19,4.1679816246032715,24.149538040161133,85.45783233642578,157.9189910888672,371.1271667480469,59.18340301513672,10.0,8.049845695495605,109.26207733154297,27.0,2008,9,-0.9753363880767837,-0.2207236509605022,23_92,296.64373779296875,8.17820369950833,-0.8924888561493723,-0.451069442158505,-0.0055336412409727215,11.184391776658671,30.88104516254979,314.9769287109375
1,pos,2014-09-23,25.7238,89.9032,25.75,90.0,19,10,48.67731857299805,497.90264892578125,526.8351440429688,576.2034912109375,700.6820068359375,497.90264892578125,10.0,165.96754455566406,501.0169982910156,1.0,2014,9,-0.9906923101615609,-0.13612033862266704,25_89,36.08806610107422,3.739603219589878,-0.7088657702601321,-0.7053434055504522,-0.0004655354092460574,1.770070528466672,7.155878941485922,61.245391845703125
1,pos,2010-08-27,27.3392,88.6188,27.25,88.5,25,4,70.56049346923828,159.8609619140625,277.7849426269531,476.5526428222656,731.0437622070312,159.8609619140625,15.0,53.2869873046875,328.642822265625,0.0,2010,8,-0.8247650844733614,-0.5654755126737576,27_88,1861.66748046875,17.65997891478374,0.6337513200077951,-0.7735368539302941,0.005409338614699293,22.915195316281835,41.93031267879779,1156.8544921875
0,neg_general,2008-09-03,27.762350987667087,91.37602409238197,27.75,91.5,27,16,10.970733642578125,15.233925819396973,43.60015106201172,59.5758056640625,195.73727416992188,24.976943969726562,9.0,5.077975273132324,51.16719055175781,60.0,2008,9,-0.8945422369764496,-0.4469834295196741,27_91,3866.192626953125,12.552460601177135,0.26116347156603376,0.9652945877397104,-0.0026278403562322136,27.13885659020055,56.88528667284829,1484.378173828125
0,neg_wet,2015-06-21,28.60821038342767,94.10163668705523,28.5,94.0,30,26,5.915221691131592,100.42434692382812,184.2332000732422,430.15509033203125,642.6395874023438,130.01934814453125,14.0,33.47478103637695,254.5552978515625,1.0,2015,6,0.18175978759137534,-0.9833429613388902,28_94,1937.2694091796875,6.595108605396346,0.3570671668852248,0.9340787109941855,0.001735203025053592,8.437937573874395,35.5062284140298,397.458251953125
0,neg_wet,2015-05-19,27.014833402675745,94.83747241045926,27.0,94.75,24,29,17.678804397583008,27.4755802154541,107.38597869873047,115.47198486328125,214.6490936279297,74.18495178222656,8.0,9.158526420593262,93.6698989868164,44.0,2015,5,0.6819721490904629,-0.7313781428679254,27_94,101.17243957519531,3.613549690952156,0.5190899999439444,0.8547195867407016,-0.0006465692661724945,1.240825152339532,5.12792069506979,18.481224060058594
0,neg_general,2014-07-18,23.723020429488418,91.66433654884952,23.75,91.75,11,17,0.19514203071594238,12.079509735107422,115.74103546142578,174.37893676757812,418.3794860839844,85.35929107666016,12.0,4.026503086090088,121.93810272216797,26.0,2014,7,-0.2779791393987801,-0.9605871111248129,23_91,73.74766540527344,0.9102655319976569,0.03850528444883681,-0.9992583965469163,0.0022500270852904235,3.1908423933154118,10.459529544760317,42.23764419555664
0,neg_general,2016-08-05,25.97560856378872,89.73637829117986,26.0,89.75,20,9,0.5748852491378784,3.0197324752807617,105.9271240234375,193.9808349609375,368.3598937988281,97.75106811523438,10.0,1.006577491760254,135.94493103027344,3.0,2016,8,-0.5716666713027052,-0.8204859638785327,25_89,31.760818481445312,0.10823757288339411,-0.8333658225524101,0.5527218159269136,-0.0002126552383246677,0.6912851175186446,2.618687071712061,12.133647918701172
0,neg_wet,2012-07-03,26.619958982604263,90.33862824327663,26.5,90.25,22,11,3.700590133666992,28.829030990600586,193.0401611328125,554.710205078125,1314.724853515625,410.4974060058594,10.0,9.6096773147583,367.72198486328125,6.0,2012,7,-0.04084439154329611,-0.9991655196610109,26_90,78.06748962402344,0.20192711664234558,-0.5747941983014044,-0.8182980078180844,-9.861325449071905e-05,0.3049617172534197,1.4146910522498257,11.560478210449219
0,neg_hard,2009-09-03,25.2797968868381,90.4950410006375,25.25,90.5,17,12,12.422045707702637,59.275917053222656,73.64493560791016,315.4165344238281,1106.93603515625,167.4954071044922,13.0,19.758638381958008,252.8329620361328,13.0,2009,9,-0.886721063082993,-0.46230483047981086,25_90,71.66187286376953,6.501897092649,-0.9913626770618172,0.13114893262557248,-0.0021705339342195174,9.187417992663628,25.11047424393154,187.2563934326172
0,neg_general,2014-08-16,24.008705799354956,92.71500807537481,24.0,92.75,12,21,7.231853485107422,11.40636920928955,17.6502685546875,45.60453414916992,105.27252197265625,23.036029815673828,5.0,3.8021230697631836,32.15338897705078,60.0,2014,8,-0.7036774074790128,-0.7105196029692745,24_92,610.6846923828125,28.495072857747598,-0.8640281583847214,0.5034434839366846,0.002817829730926527,19.917925007169874,42.04916571935242,664.3987426757812
0,neg_hard,2011-09-12,26.127792910914266,91.70285760553159,26.25,91.75,21,17,0.0,15.021198272705078,72.27742004394531,90.09636688232422,250.8695068359375,56.74656295776367,7.0,5.007066249847412,66.5054702758789,29.0,2011,9,-0.9474042892438845,-0.32003923622313857,26_91,164.3229217529297,6.303091890668628,0.36921943049276273,-0.9293422470471252,-0.00213299961618479,6.4233792147050846,30.86406920099821,206.5772361755371
1,pos,2010-04-20,26.1978,91.7665,26.25,91.75,21,17,28.944425582885742,85.79954528808594,119.3250503540039,127.25462341308594,202.7014923095703,85.79954528808594,7.0,28.5998477935791,112.56352996826172,60.0,2010,4,0.9487718864399473,-0.31596187665790293,26_91,77.6644515991211,9.854942337011016,0.8521121181288329,-0.5233592820787589,-0.0012908421557562425,3.9000082693098723,21.986072211006462,167.07102966308594
0,neg_wet,2016-06-19,28.945674315611072,95.56792053998262,29.0,95.5,32,32,38.11183547973633,49.105010986328125,153.90554809570312,204.09902954101562,316.7214050292969,108.03184509277344,11.0,16.368337631225586,139.67298889160156,6.0,2016,6,0.19864794288017112,-0.9800709131432666,28_95,3748.68310546875,35.51740354508197,-0.8415996780447346,0.5401018255060791,0.0006336615876915531,24.30374358128755,41.92103843282026,704.852783203125
0,neg_general,2013-05-16,26.533703083609048,90.3207480029456,26.5,90.25,22,11,0.0,22.30651092529297,81.77815246582031,203.4438934326172,313.8379821777344,80.29190063476562,10.0,7.4355034828186035,109.56133270263672,60.0,2013,5,0.7187918772884232,-0.6952253139408722,26_90,59.1591796875,0.5103584648238394,0.9968838102810657,0.07888389442404815,0.00021705290438047157,0.6460979974759786,2.44422523434636,15.274559020996094
0,neg_hard,2011-01-18,24.882758973126396,92.65383668109214,25.0,92.75,16,21,0.0,15.880352973937988,15.880352973937988,17.671527862548828,19.538923263549805,15.880352973937988,1.0,5.293450832366943,15.849250793457031,60.0,2011,1,0.3047192331091634,0.9524422234305676,24_92,15.108444213867188,0.20457289983978091,-0.8760570169625291,0.4822075310804622,4.121368305028429e-05,0.44463482165538826,2.5534580912417812,11.76483154296875
0,neg_hard,2012-09-10,24.56945762000832,92.4240475124171,24.5,92.5,14,20,5.039975166320801,26.529621124267578,35.16624069213867,182.27528381347656,372.9629211425781,112.75637817382812,9.0,8.843207359313965,106.6274642944336,11.0,2012,9,-0.9417589340994617,-0.33628873017668287,24_92,14.924595832824707,0.0676721791889165,0.41080356444828425,0.9117238789439401,5.4794195151556066e-05,0.7781438385393356,4.076212930725292,15.447307586669922
0,neg_general,2011-07-27,26.586043199435057,88.76160377500257,26.5,88.75,22,5,24.19691276550293,48.916893005371094,77.07434844970703,232.8210906982422,432.9748229980469,85.75972747802734,13.0,16.305631637573242,141.18360900878906,12.0,2011,7,-0.4227806579826773,-0.9062320427107697,26_88,86.97145080566406,0.09346168046276898,0.7966426379214213,-0.6044505831295055,-1.8638299208601617e-05,0.41997561030618724,2.273084297058159,9.429672241210938
0,neg_hard,2008-09-16,27.129230498559668,88.45438607184909,27.25,88.5,25,4,4.487246036529541,25.27863883972168,52.19329833984375,254.3359832763672,697.0001220703125,111.4344253540039,11.0,8.426213264465332,166.1985321044922,19.0,2008,9,-0.97139528468375,-0.23746831555846842,27_88,548.2713623046875,14.404301396380228,0.9037863587918852,-0.4279838988346475,-0.0026018406096289127,24.621005393823488,43.69848253698058,871.378662109375
0,neg_hard,2012-10-04,27.872857329802038,88.41488154322244,27.75,88.5,27,4,31.353771209716797,63.208946228027344,75.04995727539062,199.22528076171875,411.1912841796875,85.15983581542969,13.0,21.06964874267578,135.40164184570312,60.0,2012,10,-0.9975590477788613,0.06982797572987089,27_88,4459.42041015625,2.075396319866266,0.3897636011240909,-0.9209149446277765,0.003412693531258588,18.502897381985903,40.85921103655747,739.0634765625
0,neg_general,2007-07-20,26.138914893481466,88.21206116130361,26.25,88.25,21,3,17.374893188476562,65.50129699707031,102.6090316772461,175.363037109375,323.364013671875,65.50129699707031,12.0,21.833765029907227,131.6392822265625,28.0,2007,7,-0.3108569682435036,-0.9504567035349151,26_88,53.81695556640625,1.3557232982827447,0.041234173573904194,0.9991495097980467,0.0004138764595913251,0.4184781045459966,2.743656752023156,9.81173324584961
0,neg_general,2014-06-25,27.325909728063582,96.89184319775644,27.25,97.0,25,38,13.59999942779541,42.79999923706055,81.80000305175781,135.99998474121094,214.00001525878906,42.79999923706055,11.0,14.266666412353516,86.75140380859375,48.0,2014,6,0.11371951458594969,-0.9935128947338007,27_96,1315.131591796875,13.567799356172705,-0.5031148443341349,-0.8642195631959735,-0.007861514248496737,17.487829383826366,32.72127303276895,529.6383666992188
0,neg_hard,2011-08-31,25.282447827005665,93.91455381891892,25.25,94.0,17,26,15.80000114440918,18.234954833984375,29.185640335083008,121.74715423583984,202.7042999267578,78.53813934326172,8.0,6.078318119049072,72.61573028564453,60.0,2011,8,-0.8616928164028522,-0.5074302810827518,25_93,1210.212646484375,28.43201376956762,-0.4994465379223231,0.8663447095454588,0.0012752997090862556,18.245151272369558,36.2923286474234,709.4791870117188
0,neg_wet,2009-06-26,24.2434281157182,92.71393515129185,24.25,92.75,13,21,1.1529585123062134,79.67366790771484,105.73773193359375,175.01925659179688,324.5415344238281,81.76910400390625,10.0,26.557889938354492,130.39230346679688,1.0,2009,6,0.0966127018812031,-0.9953220513156602,24_92,108.48577880859375,14.936537505022933,0.996617546528971,0.08217947402225279,0.005330489481086557,15.013929968074937,32.91202225698114,423.0541343688965
0,neg_hard,2007-08-15,27.584508194352317,92.08972032137818,27.5,92.0,26,18,7.365246772766113,35.23783874511719,51.440513610839844,68.21981048583984,505.06036376953125,74.51753997802734,5.0,11.745945930480957,112.98448944091797,18.0,2007,8,-0.6913512362094071,-0.722518835873311,27_92,3962.154296875,4.558290221914257,0.5173749685630737,0.8557588105911376,0.006855466987515589,28.007815981476682,49.12323932344337,893.061767578125
0,neg_wet,2016-08-02,23.699971939784923,91.17831478041923,23.75,91.25,11,15,4.677364826202393,70.30198669433594,82.41226196289062,163.25604248046875,371.6381530761719,137.0626220703125,9.0,23.433996200561523,127.14994812011719,15.0,2016,8,-0.5285813283559292,-0.8488826652214553,23_91,39.74787521362305,1.088116392197453,-0.5228356878321895,-0.8524334833457924,0.0016968593638057457,2.7913966809179014,8.157396276170353,57.25921583175659
0,neg_general,2011-10-04,24.587248390146293,92.92019717260305,24.5,93.0,14,22,0.0,23.776268005371094,39.9842643737793,126.59158325195312,295.8341369628906,59.40819549560547,12.0,7.925422668457031,80.63690185546875,28.0,2011,10,-0.9986126020839734,0.052658056924614005,24_92,54.496707916259766,0.48623825976099433,0.9579661345657015,-0.286881308253515,-0.0007285904280417474,1.5840499447573124,5.211157407518115,42.4312629699707
0,neg_general,2011-06-13,24.973470055153857,87.9813871262737,25.0,88.0,16,2,0.0,0.7152684926986694,3.03488826751709,13.437299728393555,23.276182174682617,9.021349906921387,1.0,0.23842282593250275,6.054996490478516,60.0,2011,6,0.31494162072895193,-0.9491110448902284,24_87,24.596900939941406,0.47474375155960247,0.9979868264143302,-0.06342156024140055,-0.0006768298455121409,0.49411072064144745,3.0315755525704646,13.342048645019531
0,neg_general,2012-10-23,27.167906205592196,92.70278085480187,27.25,92.75,25,21,0.0,0.0,0.0,0.0,0.0,0.0,0.0,0.0,0.31979039311408997,60.0,2012,10,-0.9223291176290545,0.3864052261209853,27_92,482.9752502441406,15.644620877038703,0.33124211438471873,0.943545792030223,-0.009670451622517149,23.469852243739652,42.95690488515971,925.404541015625
0,neg_hard,2013-07-01,24.965647750199615,93.1567080878164,25.0,93.25,16,23,5.724109172821045,29.554615020751953,72.65584564208984,115.76187133789062,144.9326171875,41.52906036376953,7.0,9.85153865814209,72.88988494873047,58.0,2013,7,0.01075130776352193,-0.9999422030204416,24_93,114.26278686523438,2.314462235247675,0.4429687242935337,-0.8965370652113382,-0.005305288277829271,5.292287281171251,18.696488635291,103.65837860107422
1,pos,2013-09-16,27.0599,88.4674,27.0,88.5,24,4,39.99950408935547,47.73023223876953,110.50235748291016,337.1701965332031,548.944580078125,122.76659393310547,13.0,15.910077095031738,197.2727508544922,10.0,2013,9,-0.9671667297977312,-0.2541427094613622,27_88,1241.45849609375,8.452824474296554,0.9907002935141523,0.1360622226445399,-0.00323008654886924,16.392194006522097,42.272205993642814,658.0283813476562
0,neg_general,2011-08-18,26.212611767859745,94.53454453953657,26.25,94.5,21,28,1.018316388130188,32.77280807495117,79.73828887939453,158.65231323242188,362.8952331542969,67.56057739257812,10.0,10.924269676208496,106.90372467041016,26.0,2011,8,-0.7277014757264236,-0.6858939875998223,26_94,959.718505859375,13.834748229398333,-0.9713198518550026,0.23777667125345964,0.005629641374049774,20.360188595048445,38.92646545106907,820.8870239257812
0,neg_wet,2010-06-17,24.53047823391337,94.20865561352083,24.5,94.25,14,27,2.1595098972320557,27.46558952331543,57.32395553588867,175.73880004882812,301.18914794921875,70.30802917480469,11.0,9.155196189880371,106.38093566894531,60.0,2010,6,0.24893980855376657,-0.9685189578512204,24_94,1422.4486083984375,27.736928014292236,-0.6295079666560468,0.7769940282373923,-4.1557705905375666e-05,23.230149138585233,37.90782820706905,704.3570556640625
0,neg_hard,2013-06-27,25.259593198209746,93.35299917936895,25.25,93.25,17,23,3.8299810886383057,40.59318923950195,67.68383026123047,69.78199005126953,114.55486297607422,40.59318923950195,5.0,13.531063079833984,59.390926361083984,60.0,2013,6,0.07947729992362097,-0.9968366760893436,25_93,1367.453125,5.216723301544724,0.10585694370303873,-0.9943813692290557,-0.00031456995864972265,15.080017281030049,35.56768848052462,830.2102661132812
0,neg_hard,2010-08-11,24.177576232867306,93.98893999554555,24.25,94.0,13,26,1.4128520488739014,1.8711459636688232,9.968144416809082,110.29743194580078,253.62350463867188,73.28594207763672,5.0,0.623715341091156,51.27080154418945,27.0,2010,8,-0.6400381082043503,-0.7683431655492202,24_93,876.1351928710938,7.4249994631355465,-0.999142370301932,0.04140680943319512,0.001572690491219845,19.162872900730655,38.15643804006704,554.9537353515625
0,neg_hard,2014-06-25,24.020480562595765,91.64734717821301,24.0,91.75,12,17,2.537851095199585,52.8795166015625,162.14785766601562,240.3274383544922,385.82891845703125,117.42009735107422,12.0,17.62650489807129,160.92825317382812,3.0,2014,6,0.11371951458594969,-0.9935128947338007,24_91,46.35116195678711,1.3409897248648877,-0.29017998684139107,-0.9569720869684393,-0.0015709289311073723,1.758136588087949,7.145635990865196,39.573387145996094
0,neg_hard,2016-09-23,26.29379157381139,94.61168707247259,26.25,94.5,21,28,13.821846008300781,48.15992736816406,57.50415802001953,135.70632934570312,321.6101379394531,73.69528198242188,9.0,16.053308486938477,96.16844940185547,14.0,2016,9,-0.9928872135356962,-0.11905873003404988,26_94,1085.2801513671875,25.33912634115078,-0.9999532432749365,-0.009670122229611304,-0.008177904369944687,22.504353951752755,39.784865973389124,759.8716430664062
0,neg_hard,2016-11-15,24.59158794588114,94.05642116803833,24.5,94.0,14,26,0.0,0.0,1.2694501876831055,58.74524688720703,114.32935333251953,46.6168098449707,4.0,0.0,34.28800964355469,60.0,2016,11,-0.7021479494046978,0.7120310787787131,24_94,782.254150390625,0.5143737981489208,-0.01646176658553478,0.9998644959397666,0.00010644563062027443,1.144450458284249,21.103330765612508,100.96142578125
0,neg_wet,2009-06-07,27.383612629132216,96.36714325764756,27.5,96.25,26,35,32.017250061035156,32.79238510131836,61.69024658203125,97.16740417480469,149.28448486328125,33.81670379638672,8.0,10.930794715881348,67.89631652832031,60.0,2009,6,0.4110537546870351,-0.9116111071930239,27_96,1647.37548828125,11.087277772024414,0.7865555712576072,0.6175195003589921,0.0009654411173510661,17.28243826605374,42.69861226661831,655.905029296875
0,neg_general,2016-07-09,27.19390767020391,94.32105735434942,27.25,94.25,25,27,13.920249938964844,18.52568244934082,72.21824645996094,194.74179077148438,342.2593994140625,85.89796447753906,8.0,6.175227642059326,103.01492309570312,13.0,2016,7,-0.1435724234118113,-0.9896398128792412,27_94,87.22663879394531,1.2100224458557045,0.40317385072324025,0.9151234048438464,0.0010293562237744327,0.8909562775343463,3.296695382987025,15.354965209960938
0,neg_general,2011-06-16,28.40915398109493,96.79605308380808,28.5,96.75,30,37,0.0,0.0,0.0,0.0,0.0,0.0,0.0,0.0,2.9533018164329405e-07,60.0,2011,6,0.26556302780405594,-0.9640935007889755,28_96,4170.091796875,33.65138538104671,0.975325015380122,0.22077389876016787,0.0009830292747756992,32.78630822694143,51.35848656679329,1193.1943359375
0,neg_general,2010-04-08,26.95812657620699,89.10856656313531,27.0,89.0,24,6,0.0,0.0,19.9359188079834,139.97030639648438,147.24449157714844,66.60208129882812,6.0,0.0,61.360015869140625,60.0,2010,4,0.9933900548258936,-0.11478762552212701,26_89,1381.3525390625,23.196945214763613,0.9315660217202669,0.3635722035253453,-0.004871010740125957,29.01616567899777,49.45234110897112,1185.8754272460938
0,neg_general,2015-09-17,23.786749977725364,88.51145157318868,23.75,88.5,11,4,3.9330685138702393,8.801336288452148,14.308852195739746,34.702579498291016,172.73178100585938,54.49317932128906,6.0,2.933778762817383,35.11280059814453,54.0,2015,9,-0.97139528468375,-0.23746831555846842,23_88,14.106839179992676,0.15265586663908676,0.7447536742291841,-0.6673394673793318,-0.00012826419884890463,0.23901350145516143,1.8834441015330332,10.254273414611816
0,neg_hard,2012-05-11,25.050473809823814,92.74537682807568,25.0,92.75,16,21,0.0,0.45655393600463867,0.45655393600463867,233.1857452392578,514.2286987304688,159.0182647705078,8.0,0.1521846503019333,107.29479217529297,11.0,2012,5,0.7648913904341225,-0.6441592666722685,25_92,786.2528076171875,37.8539530173086,-0.910472520871669,0.4135695694046991,-0.008738530923101612,21.60870105576921,43.288136034697196,675.2383728027344
0,neg_general,2016-06-13,23.991711792921045,92.27794661776427,24.0,92.25,12,19,9.26123332977295,80.92322540283203,121.04036712646484,221.22108459472656,477.3039245605469,93.78018951416016,9.0,26.974409103393555,156.00503540039062,2.0,2016,6,0.2985688173637202,-0.9543881083175908,23_92,588.2008056640625,27.17072883871381,0.9239786720489302,0.3824440006049192,0.0038062629765730693,21.441259905605484,38.22087965340372,507.7882995605469
0,neg_wet,2014-07-11,26.38264892327967,89.18579039118262,26.5,89.25,22,7,2.743204355239868,66.81024932861328,168.85305786132812,215.62429809570312,479.5809020996094,150.05690002441406,11.0,22.270082473754883,195.4252166748047,2.0,2014,7,-0.16057454459499376,-0.9870237158387383,26_89,51.68339157104492,0.4016017279811177,0.9395260430974692,0.34247746545081226,0.0002711031326842512,0.72627561332816,2.780909874615036,13.285198211669922
0,neg_general,2013-07-26,27.54621382149595,92.50715384848131,27.5,92.5,26,20,2.460724353790283,13.202167510986328,40.65911102294922,90.95965576171875,313.9723815917969,23.519012451171875,12.0,4.400722503662109,71.79187774658203,60.0,2013,7,-0.4071294853542516,-0.9133704517637858,27_92,2252.01953125,42.65149770102945,-0.6171307275796967,-0.7868606389170539,-0.0007840263712708743,31.418790657253208,51.121186359819966,1263.83154296875
0,neg_general,2012-12-14,27.43826443195383,95.43052685232418,27.5,95.5,26,32,0.0,0.0,0.0,0.0,0.0,0.0,0.0,0.0,0.0007108096033334732,60.0,2012,12,-0.27591294500296043,0.9611826292540837,27_95,122.44074249267578,0.04707857062891602,-0.9155757779111083,0.40214548972041064,6.222544603094442e-05,0.7066831705663312,4.213672880484674,17.450706481933594
0,neg_wet,2010-08-29,24.386407945358894,91.91074996067144,24.5,92.0,14,18,20.715625762939453,37.94573211669922,76.82781982421875,126.09944152832031,395.3205871582031,69.2586669921875,9.0,12.648577690124512,118.8293685913086,17.0,2010,8,-0.8437282590292712,-0.5367705514607103,24_91,24.288955688476562,1.4725881081634058,-0.9903997336383269,-0.1382330192433455,0.0003025059957886242,1.3089191543416512,4.921890157095923,24.94011878967285
0,neg_hard,2014-07-04,27.056391052052735,93.40633938779406,27.0,93.5,24,24,2.9377448558807373,86.20494842529297,143.17242431640625,284.2584533691406,357.4037170410156,99.1866683959961,13.0,28.734983444213867,162.8623809814453,2.0,2014,7,-0.04084439154329611,-0.9991655196610109,27_93,804.5372314453125,6.4016485165086205,0.3469119610959756,-0.9378976976454012,-0.0115659147847872,25.46682859097605,48.31186018452305,942.2262115478516
0,neg_general,2012-05-29,27.922300879798645,92.43542615934938,28.0,92.5,28,20,0.0,0.0,0.0,0.0,0.0,0.0,0.0,0.0,6.183866929632131e-08,60.0,2012,5,0.5322271388474397,-0.8466016020976267,27_92,5625.943359375,29.07830081951878,0.9483326386924376,-0.3172778063316733,0.005354290340702945,27.27698641790409,45.41432721257688,841.701171875
0,neg_general,2011-09-07,24.414689905977294,92.58366516555287,24.5,92.5,14,20,1.0125389099121094,64.58638000488281,100.1348876953125,245.75100708007812,440.0690002441406,139.69161987304688,8.0,21.528793334960938,139.79055786132812,1.0,2011,9,-0.9164086366943458,-0.4002439388573056,24_92,52.6596565246582,5.227089239643399,-0.9435239864018726,-0.3313042213499836,0.0026418960102599213,5.381793092475855,25.436035875381176,100.54856872558594
0,neg_general,2014-07-07,28.040714299840072,97.20902809050372,28.0,97.25,28,39,36.000003814697266,70.20000457763672,119.80000305175781,201.60000610351562,316.20001220703125,70.20000457763672,11.0,23.400001525878906,141.51332092285156,60.0,2014,7,-0.09233133369539122,-0.9957283388645872,28_97,4090.07373046875,16.901322943783345,0.9779821102274203,0.20868874448594923,0.0029678208859556907,23.83774132853001,53.150432191514724,732.86865234375
0,neg_wet,2016-09-22,26.543925837435467,90.10845742021581,26.5,90.0,22,10,1.4596089124679565,36.21085739135742,87.04818725585938,111.84587860107422,245.38243103027344,59.416358947753906,6.0,12.07028579711914,94.12837219238281,20.0,2016,9,-0.9906923101615609,-0.13612033862266704,26_90,55.601051330566406,0.31218821391230006,-0.9512817215793037,-0.30832302247661647,-0.0003526523489384823,0.41490218115965893,2.346309663221463,13.436302185058594
1,pos,2015-06-30,25.4243,88.2746,25.5,88.25,18,3,0.41930076479911804,17.2734432220459,83.56783294677734,120.32730865478516,193.9780731201172,58.46963882446289,8.0,5.757814407348633,87.1388168334961,60.0,2015,6,0.02795029824021032,-0.999609314096404,25_88,29.806306838989258,0.17655086642313983,-0.4509785963001979,-0.8925347644092655,-0.000539059025747783,0.5669065303198892,2.668377869770284,11.83627700805664
1,pos,2015-08-26,23.8447,93.0514,23.75,93.0,11,22,23.716760635375977,106.22027587890625,191.05416870117188,272.85137939453125,375.6183166503906,128.26686096191406,13.0,35.40675735473633,195.8265838623047,2.0,2015,8,-0.8149159841660791,-0.5795791048257612,23_93,1108.8853759765625,29.84501032187432,-0.9615963652646624,-0.2744675396286235,-0.0015947226084379019,21.032165867654555,41.70769605632029,724.2577514648438
0,neg_wet,2010-06-30,29.114531082140285,94.85458265362735,29.0,94.75,32,29,22.973684310913086,60.60407257080078,162.5186767578125,411.0251159667969,685.5540161132812,125.75834655761719,15.0,20.201356887817383,246.46585083007812,7.0,2010,6,0.02795029824021032,-0.999609314096404,29_94,2318.142822265625,25.572248427716918,0.6312516922469575,-0.7755780431622291,0.009588159777498028,31.23734387370178,47.783528865983236,1331.0546875
1,pos,2010-06-28,25.5728,91.885,25.5,92.0,18,18,55.83925247192383,144.93849182128906,196.6080780029297,523.0802612304688,605.5560913085938,154.43130493164062,14.0,48.31283187866211,289.2314147949219,0.0,2010,6,0.062318379354325076,-0.998056320853012,25_91,1504.425537109375,5.015032398011696,-0.3542041219985643,0.9351681345935746,-0.0007005589483671721,5.221993031211571,19.317790627475354,215.993408203125
0,neg_wet,2014-05-04,25.850907669771534,91.30907487794265,25.75,91.25,19,15,21.65306854248047,28.076675415039062,38.43871307373047,40.39210891723633,58.59789276123047,28.076675415039062,3.0,9.358891487121582,36.51362991333008,60.0,2014,5,0.8460288880917339,-0.533137056031809,25_91,200.05502319335938,12.433289467491294,-0.9516251816298924,0.30726131173298465,-0.004501711429403382,11.07060285784071,29.95332933204777,258.10709381103516
1,pos,2015-03-19,25.0318,92.4584,25.0,92.5,16,20,0.0,0.0,0.0,0.3556208908557892,20.275508880615234,0.3556208908557892,0.0,0.0,2.319554328918457,60.0,2015,3,0.9738922359149924,0.22701082094141847,25_92,78.5792465209961,16.01023748534368,-0.30542561038399957,-0.9522159400690378,-0.00021837326340464554,14.978327377781127,39.280297528794684,411.5001525878906
0,neg_wet,2013-07-30,23.462164315026033,88.26681625228532,23.5,88.25,10,3,6.181748867034912,30.328594207763672,74.27317810058594,109.29328918457031,166.4091033935547,40.608123779296875,13.0,10.10953140258789,79.68880462646484,60.0,2013,7,-0.46896519100763184,-0.8832166493127127,23_88,13.118874549865723,0.14558680033361956,-0.941285431206949,-0.3376118140669076,0.00026264634968988713,0.7126928492438394,2.7122009741920357,11.710481643676758
0,neg_wet,2012-05-01,28.594468043753132,95.02320584740386,28.5,95.0,30,30,27.4339542388916,78.85309600830078,144.7665252685547,302.48529052734375,403.2296447753906,108.01712799072266,13.0,26.284364700317383,179.10675048828125,12.0,2012,5,0.8638670987837349,-0.503719798736334,28_95,732.7185668945312,14.447231583707842,0.8543122892100861,0.5197600528172807,0.003692715790383165,23.078782710117306,42.51034314567169,1152.9306945800781
0,neg_general,2016-09-27,28.510706460632775,92.93525257495865,28.5,93.0,30,22,0.7699286937713623,1.5066893100738525,27.123626708984375,71.54637908935547,287.86859130859375,33.811309814453125,7.0,0.5022297501564026,56.97069549560547,25.0,2016,9,-0.9987235240803972,-0.050510617185222886,28_92,3959.762939453125,28.228257276529174,-0.8577855410037701,-0.5140077486233737,-0.00568534731010983,32.84624023555061,48.91883027763343,1422.488525390625
0,neg_hard,2015-06-21,27.97674320902799,96.14179777379519,28.0,96.25,28,35,3.2503912448883057,6.818965435028076,33.603328704833984,253.67083740234375,385.5388488769531,117.50528717041016,12.0,2.2729885578155518,112.98617553710938,11.0,2015,6,0.18175978759137534,-0.9833429613388902,27_96,273.6500244140625,0.5112346445511882,-0.9900031863391812,0.14104499650206823,0.0004684930259137695,1.1545346441755522,4.397371478084875,64.25904846191406
0,neg_hard,2010-05-03,23.19003882775749,92.8621101405219,23.25,92.75,9,21,0.0,5.415477752685547,22.931873321533203,74.5354232788086,91.64527130126953,36.39802551269531,10.0,1.8051592111587524,41.66638946533203,60.0,2010,5,0.8550745085896932,-0.518505144391157,23_92,498.2664794921875,15.16931425703906,-0.6924433567711991,-0.7214722431690868,-0.00023646383388558094,15.819983569531463,38.61927072504974,326.822265625
0,neg_hard,2013-07-19,25.156737822820528,93.32679527613334,25.25,93.25,17,23,0.0,22.560285568237305,68.1565933227539,170.86497497558594,296.6340026855469,102.22509765625,9.0,7.520095348358154,105.26071166992188,8.0,2013,7,-0.2944616217868012,-0.9556633054034704,25_93,925.0845947265625,29.938212398385428,-0.7624659644869026,-0.6470283247270225,-0.0037218700395285917,25.739665084421247,48.76254534392167,994.3998413085938
0,neg_wet,2007-08-18,26.70054817302233,94.18267080022464,26.75,94.25,23,27,3.1835954189300537,31.043397903442383,80.11473083496094,125.21880340576172,292.15240478515625,46.32320785522461,11.0,10.347799301147461,96.79914855957031,23.0,2007,8,-0.7277014757264236,-0.6858939875998223,26_94,92.16317749023438,0.16345523682454416,-0.8214657865201466,-0.570257802732095,-3.1369055575331776e-05,0.9859483192215331,3.530569093313964,18.531822204589844
0,neg_hard,2007-09-26,23.893287303675503,94.01265707655492,24.0,94.0,12,26,0.0,0.0,0.0,34.61704635620117,197.52255249023438,21.75278663635254,4.0,0.0,34.22191619873047,20.0,2007,9,-0.9963950238187231,-0.08483487790576538,23_94,1119.9251708984375,23.92089657703437,0.2009973328997904,-0.9795917885360058,0.0024176259677866742,20.402626510612507,38.88275630793597,700.847412109375
0,neg_general,2014-08-10,27.765515903447934,95.9803432513272,27.75,96.0,27,34,7.5573625564575195,13.077657699584961,36.849327087402344,66.29723358154297,171.2322540283203,23.087432861328125,7.0,4.359219074249268,52.195106506347656,60.0,2014,8,-0.6267266965083301,-0.7792391467859886,27_95,178.04981994628906,5.504303792533742,0.9617076087890161,0.2740774985242546,0.0022321052751702445,1.668859072453591,9.07646948703454,63.65852355957031
0,neg_general,2013-10-02,27.06279503449842,95.37282164387146,27.0,95.25,24,31,0.0,0.0,31.43182945251465,69.39541625976562,174.05422973632812,31.665876388549805,6.0,0.0,43.30020523071289,60.0,2013,10,-0.999832969770105,0.018276557681691223,27_95,455.8591003417969,22.394024966545278,0.8513615162647473,0.5245794207013752,0.0014992234742862284,18.925545416777616,40.16768784658394,504.40631103515625
1,pos,2010-09-16,23.7527,92.694,23.75,92.75,11,21,22.77785301208496,55.62023162841797,97.70793914794922,244.5222930908203,436.8615417480469,74.77330780029297,14.0,18.540077209472656,155.69654846191406,10.0,2010,9,-0.9671667297977312,-0.2541427094613622,23_92,792.6718139648438,23.835499049784495,0.6710408728054192,0.7414203578433365,0.0012546250274737577,19.106851030918268,39.57512983731435,683.0238037109375
0,neg_general,2010-06-01,27.265709764165027,93.73821156227271,27.25,93.75,25,25,108.72020721435547,152.63873291015625,183.00289916992188,288.6944274902344,479.7184753417969,152.63873291015625,9.0,50.87957763671875,236.4235076904297,0.0,2010,6,0.5027907197793043,-0.8644081744776648,27_93,963.5834350585938,34.130879516055984,-0.99999191941339,-0.004020088049274483,-0.0011364442688624916,27.40985880399844,48.064500987941024,940.3848266601562
0,neg_general,2008-06-08,28.50664833797412,95.26183159182631,28.5,95.25,30,31,19.11993408203125,56.20568084716797,58.685569763183594,108.41951751708984,193.99559020996094,56.20568084716797,7.0,18.735227584838867,79.88345336914062,60.0,2008,6,0.37945284372454435,-0.925211078289358,28_95,1911.9517822265625,46.96967327381416,0.32263273129240755,-0.9465242314377382,-0.005687635533410593,33.896726513542475,51.72785714011104,1669.23681640625
0,neg_wet,2011-08-16,24.3424943656731,93.53675413995792,24.25,93.5,13,24,50.73303985595703,59.846038818359375,112.36528015136719,209.40567016601562,361.4127502441406,64.52167510986328,13.0,19.948678970336914,149.58840942382812,0.0,2011,8,-0.7036774074790128,-0.7105196029692745,24_93,1140.5577392578125,17.984644010471026,0.9999894522981487,-0.004592961185170027,8.470575839256844e-05,18.679618510609956,38.2480560883755,560.9905395507812
0,neg_hard,2012-05-20,24.82749544424038,93.94588795782877,24.75,94.0,15,26,1.3001986742019653,29.54730224609375,81.97686767578125,89.78854370117188,211.10592651367188,44.419437408447266,8.0,9.849101066589355,80.10617065429688,60.0,2012,5,0.6564105761979381,-0.7544038410927472,24_93,782.9833984375,0.6719858722673664,0.9977192412911607,-0.06750048560855451,3.072742726341683e-05,2.4119880605804047,28.75945796060724,159.14599609375
1,pos,2015-08-19,25.1416,92.3807,25.25,92.5,17,20,16.688932418823242,29.7262020111084,41.1904182434082,130.6128387451172,313.4857177734375,60.00985336303711,9.0,9.908734321594238,81.43728637695312,28.0,2015,8,-0.7393922635959241,-0.673274892250183,25_92,159.40928649902344,13.418040519108414,0.9227334107518043,0.38543877942202703,-0.0023614429681050072,14.522301460546231,42.13809383009409,612.0681762695312
0,neg_hard,2012-10-25,24.110429602925805,91.76560396708057,24.0,91.75,12,17,0.0,0.0,0.0,32.11201858520508,206.19082641601562,38.292327880859375,3.0,0.0,30.65127944946289,40.0,2012,10,-0.9084917035725082,0.41790288888678667,24_91,104.0848159790039,3.5679956134968034,-0.3084493398785851,-0.9512407711659888,0.00660200108157824,5.776621377007572,17.555138021512764,155.07748413085938
0,neg_hard,2008-04-08,27.810663730091168,95.24451672908319,27.75,95.25,27,31,0.0,0.0,27.291791915893555,134.77488708496094,192.14292907714844,68.3984375,11.0,0.0,55.937164306640625,60.0,2008,4,0.9912685467787256,-0.13185851571739118,27_95,120.15013122558594,0.802871463443147,0.6722759728522694,-0.7403006256417286,-1.735153696730447e-05,0.44372818797753294,3.341678350365662,15.175865173339844
0,neg_hard,2014-08-19,27.46969963824638,88.38500139294193,27.5,88.5,26,4,8.669952392578125,39.00230407714844,131.7610321044922,244.72381591796875,451.388916015625,77.23480987548828,15.0,13.000767707824707,153.9333038330078,37.0,2014,8,-0.7393922635959241,-0.673274892250183,27_88,2914.337646484375,21.110531784582072,0.22078548305846216,-0.9753223930940177,-0.007063784888227538,27.61876354011365,47.56983357720309,1287.42138671875
1,pos,2015-09-01,26.49349035,91.72137514,26.5,91.75,22,17,23.335004806518555,95.70213317871094,156.67054748535156,295.72021484375,374.0341796875,95.70213317871094,13.0,31.900711059570312,173.67611694335938,2.0,2015,9,-0.8702939222685674,-0.49253272872205434,26_91,59.33340072631836,0.08268353636177776,-0.7967242311998783,0.6043430312487792,-0.0004563088200798363,0.9232675380251987,3.1799823533739855,14.639110565185547
0,neg_wet,2011-07-02,26.469146138629625,87.89753184583637,26.5,88.0,22,2,30.057022094726562,185.81011962890625,239.77906799316406,384.506591796875,463.842529296875,187.07662963867188,12.0,61.93670654296875,270.8509216308594,1.0,2011,7,-0.00645086419810515,-0.9999791929590823,26_87,77.68830108642578,0.21636952628058162,0.9912515542021646,0.13198619735333386,6.707531849096108e-05,0.2530440180530214,1.1675250135138302,9.797721862792969
0,neg_wet,2008-09-04,27.25019985947954,95.41198522364661,27.25,95.5,25,32,17.92969512939453,37.68433380126953,83.7948226928711,168.608154296875,299.7264709472656,65.76510620117188,10.0,12.561444282531738,116.01411437988281,60.0,2008,9,-0.9020987014301837,-0.43152975897147144,27_95,125.28409576416016,0.9618795411205648,-0.9951310571835227,-0.09856053484435091,0.0004767797255869471,3.5070318689827285,19.356983072468264,82.46675109863281
1,pos,2008-06-30,27.0771,88.482,27.0,88.5,24,4,16.266721725463867,49.02079772949219,141.56578063964844,641.898681640625,916.9754638671875,387.31878662109375,15.0,16.34026527404785,335.2159118652344,8.0,2008,6,0.01075130776352193,-0.9999422030204416,27_88,1238.5572509765625,16.18839759454502,0.3262916431610914,-0.9452691487630573,-0.0013709236425698196,21.5887169601981,43.82199861269007,993.1395874023438
0,neg_general,2009-07-04,28.22715967476381,88.79709960430738,28.25,88.75,29,5,2.3554959297180176,41.58683395385742,108.55685424804688,218.62783813476562,391.92822265625,98.23096466064453,12.0,13.86227798461914,144.24697875976562,7.0,2009,7,-0.04084439154329611,-0.9991655196610109,28_88,4738.07666015625,2.2556645761857075,-0.9866787142983076,-0.16268102148265132,-0.001127631800302498,3.6120612194710415,25.21009582254157,241.9892578125
0,neg_general,2007-08-21,27.182273166328226,95.67410653390446,27.25,95.75,25,33,5.901597023010254,43.59566879272461,102.59455871582031,130.86839294433594,346.1230773925781,58.99888610839844,8.0,14.531889915466309,114.60222625732422,30.0,2007,8,-0.7621140503891487,-0.6474427960827475,27_95,650.9876708984375,14.506844637952153,-0.9154249800074876,-0.40248864080653374,-0.006084717711822604,15.29394195187317,41.49010581143572,624.3296203613281
0,neg_general,2013-08-17,27.1377181600528,96.98512811942399,27.25,97.0,25,38,5.399999618530273,16.19999885559082,83.79999542236328,215.99996948242188,262.0,114.99999237060547,10.0,5.399999618530273,110.57696533203125,4.0,2013,8,-0.7157953492826642,-0.6983101158835584,27_96,1879.9417724609375,27.146408124504706,-0.7303663101009045,-0.683055673477345,-0.0010029066406954934,23.088853923301823,46.9526096779922,854.636962890625
0,neg_wet,2011-09-03,25.898795562748216,94.66746165299885,26.0,94.75,20,29,27.20683479309082,61.74384307861328,72.51030731201172,125.40309143066406,240.26585388183594,61.74384307861328,6.0,20.581281661987305,96.04244995117188,36.0,2011,9,-0.886721063082993,-0.46230483047981086,25_94,1492.7449951171875,37.72620181164671,0.3108252375090385,0.9504670808226079,-0.005970019858122948,26.886252028534173,44.3263861549307,1021.8740234375
0,neg_general,2010-07-19,26.38174626176173,91.96791569274649,26.5,92.0,22,18,2.894733428955078,10.681396484375,27.87847137451172,86.1461181640625,321.16864013671875,45.818809509277344,9.0,3.5604655742645264,71.0152587890625,43.0,2010,7,-0.2944616217868012,-0.9556633054034704,26_91,54.87208938598633,1.1634371726839936,-0.99542967986779,0.0954973949294389,-0.0005782790948008,0.7586412992043778,3.373661199979524,17.362586975097656
0,neg_general,2014-07-11,24.35275172689079,93.1366636851997,24.25,93.25,13,23,8.170062065124512,8.170062065124512,15.456493377685547,48.52598190307617,231.3699493408203,26.8491268157959,6.0,2.7233541011810303,44.043704986572266,60.0,2014,7,-0.16057454459499376,-0.9870237158387383,24_93,358.8399353027344,25.66492302568329,0.9469096833928637,-0.3214996912857406,-0.005303626500713129,20.073192148033126,36.24652204496698,424.6830291748047
0,neg_hard,2013-02-12,23.71702246837597,92.90394873569842,23.75,93.0,11,22,0.0,0.0,0.1199207529425621,0.1199207529425621,0.1199207529425621,0.1199207529425621,0.0,0.0,0.08764958381652832,60.0,2013,2,0.6740694616546161,0.7386679638813748,23_92,372.94622802734375,30.56954687804322,-0.8142606523015274,0.5804994316220224,0.0003390017908650819,21.681883235413864,37.46390687454925,464.2992248535156
0,neg_general,2013-06-05,24.3104008917276,92.00426640296587,24.25,92.0,13,18,0.4652172923088074,3.613879919052124,34.33642578125,66.19427490234375,418.8427429199219,27.21596908569336,8.0,1.2046266794204712,68.687744140625,28.0,2013,6,0.44216815196707204,-0.8969321743510065,24_92,28.53862762451172,0.5180375805176494,-0.28939848569938814,-0.9572087110316647,-0.0009043829759309895,0.9983958423199646,3.7699082920384637,16.113616943359375
0,neg_hard,2011-05-21,25.753144629623783,93.98569695822229,25.75,94.0,19,26,9.754199028015137,25.885379791259766,37.45719909667969,79.26888275146484,149.66978454589844,27.648155212402344,11.0,8.628459930419922,55.11175537109375,60.0,2011,5,0.6564105761979381,-0.7544038410927472,25_93,700.2342529296875,11.3577134595258,0.8129526878444286,0.5823297410630158,-0.0015592862474382023,15.388922289036936,32.81545104232962,559.7151489257812
0,neg_hard,2009-09-07,25.2455966097423,93.655491850459,25.25,93.75,17,25,2.1459743976593018,9.754301071166992,18.01695442199707,69.58870697021484,258.2389221191406,63.01439666748047,7.0,3.2514336109161377,59.750186920166016,23.0,2009,9,-0.9164086366943458,-0.4002439388573056,25_93,917.4666137695312,32.90767213607479,-0.945390013773076,-0.3259412859061325,-0.005199219470232944,22.685075683362967,49.108078610572086,880.5496520996094
0,neg_wet,2015-07-16,27.49094783488365,92.0893085199415,27.5,92.0,26,18,16.319856643676758,84.8947525024414,105.53085327148438,197.45645141601562,381.5967712402344,84.8947525024414,8.0,28.298250198364258,139.59249877929688,1.0,2015,7,-0.24477230089725957,-0.9695805901076308,27_92,3685.72412109375,35.063617481455765,0.8867967648972546,-0.46215960205081047,-0.004132911591608581,31.229964627872157,52.00695561758221,1356.74365234375
0,neg_wet,2008-07-14,28.623354467950264,92.88075225177379,28.5,93.0,30,22,37.69804763793945,156.1785888671875,260.5362243652344,496.5111389160156,790.9396362304688,161.91766357421875,12.0,52.05952835083008,336.1373291015625,1.0,2008,7,-0.2280577712215198,-0.9736476020539838,28_92,4948.95849609375,34.12170072343823,-0.885099783159926,0.4654013040916968,0.0038156035780006906,24.002093989253915,43.61956851698347,845.97802734375
0,neg_hard,2016-06-01,25.787351827852156,94.47835927113435,25.75,94.5,19,28,14.715165138244629,24.407978057861328,27.28188705444336,191.02061462402344,249.01797485351562,80.52078247070312,8.0,8.135993003845215,97.84930419921875,7.0,2016,6,0.4878471454423119,-0.8729290708206411,25_94,1259.7620849609375,27.809439513376205,0.9593090846880012,0.2823580706037446,-0.003836861197640437,23.717661790060117,43.0789195272753,1181.4814453125
0,neg_wet,2007-07-23,23.174408427717193,92.57976253748494,23.25,92.5,9,20,38.31782150268555,123.54942321777344,343.4231262207031,443.8125915527344,672.0240478515625,179.67013549804688,13.0,41.18313980102539,320.71868896484375,3.0,2007,7,-0.3594718130884232,-0.9331559438780432,23_92,653.2571411132812,11.424980155280863,-0.002398455330496571,-0.9999971237018772,0.0021045367193162482,9.254078680811496,33.7526413150139,334.1579284667969
0,neg_hard,2008-08-01,26.193505338806307,91.65966514296048,26.25,91.75,21,17,3.872467279434204,39.92611312866211,81.3665771484375,212.37303161621094,423.1528625488281,96.88439178466797,14.0,13.308704376220703,134.05404663085938,18.0,2008,8,-0.5139010013093103,-0.8578494977869301,26_91,95.3499526977539,5.007643427266449,-0.5086341039254466,0.8609827805037439,-0.0022995005112223096,7.196526333580994,35.21353378628343,217.092529296875
0,neg_hard,2015-10-08,24.08842486573286,94.0153926511445,24.0,94.0,12,26,5.999862194061279,12.799705505371094,21.299510955810547,32.00028991699219,123.99909210205078,23.700883865356445,5.0,4.266568660736084,36.30950164794922,18.0,2015,10,-0.9926289059345095,0.121193461470736,24_94,1316.842529296875,34.97298978910928,-0.9858140790986654,-0.16784100050598563,0.007140122739669593,24.066495474175618,42.14839980548255,928.9996948242188
0,neg_hard,2008-07-01,27.405684513656542,88.57448245292525,27.5,88.5,26,4,17.706541061401367,52.78600311279297,105.03517150878906,222.78199768066406,433.6144714355469,65.04557800292969,15.0,17.595335006713867,145.11911010742188,60.0,2008,7,-0.00645086419810515,-0.9999791929590823,27_88,1524.4180908203125,29.47750795467712,0.9946678170405864,-0.10313066345037568,-0.0009010352239506509,27.95645306897929,51.900376867988406,1325.1572265625
0,neg_general,2016-07-22,29.21027238865378,94.33042486472974,29.25,94.25,33,27,63.91118621826172,102.62670135498047,202.68417358398438,341.9711608886719,768.7847290039062,105.21437072753906,13.0,34.208900451660156,271.9668884277344,0.0,2016,7,-0.3594718130884232,-0.9331559438780432,29_94,3975.35205078125,28.759482249862867,-0.41433419896664814,-0.9101248109829037,-0.006252423304226899,30.129555665024892,51.393129273839996,1494.092529296875
0,neg_wet,2008-06-20,23.90964563149283,93.15739219306063,24.0,93.25,12,23,24.570846557617188,37.20453643798828,52.764373779296875,123.02888488769531,179.90045166015625,58.8211669921875,10.0,12.401512145996094,74.53828430175781,60.0,2008,6,0.18175978759137534,-0.9833429613388902,23_93,321.0074157714844,20.021620826018797,-0.9401076736932359,0.34087763473582755,0.006027803571696651,23.966694863296034,50.64437952425422,605.3182983398438
0,neg_wet,2013-06-18,26.867696485310887,94.71576917781522,26.75,94.75,23,29,11.488224029541016,43.85940933227539,58.07957458496094,100.42269897460938,176.7158203125,46.59135055541992,7.0,14.619803428649902,77.26473999023438,60.0,2013,6,0.23224292400907015,-0.9726578145718654,26_94,97.79166412353516,0.5687136058486277,0.695643760978736,-0.7183869137250198,0.00029401774621886306,0.6129614154189643,2.582537048324086,12.057632446289062
0,neg_general,2007-07-23,27.79682326070094,94.18910992714964,27.75,94.25,27,27,33.79080581665039,82.07125854492188,150.6143798828125,322.1084289550781,487.4739074707031,88.94550323486328,14.0,27.357086181640625,207.58494567871094,32.0,2007,7,-0.3594718130884232,-0.9331559438780432,27_94,1180.0955810546875,26.867113378134285,0.29252643582620524,0.9562574362287684,0.0003065469006181837,28.55916519489689,55.81221642049693,904.88232421875
0,neg_hard,2013-07-24,26.958442337264458,93.58681590514983,27.0,93.5,24,24,9.200888633728027,26.372196197509766,84.40827941894531,211.07861328125,402.74041748046875,84.61424255371094,14.0,8.790732383728027,126.54796600341797,60.0,2013,7,-0.3754703786876202,-0.9268343944460494,26_93,136.0901641845703,8.519403447661082,-0.19837718372295898,-0.9801257536551865,-0.004193236330929306,4.049995785114423,19.157027859590503,136.17723846435547
0,neg_general,2008-08-09,26.98587143259062,90.50765416811413,27.0,90.5,24,12,0.0,0.3411867916584015,26.195161819458008,87.14949035644531,424.38330078125,57.93470764160156,4.0,0.11372893303632736,77.66564178466797,18.0,2008,8,-0.6267266965083301,-0.7792391467859886,26_90,1158.482177734375,29.72544004863044,-0.9537133745367352,0.30071714156288626,0.003061088027757128,28.464570694369552,43.948496555277934,938.3450317382812
0,neg_hard,2015-08-17,27.69768903573997,95.29907521280765,27.75,95.25,27,31,20.169254302978516,99.91069030761719,127.54228210449219,213.54104614257812,356.1596984863281,99.91069030761719,10.0,33.30356216430664,147.60057067871094,1.0,2015,8,-0.7157953492826642,-0.6983101158835584,27_95,112.0,0.0,0.0,1.0,0.0,0.1708157809059514,1.7314813555952244,5.293418884277344
0,neg_general,2016-10-13,24.376283752187444,93.92652853529783,24.5,94.0,14,26,3.923954963684082,18.065086364746094,58.106971740722656,59.591827392578125,174.86270141601562,47.41331481933594,5.0,6.021695613861084,60.777183532714844,60.0,2016,10,-0.9748595108374125,0.22282040779479959,24_93,912.9204711914062,9.685471464108415,-0.6141023978649137,-0.7892263584907458,-0.006688504197806401,11.471784690560344,31.796300324492154,433.83770751953125
0,neg_hard,2012-06-04,25.19192500044291,90.42692075369423,25.25,90.5,17,12,45.27248001098633,90.68666076660156,90.68666076660156,149.57254028320312,217.49794006347656,90.68666076660156,7.0,30.2288875579834,116.00209045410156,60.0,2012,6,0.44216815196707204,-0.8969321743510065,25_90,111.14764404296875,13.43232110282771,0.24694159236177504,-0.9690303658615818,0.0039995014836973885,8.864829762117902,22.15047579864106,217.56777381896973
0,neg_general,2015-06-03,25.499921068698225,91.77298286552625,25.5,91.75,18,17,0.754487931728363,68.64117431640625,153.86337280273438,223.8110809326172,299.2516174316406,118.11335754394531,12.0,22.88039207458496,156.95416259765625,35.0,2015,6,0.47275920928627757,-0.881191653407483,25_91,1753.134033203125,19.42401929623011,-0.9897311349076598,0.14294152858562684,0.0023437759387161983,15.369378156335685,43.11192672878999,526.5604248046875
0,neg_wet,2007-07-31,27.54256912586779,95.25339187764392,27.5,95.25,26,31,17.794973373413086,52.081199645996094,159.28184509277344,367.8619384765625,610.374267578125,104.41181945800781,14.0,17.36039924621582,225.01116943359375,15.0,2007,7,-0.48408852163897587,-0.8750190302029955,27_95,121.47245025634766,0.7115648760105547,-0.7409893215026592,-0.6715168094835965,-0.0008332609158206495,0.9417548977586365,4.246685365833156,17.444122314453125
0,neg_hard,2009-07-18,25.18232573784951,92.62490032828319,25.25,92.5,17,20,20.863948822021484,36.651023864746094,38.31695556640625,99.491943359375,332.0497131347656,50.78229522705078,10.0,12.217007637023926,88.61592102050781,22.0,2009,7,-0.2779791393987801,-0.9605871111248129,25_92,1600.1661376953125,5.1323787904547915,-0.7968301567757262,-0.6042033608420029,-0.005464439394931848,10.5925655654821,55.72656719616834,523.8756103515625
0,neg_hard,2010-11-07,25.248836784531363,90.43000034833737,25.25,90.5,17,12,0.0,0.0,0.7739487886428833,1.004023551940918,311.57763671875,5.720872402191162,0.0,0.0,34.67290115356445,29.0,2010,11,-0.8035476485339116,0.5952404359043674,25_90,144.01019287109375,11.954549037473916,0.7836163861005673,0.6212450075732494,-0.002658672361108615,10.053520556773723,26.41866785851663,244.35721588134766
0,neg_wet,2009-07-27,26.500492029946138,90.64691171953586,26.5,90.75,22,13,18.867172241210938,69.91350555419922,98.36274719238281,105.35826110839844,317.49090576171875,69.91350555419922,6.0,23.304502487182617,108.92179870605469,1.0,2009,7,-0.4227806579826773,-0.9062320427107697,26_90,53.85687255859375,0.4159955472992073,-0.804026550936661,-0.5945933950094777,0.0004276050948499114,0.5664084097724658,2.8895968780060106,11.061710357666016
0,neg_wet,2010-07-06,24.030057084753288,93.2562568724817,24.0,93.25,12,23,1.4772149324417114,27.740299224853516,58.861083984375,147.6184844970703,419.9185791015625,46.31339645385742,14.0,9.246766090393066,104.48493957519531,18.0,2010,7,-0.07518957641475855,-0.9971692572470178,24_93,526.9981079101562,32.7586293489993,-0.4567036986048172,-0.8896188687750953,0.0023370851286398228,20.178290568663634,40.87414444303969,440.6226806640625
1,pos,2010-08-27,24.7505,93.4221,24.75,93.5,15,24,1.011186122894287,11.615530014038086,17.616214752197266,57.14483642578125,157.1560821533203,25.204269409179688,6.0,3.8718433380126953,35.32147979736328,43.0,2010,8,-0.8247650844733614,-0.5654755126737576,24_93,781.7396240234375,8.420629820586607,-0.5920561903912444,0.8058966853259831,-0.0022168951225611955,19.683828261261034,43.81986679057292,564.0586853027344
1,pos,2011-07-22,24.3527,94.3429,24.25,94.25,13,27,0.0,0.0,0.0,0.0,0.0,0.0,0.0,0.0,2.647518426712736e-09,60.0,2011,7,-0.34336687399638804,-0.939201357453208,24_94,297.0299377441406,16.855999328346165,0.9606380887614628,0.27780292010834573,-0.0028958452613360637,12.345539594569466,30.721994400407223,410.780517578125
0,neg_general,2014-10-02,26.49265083566099,94.2080591225319,26.5,94.25,22,27,0.0,0.0,9.105670928955078,120.96688842773438,172.08058166503906,72.41641998291016,7.0,0.0,52.323055267333984,60.0,2014,10,-0.999832969770105,0.018276557681691223,26_94,121.7242202758789,1.5981605256699758,0.43209229019938367,0.9018293922634434,-0.002853728889874505,2.924091649603765,19.81628833419796,104.9063491821289
0,neg_hard,2013-07-28,27.41702116274624,91.68316673656425,27.5,91.75,26,17,0.0,21.96478271484375,57.9921875,138.23069763183594,254.7718505859375,47.615936279296875,11.0,7.32159423828125,86.95821380615234,60.0,2013,7,-0.4383067230125192,-0.898825465016444,27_91,2804.9140625,24.84392858007202,0.7071609686676447,-0.7070525895526008,-0.00855454276038285,23.16609501404123,43.63774694667594,1182.26318359375
0,neg_hard,2014-08-11,24.30579097477654,94.26469397990321,24.25,94.25,13,27,0.0,6.399999618530273,20.399999618530273,64.70000457763672,111.5,41.70000076293945,5.0,2.133333206176758,36.94282913208008,57.0,2014,8,-0.6400381082043503,-0.7683431655492202,24_94,549.7440185546875,10.748594435301108,0.9677148956118341,-0.2520473781077221,0.006454453101148868,14.056551455991176,26.10605344914627,453.4347229003906
1,pos,2012-09-16,27.1675,88.3651,27.25,88.25,25,3,14.612604141235352,62.92924499511719,236.0399627685547,265.0630187988281,417.38043212890625,158.36309814453125,11.0,20.976415634155273,201.862548828125,3.0,2012,9,-0.97139528468375,-0.23746831555846842,27_88,1516.3795166015625,22.43227267495946,0.050930958091434546,-0.998702176581131,-0.0004948178509610235,25.402236450325212,49.874039795427194,1302.3792114257812
0,neg_general,2010-04-04,27.00537652067457,94.75379513666239,27.0,94.75,24,29,20.594850540161133,37.626251220703125,111.01834869384766,141.92501831054688,153.00714111328125,62.81444549560547,9.0,12.542083740234375,98.699462890625,60.0,2010,4,0.9989315138848577,-0.046215046983708354,27_94,95.95538330078125,0.6910216744779722,0.6038863127674027,0.7970704619117376,-0.0007294982249494841,1.306203552775097,5.2617555907328875,19.359840393066406
0,neg_wet,2010-06-06,23.818711676416253,91.14473106470402,23.75,91.25,11,15,39.97480773925781,123.48417663574219,198.8418731689453,357.20513916015625,543.6439208984375,130.81454467773438,13.0,41.16139221191406,254.96383666992188,1.0,2010,6,0.42667408318992467,-0.9044054548343001,23_91,4.4537434577941895,0.47170204250239056,0.0021729005231568314,-0.9999976392488716,9.117673152847635e-05,0.5331092564967268,2.0814959792802044,10.948190689086914
0,neg_general,2012-07-20,27.66519730080936,91.75501216287968,27.75,91.75,27,17,0.25800588726997375,40.49789047241211,159.5703887939453,217.23060607910156,488.51092529296875,106.41026306152344,12.0,13.499297142028809,172.66822814941406,28.0,2012,7,-0.3271603271220951,-0.9449688462364056,27_91,3594.064208984375,43.699911641291465,-0.9238071443071783,0.38285814622000186,-0.004117182409597196,34.35396190727287,61.524888133853636,1888.1904296875
0,neg_general,2013-11-13,28.652785070179913,93.82836018664406,28.75,93.75,31,25,0.0,0.0,0.0,0.0,41.27116775512695,0.0,0.0,0.0,6.725485324859619,52.0,2013,11,-0.7379428103031386,0.6748632518680403,28_93,3870.669921875,31.954489707339636,0.1169255039138656,0.9931406881879771,0.0038319627751024297,27.859930289111155,53.634548188291255,1080.37646484375
0,neg_wet,2010-07-22,27.066009418982933,90.18507760926005,27.0,90.25,24,11,46.97214126586914,112.4755859375,241.4075164794922,519.560791015625,992.1580810546875,206.9701690673828,12.0,37.49186325073242,321.50140380859375,5.0,2010,7,-0.34336687399638804,-0.939201357453208,27_90,1379.95361328125,41.19566372001469,-0.9238980858159327,-0.38263863765393,-0.006719505493419195,27.110587328505584,47.313394184614644,1323.7841796875
0,neg_wet,2014-08-23,27.938104868262847,96.10849497488877,28.0,96.0,28,34,62.20098876953125,71.3719253540039,115.47315979003906,316.8814697265625,398.8323059082031,136.5123291015625,13.0,23.79064178466797,181.0686492919922,0.0,2014,8,-0.7839338166829201,-0.620844401650647,27_96,218.2351837158203,0.8973966078895954,-0.8381610883475337,-0.5454227626163743,6.987383172185136e-06,0.8015230986092788,3.6153527072904352,31.878753662109375
0,neg_wet,2013-09-21,23.758642233516632,91.83414433490161,23.75,91.75,11,17,9.14968490600586,36.28981399536133,76.22013854980469,125.8021240234375,269.3879699707031,42.0765495300293,10.0,12.096604347229004,93.42036437988281,60.0,2013,9,-0.9854237542919524,-0.17011767832049052,23_91,146.0714874267578,0.6602368732331281,-0.9984287850528076,0.05603535649904012,-0.0040996398082437475,3.4013236286036896,11.406427691110398,65.57471466064453
0,neg_general,2013-09-17,28.74907685697687,95.30094744634243,28.75,95.25,31,31,7.332606315612793,7.332606315612793,9.49142074584961,267.8121032714844,311.86260986328125,215.67855834960938,6.0,2.444202184677124,88.89320373535156,11.0,2013,9,-0.97139528468375,-0.23746831555846842,28_95,2524.058837890625,30.18152325359316,0.8623893560025817,0.5062455912434719,0.0008248362134333046,26.386647659673613,46.49851279287604,1130.3343505859375
1,pos,2012-09-19,27.8385,88.556,27.75,88.5,27,4,35.85348892211914,61.01907730102539,144.07147216796875,211.96603393554688,364.87640380859375,64.71781921386719,13.0,20.339693069458008,155.37252807617188,60.0,2012,9,-0.9823516608469237,-0.18704334906991657,27_88,3811.25439453125,19.52650331269297,-0.8387641717066672,-0.5444948707391362,0.000674468833487531,26.33593776683265,52.659670302162375,1078.710205078125
1,pos,2010-08-05,27.0366,88.263,27.0,88.25,24,3,19.072792053222656,33.28887939453125,132.21336364746094,266.55157470703125,755.2915649414062,86.596923828125,15.0,11.096293449401855,207.9879608154297,10.0,2010,8,-0.5574684374327892,-0.8301981337405212,27_88,2118.24267578125,25.05877409213783,-0.6518994476993781,0.7583054200579379,0.0017644261222272946,25.645329353657868,41.12368903110811,903.7498779296875
0,neg_wet,2008-07-23,27.495459726644878,92.4237663448429,27.5,92.5,26,20,5.870627403259277,65.29606628417969,136.93222045898438,283.6651306152344,688.25439453125,116.36433410644531,13.0,21.765356063842773,211.42623901367188,2.0,2008,7,-0.3754703786876202,-0.9268343944460494,27_92,1867.2188720703125,25.557129200017478,-0.5604007559532102,-0.8282215843160999,0.009290737997786975,31.882219954197133,49.72393863369261,1095.8587646484375
0,neg_wet,2008-07-02,27.589331622436923,93.43937515984489,27.5,93.5,26,24,38.02293395996094,93.67251586914062,174.9020233154297,357.25262451171875,676.5686645507812,99.02604675292969,15.0,31.224172592163086,247.26846313476562,18.0,2008,7,-0.023651127245231586,-0.9997202729664083,27_93,2350.473388671875,15.003796965391116,-0.36157498053941267,-0.9323430342142979,-0.009985809642138183,27.457130452753855,44.49566776327007,1116.027587890625
0,neg_wet,2016-07-03,27.907811605617013,92.26020871867274,28.0,92.25,28,19,17.843021392822266,45.05405044555664,66.89498901367188,99.10861206054688,219.98829650878906,45.05405044555664,12.0,15.018016815185547,80.4387435913086,60.0,2016,7,-0.04084439154329611,-0.9991655196610109,27_92,5361.88330078125,26.360534615074386,-0.18248836174712832,-0.9832080135082552,9.994257542017809e-06,20.44733383047396,42.35282076367563,541.66552734375
0,neg_wet,2016-06-18,29.503841669402295,95.49813724874055,29.5,95.5,34,32,0.678692638874054,78.09514617919922,139.0172576904297,342.9335632324219,600.4033203125,137.952392578125,11.0,26.031715393066406,208.63844299316406,1.0,2016,6,0.21547731504673012,-0.976508846196619,29_95,1467.2449951171875,48.03401790642743,0.5044398157567355,0.8634468555037482,-0.0035703494987810148,33.434964709456715,54.91612109478535,1139.5494384765625
0,neg_hard,2015-07-03,29.039459842642767,95.12179378890357,29.0,95.0,32,30,17.096446990966797,110.54154968261719,186.48641967773438,410.20013427734375,828.900390625,151.98362731933594,13.0,36.84718322753906,265.0513000488281,2.0,2015,7,-0.023651127245231586,-0.9997202729664083,29_95,1734.253662109375,27.378177196122493,-0.8645332254764528,-0.5025756679817287,0.004638663074827725,24.740900755048727,49.75891344496887,908.546142578125
0,neg_hard,2013-08-12,27.001035696715093,93.85725899287146,27.0,93.75,24,25,23.05287742614746,24.851537704467773,134.05862426757812,228.3835906982422,479.12298583984375,99.45755004882812,10.0,8.283845901489258,165.43251037597656,3.0,2013,8,-0.65316012232693,-0.7572198192083127,27_93,87.95548248291016,2.3776783009705986,-0.258511029508486,-0.9660083061870962,0.0009799448340745713,0.6570632174338908,3.279885291969812,16.382347106933594
0,neg_general,2007-05-25,28.334165139616946,93.4644758623118,28.25,93.5,29,24,68.08963775634766,183.61807250976562,295.2807312011719,345.9780578613281,383.7539367675781,194.52317810058594,7.0,61.206024169921875,274.22100830078125,0.0,2007,5,0.6029878670694714,-0.7977503570459932,28_93,3192.798095703125,34.13311119710932,0.3111749681993195,0.950352639374539,0.011130683720745408,32.02401641907017,59.99215565188872,1420.934326171875
0,neg_general,2008-10-23,25.486688624283197,90.43030085150727,25.5,90.5,18,12,0.0,0.0,0.0,16.369861602783203,135.26336669921875,12.501596450805664,3.0,0.0,19.23853874206543,55.0,2008,10,-0.9223291176290545,0.3864052261209853,25_90,943.0509033203125,4.159682390475533,-0.5161856909519125,0.8564766969722508,-0.0050962940136767155,11.793839607920596,33.880594531320014,472.656494140625
0,neg_general,2015-08-28,23.144391193349858,88.26719305142679,23.25,88.25,9,3,4.318899631500244,6.76416015625,9.040647506713867,36.91954040527344,182.6727752685547,21.888731002807617,3.0,2.2547199726104736,35.60198211669922,34.0,2015,8,-0.8343701235229538,-0.5512045872199277,23_88,11.073568344116211,0.003826309235614504,0.8816629699053717,0.471879653616936,1.591836208860584e-05,0.22749993651623007,1.6634652467121753,8.008379936218262
0,neg_hard,2007-11-16,26.668428842111247,94.82299549479855,26.75,94.75,23,29,6.560146808624268,10.201921463012695,15.31983757019043,21.52337074279785,35.99587631225586,10.201921463012695,4.0,3.4006404876708984,21.667999267578125,60.0,2007,11,-0.7021479494046978,0.7120310787787131,26_94,774.1365356445312,27.531479929169652,-0.6840574378304505,0.7294281470774482,0.0071061072341683995,19.407113484710134,44.232172142308826,900.810302734375
0,neg_general,2014-05-22,27.663945884982443,94.51029211375517,27.75,94.5,27,28,6.005337715148926,12.676849365234375,17.78628921508789,209.44688415527344,264.53033447265625,97.00166320800781,12.0,4.225616455078125,84.87848663330078,60.0,2014,5,0.6433365204044917,-0.765583517007675,27_94,418.46014404296875,24.895312514281564,0.9952463959167572,-0.09738896967678326,0.0033116406719562227,20.393887008808576,49.92445015275501,823.43701171875
0,neg_general,2009-07-10,25.540139642523346,88.68508501129602,25.5,88.75,18,5,2.7542433738708496,12.705795288085938,53.20981216430664,175.55230712890625,352.1539611816406,62.497413635253906,15.0,4.235265254974365,99.65745544433594,60.0,2009,7,-0.1435724234118113,-0.9896398128792412,25_88,31.810253143310547,0.14391643035943585,-0.9383561305337176,-0.345670033832539,0.00013423675933930943,0.424112782708845,1.5940139275223932,7.426689147949219
0,neg_general,2011-05-28,26.170444965140447,92.92640043359799,26.25,93.0,21,22,13.983405113220215,13.983405113220215,26.338390350341797,61.016883850097656,144.63934326171875,19.10213851928711,8.0,4.661135196685791,41.60340118408203,60.0,2011,5,0.5610336262283677,-0.8277930117131022,26_92,224.2899627685547,10.433079007492479,-0.02249887337438447,-0.9997468683106157,0.0011533365011212843,9.1971057103231,28.835809046542124,298.11009216308594
0,neg_wet,2009-10-08,25.856346999241644,88.2431295210448,25.75,88.25,19,3,158.3661346435547,311.37420654296875,322.2806396484375,322.9162292480469,373.15972900390625,311.37420654296875,4.0,103.7914047241211,311.21917724609375,0.0,2009,10,-0.9926289059345095,0.121193461470736,25_88,43.739707946777344,0.4448221568600616,0.8198436744665694,0.572587416415305,0.0003930212559291209,0.5177158457369602,2.6953688216597014,12.312667846679688
0,neg_general,2007-10-31,25.880577068394217,92.38627630723047,26.0,92.5,20,20,0.0,0.0,0.0,28.26754379272461,105.54440307617188,35.46674728393555,1.0,0.0,16.603105545043945,52.0,2007,10,-0.8692328164574792,0.49440298420761813,25_92,560.4617309570312,14.226113005929005,-0.11844066956785096,0.9929611310581694,0.003785104473709929,11.010230468968356,28.675460307493314,278.3651123046875
0,neg_hard,2009-09-23,25.37659855406342,94.31529117586247,25.5,94.25,18,27,55.384521484375,67.16323852539062,73.8961181640625,145.55369567871094,225.5202178955078,67.16323852539062,7.0,22.387746810913086,106.5912094116211,0.0,2009,9,-0.9906923101615609,-0.13612033862266704,25_94,1500.9378662109375,21.69916632330864,0.9859724280883796,-0.16690827136336064,-0.00245350763367304,19.910962065085837,39.78920643028048,814.81640625
0,neg_wet,2007-10-13,26.2337554476817,94.76251602731648,26.25,94.75,21,29,26.246620178222656,41.68023681640625,83.32826232910156,228.25924682617188,380.1998291015625,81.9000244140625,12.0,13.893412590026855,142.98733520507812,47.0,2007,10,-0.9785481345802031,0.20601832032517084,26_94,1913.4598388671875,19.448103241336405,0.6062301682302093,-0.7952892449464988,-0.005144784583162664,22.407110834021594,36.88086661185081,694.997314453125
1,pos,2013-07-12,25.616,94.1167,25.5,94.0,18,26,36.75754165649414,76.48664855957031,137.3861846923828,264.3466491699219,307.6977844238281,89.77246856689453,13.0,25.49555015563965,166.50732421875,60.0,2013,7,-0.17752914918703497,-0.984115542601034,25_94,1590.478759765625,23.26368834584578,0.9613243747699955,-0.27541867488076616,0.00256993825503164,18.389233176475543,42.27775114288626,940.856201171875
1,pos,2009-08-16,26.8867642,88.28044714,27.0,88.25,24,3,17.385231018066406,110.11181640625,171.92526245117188,307.7521057128906,764.011962890625,120.56000518798828,13.0,36.70393753051758,246.83612060546875,1.0,2009,8,-0.7036774074790128,-0.7105196029692745,26_88,1605.812255859375,22.127802430331432,-0.9853132940244036,0.17075629598576764,-0.0008902964301554192,20.83291518011918,46.22800180316193,1014.1681518554688
0,neg_general,2008-10-13,28.92904637899784,95.83537958386016,29.0,95.75,32,33,0.0,0.0,11.158010482788086,57.18392562866211,72.55044555664062,33.83692932128906,4.0,0.0,26.929309844970703,40.0,2008,10,-0.9748595108374125,0.22282040779479959,28_95,1781.4993896484375,33.54854093150114,-0.8364894126300206,0.5479830860144161,0.009745282156604647,28.644980482635443,44.87095934430621,1385.99609375
0,neg_hard,2016-08-17,27.549567864320494,88.7877874847613,27.5,88.75,26,5,13.704827308654785,22.09914779663086,63.93783950805664,157.76449584960938,446.8486328125,73.6910400390625,13.0,7.366382598876953,120.48236846923828,32.0,2016,8,-0.7277014757264236,-0.6858939875998223,27_88,4205.86767578125,32.346840301981835,-0.25768525852725843,-0.9662289105267654,0.004000808505478636,29.534689282418128,54.51868904179867,909.77490234375
0,neg_hard,2013-09-06,27.947221927044062,93.13320803042707,28.0,93.25,28,23,38.10444641113281,183.90585327148438,281.0245056152344,376.98883056640625,577.4020385742188,193.32028198242188,14.0,61.30195236206055,289.04437255859375,1.0,2013,9,-0.9093882203647925,-0.4159483918249421,27_93,1098.5057373046875,11.673878538335593,0.4766601124404661,0.8790876732205055,0.003827298634362077,24.45805462724401,47.81885859597147,731.6268310546875
0,neg_general,2012-08-08,25.3995025400989,92.83170870762837,25.5,92.75,18,21,0.0,0.9036554098129272,33.138038635253906,84.66234588623047,163.56405639648438,32.422122955322266,7.0,0.3012184798717499,50.32291030883789,60.0,2012,8,-0.6132298262997502,-0.7899045386224707,25_92,690.2964477539062,25.31234016007114,-0.32230296844411443,-0.9466365704599163,-0.0036560350626982097,14.16087764463866,34.09414884622779,500.3743591308594
0,neg_hard,2014-04-23,26.957469930340938,93.4020379460047,27.0,93.5,24,24,0.0,0.0,3.6399474143981934,10.850582122802734,25.431039810180664,8.975107192993164,2.0,0.0,5.525370121002197,60.0,2014,4,0.9312100364121947,-0.3644830148102912,26_93,188.51121520996094,23.758872563419814,0.5541553452931626,-0.8324132707273567,0.00018006481119998808,9.179137035082691,37.938153867052534,396.7211608886719
0,neg_general,2016-06-25,25.808506706814782,92.60064024134984,25.75,92.5,19,20,2.4915339946746826,20.05669403076172,40.97299575805664,65.77101135253906,117.05944061279297,21.397523880004883,7.0,6.6855645179748535,48.630470275878906,60.0,2016,6,0.0966127018812031,-0.9953220513156602,25_92,563.9761962890625,7.260770331027262,-0.04158220117687008,-0.9991350862347325,0.00253536787975235,11.619692548193397,27.879149783541735,332.9956970214844
0,neg_wet,2012-07-22,27.84681761723322,93.97301658796395,27.75,94.0,27,26,16.007076263427734,44.79602813720703,79.35770416259766,315.3370056152344,820.24462890625,129.94528198242188,14.0,14.93200969696045,202.252685546875,13.0,2012,7,-0.3594718130884232,-0.9331559438780432,27_93,765.9756469726562,27.89422879389275,0.36663085198786355,-0.9303664968014773,0.010132763642618073,23.607512940039,39.45191235107999,629.2193298339844
0,neg_general,2010-03-24,26.328267364862924,91.93933316302028,26.25,92.0,21,18,0.11391972750425339,0.4618426263332367,3.5084071159362793,7.301329612731934,10.612339973449707,3.7929227352142334,2.0,0.15394754707813263,3.810915946960449,60.0,2010,3,0.9897936029670716,0.14250832791617088,26_91,50.7249755859375,0.3791252622407674,-0.8626575481064291,0.505788448558292,-9.767518604993977e-05,0.740454296145107,3.480566948094122,13.963897705078125
0,neg_wet,2014-06-06,23.357157213696304,91.50850272503953,23.25,91.5,9,16,0.0,32.93436050415039,87.72705841064453,204.7018280029297,322.833984375,74.81301879882812,10.0,10.978119850158691,110.9449234008789,8.0,2014,6,0.42667408318992467,-0.9044054548343001,23_91,24.579172134399414,0.8408252698227999,-0.9103649801746776,-0.41380623831880403,0.0005248609738830519,2.4361908889420576,8.696413645099925,48.41135025024414
0,neg_wet,2014-08-09,27.345530141500657,88.56408642966066,27.25,88.5,25,4,13.767496109008789,30.905397415161133,106.26813507080078,180.62782287597656,496.5583801269531,68.38469696044922,13.0,10.301798820495605,141.65512084960938,60.0,2014,8,-0.6132298262997502,-0.7899045386224707,27_88,1986.088134765625,31.29762951235081,0.7844183598678629,-0.6202320829352606,0.0022339195431835463,24.25505158398801,42.88040110224923,1120.5396728515625
0,neg_wet,2014-08-17,25.704622192413307,92.20147340313285,25.75,92.25,19,19,28.019601821899414,60.19573211669922,97.10029602050781,140.92393493652344,305.9789733886719,60.19573211669922,13.0,20.065244674682617,118.6214828491211,33.0,2014,8,-0.7157953492826642,-0.6983101158835584,25_92,818.94677734375,1.733465842835134,-0.8968728367629973,0.44228849711098517,0.000369422195526127,4.2891816051242575,21.78314995894104,95.73846435546875
0,neg_general,2010-08-16,27.781647605544954,95.17660845194914,27.75,95.25,27,31,3.7373838424682617,50.777706146240234,76.85566711425781,122.14139556884766,303.5246276855469,59.22100067138672,7.0,16.925901412963867,92.64825439453125,60.0,2010,8,-0.7036774074790128,-0.7105196029692745,27_95,125.42149353027344,2.2445273273922877,-0.24492623506790237,-0.9695417161605078,-3.605023021380086e-05,0.7391209610038123,3.6462160861058246,22.14483642578125
0,neg_general,2012-07-29,25.261243990073762,94.35464770998588,25.25,94.25,17,27,0.0,0.0,0.0,14.800000190734863,136.1999969482422,13.399999618530273,2.0,0.0,20.57589340209961,21.0,2012,7,-0.46896519100763184,-0.8832166493127127,25_94,1276.8504638671875,19.53506582957824,-0.9361868607274569,-0.35150271947919437,-0.0008754958500595939,21.04985890963395,38.08679323036375,674.829345703125
0,neg_general,2016-05-28,27.72134805933738,92.03880436201139,27.75,92.0,27,18,3.6763830184936523,10.920160293579102,16.925594329833984,62.834869384765625,96.08946228027344,33.83739471435547,8.0,3.6400535106658936,33.383853912353516,60.0,2016,5,0.5467112728685939,-0.8373211953118121,27_92,3263.447998046875,23.26246823008067,-0.9975101530021985,0.07052300800115306,-0.0019643508363891677,35.272421171942284,56.58545629892012,1263.4990234375
0,neg_hard,2012-08-04,25.90806137545131,91.82425413768104,26.0,91.75,20,17,4.381753444671631,12.127562522888184,52.220088958740234,126.70582580566406,212.02523803710938,58.14657211303711,10.0,4.042520999908447,74.56016540527344,39.0,2012,8,-0.5574684374327892,-0.8301981337405212,25_91,465.2731628417969,10.52664075285063,-0.9181352950076598,0.3962670564924588,-0.009238636857599833,14.311415312459879,32.623184742091645,350.0449523925781
0,neg_general,2010-10-01,28.5191964720912,93.43081432247035,28.5,93.5,30,24,1.3070167303085327,2.4187264442443848,107.67578887939453,183.7881622314453,547.1279907226562,101.21659088134766,8.0,0.8062421679496765,136.87689208984375,7.0,2010,10,-0.9999994220246925,0.001075151282798226,28_93,3727.6767578125,44.75775864376754,0.712691607097053,-0.7014774929913431,-0.0012536672078197128,37.73109350731482,63.8006201499339,1844.8603515625
1,pos,2013-07-15,25.6269,94.1139,25.75,94.0,19,26,1.2756764888763428,10.445795059204102,107.74848175048828,268.3424377441406,338.1248779296875,99.25516510009766,13.0,3.481931686401367,139.5033721923828,11.0,2013,7,-0.2280577712215198,-0.9736476020539838,25_94,1567.5880126953125,13.28421249007524,0.6437325292910019,0.7652505672866956,0.0021943780013072285,18.885845405775846,42.27780599521497,887.099853515625
0,neg_hard,2010-09-24,26.972464352373684,88.43599914796378,27.0,88.5,24,4,0.0,3.320834159851074,26.08210563659668,151.16851806640625,449.4009094238281,77.90990447998047,10.0,1.1069446802139282,96.97045135498047,13.0,2010,9,-0.9928872135356962,-0.11905873003404988,26_88,176.32102966308594,17.34257788038634,-0.27807945626415886,0.9605580752894797,0.005885869856476103,25.152490212911896,49.6298058548174,586.998291015625
0,neg_hard,2014-05-25,25.455682410617904,94.45362787024098,25.5,94.5,18,28,1.9743727445602417,1.9743727445602417,1.9743727445602417,61.21531677246094,176.10708618164062,59.96840286254883,5.0,0.6581242680549622,36.00220489501953,60.0,2014,5,0.6029878670694714,-0.7977503570459932,25_94,1232.3909912109375,28.246754137168022,0.4863087547455331,-0.8737870421663673,0.003081543062251078,19.151496840924146,33.9293833492722,529.4842529296875
1,pos,2010-07-29,25.4196,94.1054,25.5,94.0,18,26,28.94656753540039,81.72850036621094,109.67710876464844,245.31353759765625,371.526611328125,81.72850036621094,12.0,27.242834091186523,159.72503662109375,60.0,2010,7,-0.45370308603134424,-0.8911529104063088,25_94,1414.69580078125,14.756658518171285,-0.19088689269604794,-0.9816120385350047,-0.005873005313231856,14.680293834535023,34.05018014492488,548.908935546875
0,neg_hard,2007-06-11,26.46392273872628,91.84846820472076,26.5,91.75,22,17,11.232820510864258,43.46739959716797,83.74210357666016,133.7316131591797,263.2418518066406,47.094390869140625,13.0,14.48913288116455,101.99603271484375,51.0,2007,6,0.3474028211842774,-0.9377159910299093,26_91,57.204498291015625,2.6295099986674026,-0.0818536029980831,-0.9966443636905956,0.0006192417206786041,1.0129074941873093,3.7254109164582485,14.269306182861328
0,neg_general,2010-10-18,29.1981793155194,94.4074062000475,29.25,94.5,33,28,0.5397940874099731,10.393722534179688,18.262340545654297,146.19894409179688,340.7750244140625,63.3541145324707,10.0,3.464574098587036,93.74149322509766,20.0,2010,10,-0.957232443323312,0.28931997761869527,29_94,3664.031005859375,27.2250296070126,0.2920513556738082,0.9564026378304751,-0.00039333568623855196,30.61919134457707,50.46760775372791,1194.313720703125
0,neg_wet,2014-07-04,28.336091250748204,95.46022494622763,28.25,95.5,29,32,7.442564487457275,30.44367027282715,153.74632263183594,240.8780517578125,334.0910339355469,138.6711883544922,12.0,10.147890090942383,141.01815795898438,5.0,2014,7,-0.04084439154329611,-0.9991655196610109,28_95,1632.5098876953125,36.9408871957302,0.8609439986166677,0.5086997456711998,-0.003103245087211776,33.37817045020464,55.63554475790039,1735.1741333007812
0,neg_general,2014-06-19,28.035759556302185,92.9048776412158,28.0,93.0,28,22,3.972848415374756,5.363039016723633,14.020858764648438,66.08079528808594,160.3599853515625,30.938749313354492,9.0,1.787679672241211,42.72144317626953,40.0,2014,6,0.21547731504673012,-0.976508846196619,28_92,4014.05078125,36.68496916211749,-0.40489608193691135,-0.9143627085747417,-0.012028033618975226,31.637583168170643,60.2274742041591,1505.858642578125
0,neg_hard,2013-06-17,25.389376137062982,91.85330509567892,25.5,91.75,18,17,0.139043927192688,35.174781799316406,39.08235168457031,234.51519775390625,563.548828125,162.01358032226562,11.0,11.724926948547363,150.6844940185547,8.0,2013,6,0.24893980855376657,-0.9685189578512204,25_91,1425.940673828125,33.789756392164996,-0.989624650080061,0.1436769012538791,0.0044822684658212975,26.37628083118309,51.22228728058051,791.539794921875
0,neg_wet,2015-08-02,25.508768637019806,93.99498023855337,25.5,94.0,18,26,1.329095721244812,41.9521484375,50.23162841796875,119.5727310180664,290.9031982421875,44.161624908447266,9.0,13.984049797058105,87.96298217773438,17.0,2015,8,-0.5139010013093103,-0.8578494977869301,25_93,2077.361328125,12.351237294363546,-0.9777912208597421,-0.20958131693835425,-0.005600446008728179,29.03235169577907,52.94663804157589,1077.6341552734375
0,neg_hard,2013-10-27,24.864293587213837,92.97750114067797,24.75,93.0,15,22,2.055553674697876,37.14445495605469,41.5661506652832,44.4196891784668,137.05389404296875,37.14445495605469,3.0,12.381484985351562,48.89023208618164,23.0,2013,10,-0.9011686968561569,0.4334685453485363,24_92,31.894872665405273,1.9221181598584098,0.9593083411771048,-0.2823605966632587,-7.403834026654401e-05,3.3130182541628916,14.412368661483157,62.04750061035156
0,neg_hard,2014-09-18,24.046693389211214,92.74223628572814,24.0,92.75,12,21,4.275589466094971,53.81867980957031,87.19037628173828,290.18682861328125,461.539794921875,114.32745361328125,14.0,17.939559936523438,154.5105438232422,60.0,2014,9,-0.9753363880767837,-0.2207236509605022,24_92,332.2349548339844,25.266582815099387,0.09828743105511158,-0.995158068296985,-0.013865040810943224,17.05306865941812,39.431288960458225,578.1455230712891
0,neg_general,2014-05-20,28.071747981425503,95.73958793795224,28.0,95.75,28,33,0.0,0.0,38.34127426147461,367.3872375488281,404.5173034667969,215.890380859375,10.0,0.0,141.7190704345703,9.0,2014,5,0.6692903895412567,-0.7430009249440493,28_95,180.1050567626953,0.2232609852415166,-0.294305170910569,-0.9557114974589878,0.00011040743409549192,0.4061956895216563,3.8827658647969954,17.30816650390625
0,neg_wet,2012-10-03,26.579160417331455,89.2213281214595,26.5,89.25,22,7,1.8928941488265991,142.8598175048828,144.30711364746094,409.2412109375,723.733154296875,203.6545867919922,9.0,47.619937896728516,248.25672912597656,1.0,2012,10,-0.9986126020839734,0.052658056924614005,26_89,69.03836059570312,0.4406651506041298,-0.25286963658676903,-0.967500360151083,5.708280767300678e-05,0.6498999610277335,2.595953934655214,12.514297485351562
0,neg_hard,2007-08-24,29.034363570884576,95.0335243602958,29.0,95.0,32,30,0.0,0.0,0.0,0.0,0.0,0.0,0.0,0.0,0.0,60.0,2007,8,-0.7944973291665992,-0.6072676460566135,29_95,1610.023681640625,35.77072237930193,0.40049516385966405,-0.9162988724892227,0.010811365880987748,23.614439384976745,53.583077639203026,794.90087890625
0,neg_wet,2012-08-30,27.633334193724078,88.36038546639266,27.75,88.25,27,3,10.006563186645508,46.558319091796875,92.2410659790039,167.86647033691406,324.6210632324219,60.73442459106445,13.0,15.519439697265625,122.52706146240234,60.0,2012,8,-0.8616928164028522,-0.5074302810827518,27_88,4288.29541015625,13.438360105309128,-0.7539921294455147,-0.6568834514084048,-0.0029843881840589813,38.92407368400314,70.82346054123815,1907.44873046875
0,neg_hard,2014-07-31,23.739717892754733,92.39509959959388,23.75,92.5,11,20,12.044943809509277,99.09180450439453,102.58100128173828,149.775390625,364.40191650390625,99.09180450439453,7.0,33.030601501464844,145.06680297851562,17.0,2014,7,-0.48408852163897587,-0.8750190302029955,23_92,177.1696014404297,16.273504090935212,-0.9961189404205254,0.08801736496561219,0.0002683774594661717,12.125661842954601,30.72201436739134,217.01173400878906
0,neg_general,2010-08-05,28.44105805521623,93.78509684481594,28.5,93.75,30,25,0.0,30.629684448242188,218.4611053466797,350.9246826171875,768.2952270507812,184.20059204101562,12.0,10.209895133972168,219.06610107421875,6.0,2010,8,-0.5574684374327892,-0.8301981337405212,28_93,1201.7249755859375,42.205528714209514,-0.5897613815705338,-0.8075775583855802,-0.004019828570844139,38.96139629163921,58.930039313788676,1842.0470581054688
0,neg_general,2016-10-02,27.906476114551673,95.72709164721877,28.0,95.75,28,33,0.0,3.3614919185638428,19.752197265625,104.34384155273438,354.2001953125,51.7960205078125,11.0,1.1204973459243774,74.56552124023438,23.0,2016,10,-0.9993706508539969,0.03547255575312556,27_95,139.97488403320312,0.7224702884752958,0.8420686867048709,-0.5393703058856077,0.00044373200918797385,0.569087957596505,2.3295421649118526,12.39697265625
0,neg_general,2012-06-12,26.94099898398128,91.30606183082278,27.0,91.25,24,15,105.91511535644531,106.6087417602539,224.72454833984375,434.76141357421875,581.9871826171875,182.87521362304688,7.0,35.53624725341797,272.0077209472656,0.0,2012,6,0.31494162072895193,-0.9491110448902284,26_91,1488.9368896484375,37.66155644396699,0.9653491728548471,-0.26096163409294965,-0.009387661534351529,27.264366038398745,48.52453175112094,878.56591796875
1,pos,2009-07-01,27.478,88.527,27.5,88.5,26,4,12.966178894042969,67.4974136352539,147.2259521484375,202.08282470703125,371.92791748046875,88.99110412597656,13.0,22.49913787841797,151.66473388671875,4.0,2009,7,0.01075130776352193,-0.9999422030204416,27_88,771.1799926757812,26.251057312790195,-0.7663180839482177,-0.6424613562027933,-0.0009769855811423852,25.787749884912348,47.02896198242945,848.8064575195312
1,pos,2011-09-25,27.0605,88.255,27.0,88.25,24,3,19.93300437927246,79.0161361694336,166.2187957763672,302.41473388671875,392.3253479003906,98.09053039550781,13.0,26.338712692260742,197.66943359375,33.0,2011,9,-0.994788305609327,-0.10196189005174576,27_88,1979.279541015625,29.271355849411567,0.8462740912074856,0.5327477475794189,0.0010517823921077436,24.82905311744739,47.94589141869929,1008.69580078125
0,neg_general,2011-06-26,27.594264175542246,92.63244562102726,27.5,92.75,26,21,15.029316902160645,42.844512939453125,109.90794372558594,136.18771362304688,287.7106628417969,65.5620346069336,9.0,14.28150463104248,110.52420043945312,60.0,2011,6,0.0966127018812031,-0.9953220513156602,27_92,2306.005859375,26.766886867007614,0.7791570076404464,-0.6268288103180847,0.0018765402198396416,26.662946837340606,50.409953803434455,1230.16943359375
0,neg_general,2009-07-13,28.331027085301734,94.58296822265773,28.25,94.5,29,28,0.0,7.754308700561523,65.74423217773438,387.8352355957031,467.60174560546875,188.25425720214844,12.0,2.5847694873809814,157.1690216064453,13.0,2009,7,-0.19443122004766195,-0.9809161537413774,28_94,1542.257568359375,20.16290797506623,-0.22559708595793765,0.9742206910178447,-0.001991134752533122,26.57087615729478,49.078291113926504,990.009765625
0,neg_hard,2007-08-27,27.61161030332624,91.9516336877247,27.5,92.0,26,18,2.183166742324829,6.288293838500977,42.182247161865234,123.2786865234375,249.52978515625,75.1966552734375,6.0,2.096097946166992,75.87154388427734,30.0,2007,8,-0.8247650844733614,-0.5654755126737576,27_91,3250.636962890625,22.7391215269692,0.908908344868744,0.41699594797546957,0.003398128222395925,26.52554555868796,52.22768526633038,1212.095947265625
0,neg_wet,2015-06-06,27.962590136529567,92.69060373752679,28.0,92.75,28,21,17.335081100463867,41.70281982421875,78.51497650146484,137.33563232421875,199.337646484375,41.70281982421875,12.0,13.90093994140625,87.42432403564453,60.0,2015,6,0.42667408318992467,-0.9044054548343001,27_92,5535.78564453125,44.837308089238796,-0.8904901381697555,0.4550025426548842,0.006802165765048946,28.120922380831626,54.99241068448029,1164.005859375
1,pos,2010-10-09,25.1796,93.0083,25.25,93.0,17,22,60.06459045410156,91.87438201904297,94.70729064941406,132.67486572265625,255.83079528808594,91.87438201904297,8.0,30.624794006347656,120.5037841796875,0.0,2010,10,-0.9903973200352558,0.1382503109109819,25_93,685.9299926757812,6.944978471873092,0.9380400000681363,0.3465269950121793,0.0006522647399287987,14.041503112366527,37.83274268066747,438.95721435546875
0,neg_hard,2012-02-14,28.01905616993014,93.30323757103008,28.0,93.25,28,23,0.0,1.183660864830017,1.9792771339416504,1.9792771339416504,14.250362396240234,1.183660864830017,0.0,0.39455363154411316,2.8968074321746826,60.0,2012,2,0.6990793005655562,0.7150441465537444,28_93,2191.737060546875,24.101166384913643,0.1004274530702999,0.9949443837068546,0.004208198140971707,26.79146699328264,43.294892494630616,958.1964111328125
1,pos,2011-07-07,25.4191,94.1079,25.5,94.0,18,26,2.1807591915130615,23.93103790283203,57.36909103393555,184.44064331054688,336.2980041503906,106.6139907836914,10.0,7.977012634277344,101.99386596679688,10.0,2011,7,-0.09233133369539122,-0.9957283388645872,25_94,1395.17626953125,2.565694676925439,0.9961599848105813,-0.08755161141967857,-0.0016709903884085382,14.286462310501447,28.60635078103958,484.16455078125
0,neg_wet,2015-08-04,25.379513566695778,90.66250059560818,25.5,90.75,18,13,9.649873733520508,38.29998016357422,130.3248748779297,549.2399291992188,919.5049438476562,347.2073974609375,10.0,12.7666597366333,304.0009460449219,3.0,2015,8,-0.5431052396834317,-0.8396646346181327,25_90,687.1437377929688,11.790157214144092,0.9379297220544917,0.3468253688627522,0.0010723663928869412,16.849419934097863,38.33975840982819,528.5671081542969
0,neg_hard,2008-09-17,25.058632402770677,94.38774024453869,25.0,94.5,16,28,0.30824553966522217,0.5240174531936646,7.988877296447754,87.43719482421875,191.7976531982422,45.24898147583008,8.0,0.17467248439788818,50.69980239868164,60.0,2008,9,-0.9753363880767837,-0.2207236509605022,25_94,1461.50341796875,16.17856674102758,-0.2815433138727268,0.9595485200934674,0.00127105328473211,15.347854994102306,30.09520024812582,436.2957763671875
0,neg_general,2014-09-14,24.459257690394853,92.81196831612837,24.5,92.75,14,21,17.396869659423828,18.714000701904297,177.27882385253906,288.23602294921875,493.6556701660156,220.16331481933594,9.0,6.238000392913818,184.91427612304688,6.0,2014,9,-0.9578523554276669,-0.28726097055059635,24_92,72.64600372314453,4.824948398105566,0.4597640480586683,0.888041113976547,0.0027155096161224075,5.262175122602176,19.047832578291683,80.50878143310547
0,neg_general,2015-06-13,23.34461218112516,88.34704696712328,23.25,88.25,9,3,2.672579765319824,7.984001636505127,9.873287200927734,9.873287200927734,100.06947326660156,7.984001636505127,2.0,2.6613337993621826,14.872956275939941,27.0,2015,6,0.31494162072895193,-0.9491110448902284,23_88,5.0,0.2539362650416578,-0.7342396963419199,-0.6788903212712089,0.0,0.5971176706304295,2.9865669152093703,10.950196266174316
0,neg_wet,2016-05-03,27.957447114572425,95.5317233424073,28.0,95.5,28,32,0.0,87.91989135742188,154.0454559326172,488.53472900390625,1163.236328125,204.75868225097656,13.0,29.306631088256836,305.1014404296875,2.0,2016,5,0.8460288880917339,-0.533137056031809,27_95,144.5810089111328,1.7096447207391134,-0.599265795994541,0.8005501269446087,-0.0006827395594811308,0.8765159368877814,3.728520218040336,16.650604248046875
0,neg_hard,2009-07-25,28.121154005833223,93.11335368425442,28.0,93.0,28,22,24.640478134155273,44.13215637207031,89.69469451904297,199.81234741210938,624.1891479492188,104.8487548828125,10.0,14.710719108581543,167.9202880859375,16.0,2009,7,-0.3913578365610259,-0.9202385798054075,28_93,2962.63818359375,23.773769879826805,-0.34957954072928676,0.9369066894325715,-0.0003964564213215011,25.33074460543859,44.88854527251966,1476.137939453125
0,neg_general,2008-05-12,26.25588980746622,93.51322295897548,26.25,93.5,21,24,0.0,2.9099512100219727,21.540863037109375,124.67195129394531,164.22366333007812,50.00191879272461,10.0,0.9699837565422058,54.355499267578125,60.0,2008,5,0.753697664392914,-0.6572212950663319,26_93,886.520751953125,21.209620232382974,0.8157143581219364,-0.5784549126368601,-0.0012455483736262467,13.285293854508632,35.30874506553075,360.8616943359375
1,pos,2011-06-23,27.2879,88.2579,27.25,88.25,25,3,20.270763397216797,23.61037826538086,110.82293701171875,136.79713439941406,256.2036437988281,78.78971862792969,8.0,7.870126247406006,106.9086685180664,60.0,2011,6,0.14782713347053048,-0.9890132145779883,27_88,1500.86669921875,15.736013960784463,0.24799321950147152,-0.9687617679704825,-0.009088324260287495,25.90780775735959,47.59512624850321,1341.6439819335938
0,neg_general,2016-11-12,25.529591135574876,90.31547747464528,25.5,90.25,18,11,0.0,0.0,0.0,0.0,77.2381820678711,77.2381820678711,0.0,0.0,23.5174617767334,15.0,2016,11,-0.7379428103031386,0.6748632518680403,25_90,792.912841796875,12.571338866519618,-0.48631798475859817,0.8737819051115306,0.002669647746671091,11.12871802978961,34.4156097722626,368.7081298828125
1,pos,2016-05-18,24.5202,92.7239,24.5,92.75,14,21,182.6837615966797,214.47817993164062,260.38836669921875,277.3929443359375,593.052734375,214.47817993164062,7.0,71.49272918701172,279.2412414550781,0.0,2016,5,0.6819721490904629,-0.7313781428679254,24_92,41.02753448486328,0.5363203432568097,-0.6057657164144602,-0.795643071242926,-0.000728682094049493,2.0025159952578835,18.75433836340407,100.78270149230957
1,pos,2011-07-17,26.99195749,88.42280921,27.0,88.5,24,4,58.513343811035156,162.93496704101562,356.7245178222656,621.564697265625,1272.8350830078125,246.55947875976562,13.0,54.3116569519043,466.3077392578125,0.0,2011,7,-0.2614143985111562,-0.965226663665613,26_88,266.56561279296875,22.693128847390128,0.21868049139851808,-0.9757965170473313,0.0054046589329189276,25.17300393966792,41.91571403483553,1051.8533935546875
0,neg_wet,2016-09-22,25.257997159436382,93.17297213663166,25.25,93.25,17,23,12.660675048828125,28.013874053955078,44.227134704589844,95.61084747314453,239.13345336914062,30.71702003479004,12.0,9.337958335876465,69.9381332397461,60.0,2016,9,-0.9906923101615609,-0.13612033862266704,25_93,377.58447265625,29.67622605633207,0.775963449381313,-0.6307778731251237,0.0046281572282792695,10.44968835057567,32.20821421198414,264.4076843261719
1,pos,2010-09-13,23.75406693,92.74128531,23.75,92.75,11,21,10.891241073608398,40.288536071777344,63.73694610595703,228.87559509277344,402.4348449707031,74.77330780029297,14.0,13.429512023925781,144.15423583984375,7.0,2010,9,-0.9527692922168511,-0.30369503751065885,23_92,958.1802978515625,19.16960288184108,0.9623875752932223,0.271680243892029,0.0021451910867058815,23.52100638739493,46.27220541341705,845.0481567382812
0,neg_hard,2016-08-27,26.132466568098693,94.68577904110859,26.25,94.75,21,29,0.2128748893737793,10.099817276000977,15.676509857177734,74.92660522460938,214.4929962158203,53.619873046875,5.0,3.366605758666992,50.5161018371582,18.0,2016,8,-0.8343701235229538,-0.5512045872199277,26_94,1961.564208984375,27.644048160118192,-0.9950293282197178,0.09958230757828973,0.003589857872422446,22.367662629640606,48.374385249598696,783.934814453125
1,pos,2011-08-18,25.83,94.13,25.75,94.25,19,27,0.0,12.52111530303955,66.35627746582031,145.0745849609375,290.4925231933594,51.76834487915039,11.0,4.173705101013184,86.71525573730469,36.0,2011,8,-0.7277014757264236,-0.6858939875998223,25_94,1015.3535766601562,8.453181127823614,0.25608676421914744,0.9666538000710321,0.003454545113052295,15.928596377830175,31.26999867033341,553.41796875
1,pos,2011-08-23,27.13862165,88.22551799,27.25,88.25,25,3,7.215989589691162,30.743261337280273,77.02898406982422,281.3202819824219,526.84521484375,104.65528869628906,14.0,10.247754096984863,155.32984924316406,14.0,2011,8,-0.7839338166829201,-0.620844401650647,27_88,893.8572998046875,27.249420671038337,-0.9960442546006371,0.08885855545225438,-0.0010559954118240676,26.038600136991153,47.791906767908294,1138.9304809570312
0,neg_wet,2015-08-13,26.34019965973333,93.49856629447575,26.25,93.5,21,24,5.0868306159973145,68.7667236328125,87.13555145263672,107.01309967041016,282.6488037109375,74.168212890625,7.0,22.9222412109375,92.42063903808594,28.0,2015,8,-0.666088855860977,-0.7458723993404063,26_93,303.4096374511719,12.804967844897952,0.934532508315877,0.35587777522744435,0.003203411515680986,17.117401807915936,37.37673329574358,469.4045715332031
0,neg_hard,2012-03-07,25.93504330740742,94.27604623186255,26.0,94.25,20,27,0.5256561636924744,0.5256561636924744,7.34921407699585,8.120513916015625,11.43620491027832,6.8235578536987305,1.0,0.17521871626377106,5.371219158172607,60.0,2012,3,0.9138076496466615,0.4061472386305789,25_94,731.107421875,20.92735369836266,-0.9237778163078398,0.38292890475585517,-0.004978077520837031,19.92403145978489,32.909374892614196,533.0663452148438
1,pos,2013-08-16,26.4205,94.9731,26.5,95.0,22,30,56.13555145263672,77.47364044189453,147.25491333007812,265.3205871582031,443.5322265625,83.49855041503906,13.0,25.824546813964844,181.09181213378906,0.0,2013,8,-0.7036774074790128,-0.7105196029692745,26_94,697.493896484375,20.415520327541955,0.11377287204872415,-0.9935067858780757,-0.0035325053385406808,24.221421725372057,38.99615008468956,949.0018920898438
0,neg_general,2012-08-06,23.78495279535582,92.58597589222043,23.75,92.5,11,20,26.56621551513672,41.8995361328125,104.1411361694336,209.18637084960938,366.21295166015625,63.251251220703125,13.0,13.966511726379395,147.48023986816406,48.0,2012,8,-0.5856957398073508,-0.8105309990194823,23_92,383.9773864746094,25.651309889157314,0.7287117103654529,-0.6848205919627829,-0.002796964188980591,22.506980910244106,42.67247355025027,680.8386840820312
0,neg_general,2009-08-29,24.226215193938973,88.4571795859068,24.25,88.5,13,4,2.631478786468506,21.94843101501465,33.097129821777344,85.26630401611328,232.34024047851562,34.034576416015625,11.0,7.31614351272583,60.043785095214844,56.0,2009,8,-0.8437282590292712,-0.5367705514607103,24_88,19.218942642211914,0.9385034451889473,0.24796574453495523,-0.9687688008690336,0.0007767354569715767,0.41553871450695035,1.7673486673900145,9.206205368041992
1,pos,2013-07-01,26.1147,94.3864,26.0,94.5,20,28,4.990725517272949,22.5037841796875,55.73860168457031,76.02568817138672,149.14785766601562,33.23481369018555,7.0,7.501261234283447,57.773868560791016,60.0,2013,7,0.01075130776352193,-0.9999422030204416,26_94,337.5,8.474737578487852,-0.9868137172102929,-0.1618600862646632,0.010883638941156142,16.160789551110305,28.363071363324607,342.4979248046875
0,neg_hard,2014-06-20,27.259297912943847,93.71952696613012,27.25,93.75,25,25,69.11392974853516,84.3263931274414,94.38066101074219,211.32928466796875,448.65093994140625,84.3263931274414,10.0,28.108797073364258,162.64695739746094,0.0,2014,6,0.19864794288017112,-0.9800709131432666,27_93,962.7604370117188,32.02402685494768,0.9951244688599528,0.0986270321777801,-0.003651061027555371,27.002555283506293,47.11689540051898,1063.920166015625
0,neg_general,2009-08-28,25.402345938226116,93.52498188972595,25.5,93.5,18,24,25.11505699157715,57.25819396972656,115.32659912109375,205.36703491210938,322.50604248046875,68.71238708496094,11.0,19.0860652923584,130.87814331054688,60.0,2009,8,-0.8343701235229538,-0.5512045872199277,25_93,1594.0833740234375,15.85685145529952,0.938975186181283,-0.34398488300479857,0.0003530297105265171,23.115255195462655,50.058499364916074,646.5029296875
0,neg_hard,2016-06-11,27.3898476526183,88.82541961523008,27.5,88.75,26,5,9.361096382141113,16.411155700683594,107.99616241455078,152.65228271484375,490.0033264160156,75.63675689697266,11.0,5.4703850746154785,121.42866516113281,26.0,2016,6,0.3312212278016865,-0.9435531242349544,27_88,4434.294921875,4.069583881803507,0.037702970811143786,-0.9992889902285594,-0.009789027838352157,20.453966235383295,42.38133976779861,846.203369140625
0,neg_hard,2009-08-06,25.509403279112224,88.24785786800976,25.5,88.25,18,3,64.95669555664062,114.20362854003906,213.56784057617188,414.5234069824219,443.1320495605469,130.0226593017578,10.0,38.067874908447266,253.43064880371094,0.0,2009,8,-0.5716666713027052,-0.8204859638785327,25_88,28.333106994628906,0.06820210949673351,0.4700804964991527,-0.8826235476187513,3.7870541047523246e-05,0.4711050287543269,2.360465938360222,9.73800277709961
0,neg_general,2015-07-11,25.511011952718302,91.5243627671162,25.5,91.5,18,16,0.9689802527427673,10.328669548034668,27.623628616333008,79.18191528320312,269.9559631347656,31.39411163330078,10.0,3.442889928817749,61.120994567871094,26.0,2015,7,-0.16057454459499376,-0.9870237158387383,25_91,1678.9000244140625,7.529441821022004,0.6092898126764555,0.7929476175439899,0.004128240171398972,7.704134526554764,25.354448066358735,168.9263916015625
0,neg_general,2015-08-14,28.724096218204192,95.57731877902128,28.75,95.5,31,32,6.171807289123535,12.443063735961914,13.949091911315918,130.2329559326172,253.821044921875,92.56657409667969,6.0,4.147687911987305,75.93182373046875,30.0,2015,8,-0.6788204829862355,-0.734304263829602,28_95,2177.856201171875,33.42347277892591,-0.5238617439103469,-0.8518033066777859,0.005493457180219506,30.330488816957736,47.832812238691226,1040.8165283203125
0,neg_general,2013-03-20,23.757630346306502,92.93408281102414,23.75,93.0,11,22,0.0,2.9895410537719727,2.9895410537719727,5.407895088195801,5.407895088195801,2.9895410537719727,1.0,0.9965136647224426,3.627866506576538,60.0,2013,3,0.9776530844816641,0.2102247521189836,23_92,1030.5556640625,29.966311567266672,0.09377974305687174,-0.9955929689346883,0.005403901644295403,22.302311448933782,40.20875182136227,791.1254577636719
0,neg_general,2010-06-08,24.621509610847472,93.01925183889745,24.5,93.0,14,22,51.37139892578125,93.4833984375,151.70663452148438,229.19744873046875,354.4485168457031,93.4833984375,14.0,31.1611328125,167.1718292236328,0.0,2010,6,0.3953117887649151,-0.9185469991587165,24_93,608.31787109375,21.290687747945228,0.9999395701298521,-0.010993456623218578,-0.003550535785403834,16.000100322172788,46.04954280099132,577.1912689208984
0,neg_wet,2007-07-07,26.56434986456491,89.63596205108554,26.5,89.75,22,9,12.187769889831543,78.72869110107422,117.06012725830078,158.30308532714844,704.050048828125,84.98278045654297,11.0,26.242897033691406,174.79055786132812,18.0,2007,7,-0.09233133369539122,-0.9957283388645872,26_89,54.72441482543945,1.366240894356634,0.6989472232471011,0.7151732511183335,0.0009453648517492956,0.62815257700167,2.9314444395104102,12.151348114013672
0,neg_wet,2014-05-24,27.106481695404142,88.95864643973347,27.0,89.0,24,6,5.667317867279053,52.1445426940918,87.63750457763672,190.13265991210938,310.3653564453125,102.49517059326172,8.0,17.381513595581055,116.39672088623047,12.0,2014,5,0.6166212130956382,-0.7872599821916922,27_88,2124.214599609375,24.577609529666375,0.11868042907902474,-0.9929325031207401,-0.00035765559235281146,22.549046540984524,37.567530018391516,978.9395751953125
1,pos,2015-08-26,23.3572,92.7878,23.25,92.75,9,21,27.531700134277344,117.95063018798828,208.60690307617188,264.0240478515625,367.8323059082031,144.18563842773438,11.0,39.31687545776367,202.4755401611328,2.0,2015,8,-0.8149159841660791,-0.5795791048257612,23_92,1371.5789794921875,10.74501559009632,-0.39056013747631185,-0.920577416089752,-0.004377271670885394,22.76341402767432,41.819950053177756,944.2202758789062
1,pos,2012-09-19,27.8458,95.2253,27.75,95.25,27,31,0.0,0.0,0.0,0.0,14.388446807861328,0.0,0.0,0.0,6.126725673675537,58.0,2012,9,-0.9823516608469237,-0.18704334906991657,27_95,134.03646850585938,0.14816708670327322,-0.5388513330186208,-0.8424008789786817,0.00012121741889404008,0.7536064103225186,3.873944356549375,23.58521270751953
0,neg_general,2009-05-19,26.215115257517578,88.17247635152357,26.25,88.25,21,3,0.0,0.9972211718559265,4.970758438110352,44.306732177734375,68.05342102050781,23.2630615234375,4.0,0.33240705728530884,22.468616485595703,60.0,2009,5,0.6819721490904629,-0.7313781428679254,26_88,59.57655715942383,0.9606606044749137,-0.7964822209424478,0.6046619483005241,0.00033232951041394974,0.4404161582759106,2.561771838108147,9.87814712524414
1,pos,2012-11-11,23.7705,92.5217,23.75,92.5,11,20,0.0,0.0,0.0,0.0,0.9057319164276123,0.0,0.0,0.0,4.498693943023682,57.0,2012,11,-0.7494423368521954,0.6620696215153815,23_92,69.35420227050781,5.14196107833994,-0.9940485735587747,0.10893775014091905,0.0011922769426852915,19.639508822970303,39.538735400575135,481.6463623046875
0,neg_general,2007-09-08,26.58149932572667,92.27424045018827,26.5,92.25,22,19,32.66884231567383,127.3607177734375,204.8553009033203,269.98345947265625,375.3329162597656,127.3607177734375,12.0,42.45357131958008,198.46522521972656,1.0,2007,9,-0.9231578729647039,-0.38442104726885545,26_92,63.5,0.37403628513539594,-0.08596057582843203,0.9962985392959504,0.00014900618429309015,0.5344845454621473,3.2907582351049554,14.503013610839844
0,neg_general,2009-05-20,26.72354486703373,93.03142419030384,26.75,93.0,23,22,0.0,18.12153434753418,27.53360939025879,124.23080444335938,278.9114685058594,65.82962799072266,9.0,6.040511608123779,71.04122161865234,60.0,2009,5,0.6692903895412567,-0.7430009249440493,26_93,68.61824798583984,0.40638030843807493,0.6074203072415258,-0.7943806205784544,7.145493262615156e-05,0.9243851115611189,4.615283394345936,18.282508850097656
0,neg_general,2011-06-10,23.032960028132294,92.46247232376585,23.0,92.5,8,20,8.409293174743652,14.696832656860352,15.250635147094727,82.1694564819336,290.4423828125,83.24797821044922,6.0,4.89894437789917,68.0815200805664,60.0,2011,6,0.36348161248290634,-0.9316013725767187,23_92,127.97303771972656,17.94255025168864,0.7425894653053569,0.6697468820513494,0.005249528592942561,9.462662750547109,21.85357541033522,217.48693466186523
0,neg_hard,2013-08-22,26.92258884455199,87.89094328287761,27.0,88.0,24,2,8.362933158874512,98.82676696777344,151.93524169921875,187.23974609375,436.7894592285156,103.23773956298828,12.0,32.942256927490234,162.66822814941406,1.0,2013,8,-0.7731383255706026,-0.6342374393978054,26_87,1059.501220703125,22.821189120226755,-0.512760240136611,-0.8585318492257844,0.0029779917849453177,19.73085989781423,35.728679768685765,689.6316528320312
0,neg_wet,2014-07-25,26.484440923878662,92.93778056590155,26.5,93.0,22,22,63.33169174194336,88.07943725585938,139.48760986328125,239.1045379638672,382.4648742675781,88.07943725585938,12.0,29.359811782836914,162.38397216796875,0.0,2014,7,-0.3913578365610259,-0.9202385798054075,26_92,64.66558074951172,1.2211473776851902,0.46160569787773537,-0.8870852155722182,0.0007340605628003455,0.6796855761827189,3.0259547353993406,13.66360855102539
1,pos,2016-07-26,26.0101,94.5282,26.0,94.5,20,28,20.44708824157715,32.81678771972656,54.29564666748047,162.47979736328125,319.967529296875,83.13870239257812,11.0,10.938929557800293,99.73656463623047,11.0,2016,7,-0.4227806579826773,-0.9062320427107697,26_94,1709.053466796875,16.134078528692303,0.9707537055383273,-0.24007757742781083,-0.007075911723109367,20.865837204644773,39.19952316523558,810.1756591796875
1,pos,2009-08-27,25.1718,93.123,25.25,93.0,17,22,29.43846893310547,44.75821304321289,49.41570281982422,95.4897689819336,263.3460693359375,44.75821304321289,9.0,14.919404029846191,83.12055206298828,21.0,2009,8,-0.8247650844733614,-0.5654755126737576,25_93,727.5643920898438,12.121144915272383,-0.9888026260598588,-0.14922924209794455,-0.0026021507544878187,13.31322955412449,37.9509080615974,496.72198486328125
0,neg_hard,2010-09-10,24.25622882809516,93.95751840933563,24.25,94.0,13,26,0.0,12.335840225219727,31.749608993530273,50.313961029052734,108.2957992553711,20.777202606201172,6.0,4.1119465827941895,35.66642379760742,57.0,2010,9,-0.9358348973349941,-0.35243871088460327,24_93,934.1793823242188,11.37212237344018,0.23923918320559284,0.9709606651245564,0.001991783734664117,16.51008396089984,30.37598600626554,409.61309814453125
0,neg_hard,2015-08-01,24.72279592209241,92.92105657628476,24.75,93.0,15,22,9.228944778442383,14.904075622558594,17.93357276916504,241.11676025390625,428.98358154296875,133.09552001953125,10.0,4.968025207519531,112.95398712158203,10.0,2015,8,-0.4990686026885319,-0.8665624788845385,24_92,27.670738220214844,0.9707362852282632,-0.8569365990912905,-0.5154218322285669,-0.0018460252725712486,0.6762787175500865,2.950148075455346,11.859357833862305
1,pos,2011-08-25,27.7344,88.633,27.75,88.75,27,5,5.8755784034729,27.6529541015625,67.17195892333984,178.60894775390625,395.68865966796875,60.320247650146484,14.0,9.2176513671875,114.68378448486328,60.0,2011,8,-0.8048257371083452,-0.593511190196115,27_88,3477.470458984375,22.927678215556433,0.6484891203426999,-0.7612239229012389,0.0020865025095532907,31.277905849499415,54.732342047169155,1396.971435546875
0,neg_wet,2012-06-26,26.222069184681466,90.74141455924857,26.25,90.75,21,13,158.64761352539062,266.9564208984375,320.831298828125,695.9559326171875,909.4306640625,266.9564208984375,13.0,88.9854736328125,427.71893310546875,0.0,2012,6,0.07947729992362097,-0.9968366760893436,26_90,35.235111236572266,0.3416256506476372,0.028312108446527328,0.9995991319100432,6.87488610540817e-05,0.5551485826020746,2.7673428664361417,8.581130981445312
1,pos,2016-07-19,25.203,90.5573,25.25,90.5,17,12,149.00009155273438,399.512451171875,551.1611328125,775.0899658203125,1601.836669921875,399.512451171875,15.0,133.1708221435547,612.4623413085938,0.0,2016,7,-0.3108569682435036,-0.9504567035349151,25_90,155.75831604003906,18.18805475017814,-0.12132788255758345,-0.9926124847663832,-0.006990901770246922,13.941974127383544,32.44224508812316,278.501895904541
0,neg_general,2014-06-14,26.668304224433896,91.18767331260807,26.75,91.25,23,15,0.0,41.15586853027344,85.16272735595703,199.65931701660156,384.97039794921875,112.62431335449219,8.0,13.718623161315918,133.32484436035156,23.0,2014,6,0.2985688173637202,-0.9543881083175908,26_91,52.88468551635742,0.31676849295654536,-0.7694830699811249,0.6386672099085902,4.222413430981046e-05,0.8108837256840741,4.6199873115602035,18.674591064453125
0,neg_hard,2008-09-27,25.679721483325764,94.58742711908742,25.75,94.5,19,28,29.100908279418945,73.66475677490234,121.31985473632812,139.01507568359375,277.30218505859375,73.66475677490234,8.0,24.55491828918457,123.74211883544922,58.0,2008,9,-0.9987235240803972,-0.050510617185222886,25_94,656.6883544921875,28.639525379306214,0.9347012594827907,-0.35543431956028787,-0.0006228111904817764,20.368529518303074,46.19675102926142,519.821044921875
0,neg_hard,2016-10-27,24.984553270009805,92.37031801056966,25.0,92.25,16,19,0.0,0.0,0.0,17.48688507080078,239.6804656982422,25.913997650146484,2.0,0.0,37.320030212402344,18.0,2016,10,-0.8935790198239952,0.4489059314938798,24_92,12.382134437561035,0.014599097187346088,0.47688197773368995,-0.878967336886192,-0.00017684117143869734,0.4127804636797306,2.5445665501063575,9.667356491088867
0,neg_hard,2007-05-04,24.768296138432564,94.01506383009855,24.75,94.0,15,26,0.0,0.0,9.211496353149414,77.32231140136719,191.9667510986328,40.719974517822266,8.0,0.0,38.99669647216797,60.0,2007,5,0.8460288880917339,-0.533137056031809,24_94,1360.7320556640625,18.88943564709652,0.9165484454744399,-0.3999236765914061,0.0007183413654129245,20.492664281374108,37.741128044356635,762.0233764648438
0,neg_general,2007-06-07,29.19054051292396,94.09503062740262,29.25,94.0,33,26,0.0,0.0,0.0,0.0,0.0,0.0,0.0,0.0,0.0,60.0,2007,6,0.4110537546870351,-0.9116111071930239,29_94,3202.917724609375,26.964299666417595,0.6797912362488894,0.733405668862197,0.005599692900951342,24.757106228293473,54.812747241891095,1362.427734375
1,pos,2010-10-09,25.682,94.1076,25.75,94.0,19,26,54.94748306274414,90.336181640625,92.84922790527344,146.20140075683594,336.468017578125,90.336181640625,9.0,30.112060546875,134.5287628173828,0.0,2010,10,-0.9903973200352558,0.1382503109109819,25_94,1441.2371826171875,9.075077808408302,-0.998057861578084,-0.06229369905682473,-0.0003794168802319436,13.776788004939993,25.601687270543525,380.7393798828125
1,pos,2015-08-01,24.4072,94.0644,24.5,94.0,14,26,87.39673614501953,125.80644989013672,144.26824951171875,302.71954345703125,387.99359130859375,125.80644989013672,13.0,41.935482025146484,196.82920837402344,0.0,2015,8,-0.4990686026885319,-0.8665624788845385,24_94,1148.29443359375,25.513361079651315,0.053228054517013484,0.9985823822861757,0.0011755487194080917,16.998924559221432,33.01289021648677,534.8655395507812
0,neg_wet,2013-07-05,25.529359051930527,91.25821428036858,25.5,91.25,18,15,89.75443267822266,168.89776611328125,341.0273132324219,906.8699340820312,1313.31982421875,419.88751220703125,15.0,56.29925537109375,528.7974853515625,0.0,2013,7,-0.05802556932878035,-0.9983150972033183,25_91,1327.0032958984375,10.923474893955124,-0.9480906736392786,-0.3180001172298824,0.0041494594372791255,6.214285545569941,22.18879826725182,107.5811767578125
1,pos,2011-09-06,24.808,93.117,24.75,93.0,15,22,73.51335144042969,77.61163330078125,106.29978942871094,258.5888671875,490.75341796875,157.96885681152344,10.0,25.87054443359375,167.4923858642578,0.0,2011,9,-0.9093882203647925,-0.4159483918249421,24_93,37.671669006347656,1.4950244586124792,0.13275374156917,0.9911490524131,-0.0005456202835277685,1.9075922721345473,7.579463625352316,35.68789291381836
0,neg_wet,2014-08-17,24.401703596560257,93.82180072754511,24.5,93.75,14,25,1.3023523092269897,43.283355712890625,44.71405029296875,91.19070434570312,140.46292114257812,43.283355712890625,5.0,14.42778491973877,59.80006790161133,60.0,2014,8,-0.7157953492826642,-0.6983101158835584,24_93,767.8584594726562,0.11129947007042522,0.998479245516271,-0.05512890596826888,-6.648246961745614e-06,1.9212572764493026,29.12739651725271,120.16796875
0,neg_hard,2016-07-28,24.61101592102148,92.83115593452948,24.5,92.75,14,21,0.0,3.1749355792999268,95.03267669677734,204.89601135253906,445.7945861816406,74.84720611572266,12.0,1.0583118200302124,129.15072631835938,43.0,2016,7,-0.45370308603134424,-0.8911529104063088,24_92,40.47889709472656,4.256736415666574,-0.791644947407299,0.6109814049907697,0.0059798266936555875,4.088608403736634,21.882939251045226,107.60651016235352
0,neg_general,2009-07-17,25.14156746511631,90.89046536880707,25.25,91.0,17,14,1.3647722005844116,10.629737854003906,42.509376525878906,185.8370819091797,966.1961059570312,389.1490173339844,14.0,3.543246030807495,207.009033203125,15.0,2009,7,-0.2614143985111562,-0.965226663665613,25_90,11.988992691040039,0.6396450410775053,0.9313940094193558,-0.3640126360687729,0.0005471062458646877,0.6473085840773033,3.76452655173159,16.02549934387207
0,neg_hard,2008-06-25,24.804683293331955,93.42978648249341,24.75,93.5,15,24,0.0,0.40279099345207214,22.298778533935547,75.41022491455078,100.7569580078125,26.390953063964844,9.0,0.13426366448402405,35.81913757324219,60.0,2008,6,0.0966127018812031,-0.9953220513156602,24_93,807.6512451171875,22.370787580433788,-0.14519537588643716,0.9894030032404371,-0.0065816607906253955,21.899021419116114,43.98685146093498,923.4319458007812
0,neg_general,2011-07-30,27.978867030625544,88.57052099701852,28.0,88.5,28,4,11.048166275024414,50.21599578857422,96.91558837890625,183.9983673095703,370.3216247558594,52.718536376953125,15.0,16.738664627075195,135.3213348388672,60.0,2011,7,-0.46896519100763184,-0.8832166493127127,27_88,4897.40966796875,28.14671672333712,0.999885264627148,-0.015147857323667484,0.0019657066960791975,18.746967236099458,53.7450212830046,865.4375
1,pos,2015-08-22,26.1028,91.8806,26.0,92.0,20,18,2.856663942337036,34.00493621826172,135.37347412109375,187.64356994628906,274.62640380859375,89.59813690185547,12.0,11.334979057312012,119.15933990478516,29.0,2015,8,-0.7731383255706026,-0.6342374393978054,26_91,114.29768371582031,11.570466106895799,0.4920806302029933,-0.8705496271775808,0.0031765366384781737,12.041070990541298,34.428273492700484,270.09071350097656
0,neg_general,2014-07-12,24.65926088478301,92.85363893690705,24.75,92.75,15,21,10.586935997009277,12.905122756958008,22.84473419189453,162.87509155273438,379.973876953125,99.65339660644531,9.0,4.301707744598389,95.75123596191406,9.0,2014,7,-0.17752914918703497,-0.984115542601034,24_92,21.675443649291992,0.17389276445291854,-0.22953949319808323,-0.9732993481259335,-2.6898261896338948e-05,0.8582474239752764,5.554284776250882,24.08161163330078
0,neg_general,2013-07-30,26.23092022898207,91.82436345751715,26.25,91.75,21,17,0.0,0.5423317551612854,10.737188339233398,93.51985168457031,303.30694580078125,62.50163269042969,8.0,0.18077725172042847,68.03660583496094,60.0,2013,7,-0.46896519100763184,-0.8832166493127127,26_91,46.5,0.0,0.0,1.0,0.0,1.5427035268299738,28.641004240694784,150.5802001953125
0,neg_hard,2016-08-24,25.115195543005512,93.31113083223899,25.0,93.25,16,23,0.0,0.9813178777694702,20.397993087768555,39.976985931396484,103.97579193115234,17.56667137145996,5.0,0.32710596919059753,31.165393829345703,60.0,2016,8,-0.8048257371083452,-0.593511190196115,25_93,1278.2738037109375,24.26017401955143,-0.34592918515309357,-0.9382606241654377,-0.00742704783905805,27.254075398597177,58.3986202782797,1237.2937316894531
0,neg_general,2010-06-03,22.973342569145327,92.94644682685839,23.0,93.0,8,22,5.056976795196533,17.147424697875977,103.7891616821289,277.27142333984375,362.3013000488281,92.55680084228516,15.0,5.715808391571045,145.0086669921875,60.0,2010,6,0.47275920928627757,-0.881191653407483,22_92,390.8727722167969,23.910477134995936,-0.5285725522137329,-0.848888129877112,-0.002616553683867604,20.99620420523662,42.160040172055936,480.1421356201172
0,neg_general,2009-08-27,26.3927408287129,89.02488196135134,26.5,89.0,22,6,5.467278957366943,7.0801496505737305,137.0716094970703,474.9114074707031,807.5407104492188,146.35137939453125,12.0,2.3600499629974365,239.514404296875,5.0,2009,8,-0.8247650844733614,-0.5654755126737576,26_89,60.96811294555664,0.2969525688628753,-0.48127340341353386,-0.8765705397552178,0.0008777795843727285,0.5998570650303496,3.2188464284475358,13.195175170898438
1,pos,2014-07-15,27.059,88.4694,27.0,88.5,24,4,21.19615936279297,41.98230743408203,163.68759155273438,285.8757019042969,745.5780029296875,121.56546020507812,13.0,13.994102478027344,226.44915771484375,4.0,2014,7,-0.2280577712215198,-0.9736476020539838,27_88,1188.51513671875,16.82717041171149,0.973925408176276,-0.22686846256955634,-0.0010293332797822626,15.946267211308077,39.75109590893522,625.7858276367188
0,neg_hard,2016-07-05,27.70406023892339,93.833982076798,27.75,93.75,27,25,12.017139434814453,64.10362243652344,129.60585021972656,216.99749755859375,421.7909851074219,101.65221405029297,13.0,21.367874145507812,152.2893524169922,15.0,2016,7,-0.07518957641475855,-0.9971692572470178,27_93,1608.656982421875,26.611807203037845,0.1900665079720599,-0.9817712170089867,-0.0007841085744985987,20.43029078229107,40.05399497933937,1042.2891845703125
0,neg_hard,2010-08-10,25.090382508252574,94.47793394015362,25.0,94.5,16,28,3.8063058853149414,4.647555351257324,30.563945770263672,187.0970916748047,363.2798767089844,113.79332733154297,10.0,1.5491851568222046,87.26435852050781,13.0,2010,8,-0.6267266965083301,-0.7792391467859886,25_94,1679.841796875,18.28382910447541,0.8183709535182049,-0.5746903361269478,-0.003127181416830345,22.79471169580521,41.12468493179987,1104.991943359375
1,pos,2010-08-20,27.167,88.3652,27.25,88.25,25,3,8.992277145385742,117.01669311523438,138.92662048339844,215.8284149169922,524.0574951171875,117.01669311523438,13.0,39.00556564331055,185.69482421875,2.0,2010,8,-0.7508642533989489,-0.6604565640279754,27_88,1474.5645751953125,22.686607758280783,0.005293468472588239,-0.9999859894976177,0.0011602629379325441,25.30181859938602,49.87392560446914,1272.0829467773438
0,neg_hard,2011-05-02,26.817137151751563,88.48758523929162,26.75,88.5,23,4,3.127899169921875,15.951690673828125,52.25517654418945,88.63066101074219,130.85784912109375,49.12727737426758,6.0,5.317230224609375,59.47269821166992,60.0,2011,5,0.8638670987837349,-0.503719798736334,26_88,186.3278045654297,1.2758511574843432,0.9230128003823582,-0.38476924296299586,-0.00198724421179402,1.4574374729657025,5.991015312234654,32.399993896484375
0,neg_hard,2009-06-04,24.335313695873893,94.22757986178713,24.25,94.25,13,27,0.0,4.099972248077393,5.099978446960449,64.9000244140625,102.5999984741211,58.79974365234375,4.0,1.3666573762893677,32.37065505981445,60.0,2009,6,0.4575313760742512,-0.8891934772070711,24_94,662.7103881835938,20.551165563247366,0.6787845619959256,0.7343374690127145,0.0021810728658770463,17.55976489701339,30.227534670848627,445.0185546875
0,neg_wet,2012-08-14,23.26636065504532,91.52293590277014,23.25,91.5,9,16,0.0,53.65504837036133,98.17942810058594,125.70703887939453,343.80645751953125,69.6932144165039,9.0,17.8850154876709,115.98857879638672,30.0,2012,8,-0.6913512362094071,-0.722518835873311,23_91,21.729503631591797,1.2101570637133474,0.9651169925448063,-0.2618190037053618,0.0023726001974534493,2.9527242568824423,13.307757327001196,58.47135925292969
0,neg_hard,2016-07-31,26.46080911098845,91.87184560566192,26.5,91.75,22,17,0.0,30.856237411499023,74.68097686767578,177.8336944580078,276.800537109375,53.900306701660156,12.0,10.285412788391113,99.54484558105469,60.0,2016,7,-0.4990686026885319,-0.8665624788845385,26_91,61.38336181640625,0.956194784678868,0.874936293734032,0.4842380426060675,-0.002038662430546996,0.9990156028478916,3.7882086579438448,17.633159637451172
0,neg_wet,2007-07-17,25.015345805345163,92.40272176422596,25.0,92.5,16,20,4.7913665771484375,42.37874221801758,96.24325561523438,208.56398010253906,393.2833251953125,74.97926330566406,10.0,14.12624740600586,135.3124237060547,30.0,2007,7,-0.2614143985111562,-0.965226663665613,25_92,12.583365440368652,0.06683149128320962,0.011751269064409969,-0.999930951453837,7.734405434078041e-06,2.8407135657861504,13.189667702813766,51.45996856689453
0,neg_general,2008-09-25,25.713547240639453,91.57473680444927,25.75,91.5,19,16,0.4125671088695526,9.289894104003906,85.37898254394531,129.44723510742188,268.6533508300781,70.74054718017578,12.0,3.0966312885284424,91.38690948486328,60.0,2008,9,-0.9963950238187231,-0.08483487790576538,25_91,1114.632080078125,8.242120716555087,0.9898690662024902,0.14198320948411525,0.0035086134766824815,10.41135973253702,30.743115659861992,380.10235595703125
0,neg_wet,2016-06-12,29.02438540580436,94.36967695493527,29.0,94.25,32,27,5.352978706359863,65.07525634765625,229.852294921875,257.4214782714844,696.7333374023438,158.01113891601562,8.0,21.69175148010254,221.461669921875,2.0,2016,6,0.31494162072895193,-0.9491110448902284,29_94,4695.69677734375,19.24120455141981,0.9220651865936824,-0.3870346130153705,0.003293067673353348,26.221970080930724,52.19938819267034,767.6298828125
0,neg_wet,2015-08-07,27.557894094734188,92.03519740019162,27.5,92.0,26,18,27.69263458251953,37.63423156738281,40.64091873168945,56.47280502319336,195.09024047851562,37.63423156738281,5.0,12.544743537902832,61.52598190307617,23.0,2015,8,-0.5856957398073508,-0.8105309990194823,27_92,4254.65869140625,10.839535044557824,0.9812086772708649,0.19294955726396387,-0.0031610676660989547,28.25538284078914,55.713853383958764,925.48193359375
0,neg_general,2015-09-08,26.329354774406447,87.99214803417615,26.25,88.0,21,2,0.0,10.605057716369629,55.52375793457031,338.8784484863281,592.1256713867188,233.64100646972656,9.0,3.5350191593170166,180.58238220214844,9.0,2015,9,-0.9231578729647039,-0.38442104726885545,26_87,61.33125686645508,1.0220150734251268,0.9690917475848141,0.24670059741113495,8.826162681451936e-05,0.40862560803060416,2.167755028550372,10.17007064819336
0,neg_general,2013-09-10,23.933460070206586,91.15244504181355,24.0,91.25,12,15,2.8533573150634766,12.628668785095215,87.51188659667969,106.4009780883789,322.4735412597656,83.11430358886719,7.0,4.2095561027526855,85.92149353027344,5.0,2013,9,-0.9358348973349941,-0.35243871088460327,23_91,2.585874319076538,0.08798650071053038,-0.4587540484318984,0.8885632915259011,-3.48611534078581e-05,0.4831437404287719,2.085819455412014,12.727538108825684
0,neg_wet,2015-05-28,29.274471325451838,95.80557894521326,29.25,95.75,33,33,16.67580795288086,38.68648910522461,220.17359924316406,318.2044372558594,368.1261901855469,168.75938415527344,10.0,12.895496368408203,183.45584106445312,4.0,2015,5,0.5610336262283677,-0.8277930117131022,29_95,3684.716796875,40.83482538585016,0.9988013261220527,0.048948043237996,-0.008510817415205594,31.348650922002815,64.68055307874594,1533.048583984375
0,neg_hard,2007-07-19,24.513593748275984,92.53422248049677,24.5,92.5,14,20,0.0,31.159400939941406,82.91029357910156,197.91978454589844,368.65228271484375,73.96554565429688,11.0,10.386466979980469,134.7712860107422,16.0,2007,7,-0.2944616217868012,-0.9556633054034704,24_92,44.522926330566406,7.5415205459610775,-0.9999473438428726,-0.01026204373328483,0.0053151179454780165,4.064542742488675,12.99491912954391,63.623342514038086
0,neg_general,2016-05-29,27.295701657923868,94.86550985974014,27.25,94.75,25,29,0.0,5.774703025817871,54.690284729003906,200.2259063720703,268.0111083984375,90.32321166992188,10.0,1.924901008605957,100.15027618408203,52.0,2016,5,0.5322271388474397,-0.8466016020976267,27_94,100.1883773803711,1.0805657934794448,-0.4286015715191226,-0.9034936042337757,-0.0005351286577263138,0.8981615807468194,4.3885661338873945,18.87042236328125
0,neg_hard,2011-07-23,27.77057683205723,88.7652881701295,27.75,88.75,27,5,26.072410583496094,43.03042221069336,85.50313568115234,229.29501342773438,485.4011535644531,82.09161376953125,15.0,14.343474388122559,149.9190216064453,60.0,2011,7,-0.3594718130884232,-0.9331559438780432,27_88,3584.676513671875,28.53152343911327,0.9907319083051002,-0.1358318293557683,0.008479135602490815,32.44070321928695,59.288125376289244,1457.6806640625
0,neg_wet,2008-06-08,23.926016129019793,92.19206743713967,24.0,92.25,12,19,25.9260311126709,60.899391174316406,187.23289489746094,255.93035888671875,343.7228088378906,122.2455062866211,12.0,20.29979705810547,175.13880920410156,3.0,2008,6,0.37945284372454435,-0.925211078289358,23_92,129.49249267578125,6.436739304642906,0.9929387231984963,-0.11862837760392683,0.0045416440227808354,5.008078479312708,20.306264552955298,141.06503295898438
0,neg_general,2010-08-30,28.62810903896956,93.98915572793773,28.75,94.0,31,26,0.0,2.7465744018554688,49.34999084472656,327.974365234375,419.4140625,177.887451171875,11.0,0.9155247807502747,156.17726135253906,7.0,2010,8,-0.8528367217694595,-0.522177676659508,28_93,2525.6484375,26.313863949868757,-0.16710473301648873,0.9859391503553797,0.0002463060344942529,19.395713874633504,40.45320460752563,633.668212890625
0,neg_hard,2011-07-10,25.051491727220913,93.41194879561576,25.0,93.5,16,24,2.4839682579040527,13.050361633300781,56.67329406738281,182.210205078125,337.0366516113281,72.1727523803711,14.0,4.350120544433594,100.73194122314453,50.0,2011,7,-0.1435724234118113,-0.9896398128792412,25_93,640.3648681640625,19.368144254139846,-0.1883369687773641,-0.9821044680642452,-0.0041343544037056226,22.305268782247342,42.94973366011139,804.2906799316406
0,neg_hard,2016-09-06,27.38481453038058,88.69815815015079,27.5,88.75,26,5,17.343461990356445,45.733070373535156,140.6028289794922,200.49436950683594,341.2163391113281,74.32024383544922,13.0,15.244357109069824,141.80374145507812,52.0,2016,9,-0.9164086366943458,-0.4002439388573056,27_88,3431.9775390625,35.42445752550136,0.640466567328492,-0.767986052044214,0.0033328710640522664,31.56828119810784,49.70347004641833,1225.467041015625
1,pos,2011-09-28,26.8545,88.3372,26.75,88.25,23,3,58.191471099853516,125.29437255859375,188.4822235107422,536.9332885742188,663.8525390625,232.85382080078125,15.0,41.76478958129883,296.34063720703125,0.0,2011,9,-0.9987235240803972,-0.050510617185222886,26_88,756.8501586914062,29.252657109811203,0.11853143367627329,-0.9929503004836885,0.0007034080541695699,21.570799026458932,43.28119270195085,738.7926635742188
1,pos,2015-07-25,26.1062,91.8717,26.0,91.75,20,17,3.9573659896850586,46.8027458190918,70.29462432861328,141.16600036621094,240.9556121826172,58.29352569580078,9.0,15.60091495513916,97.44646453857422,60.0,2015,7,-0.3913578365610259,-0.9202385798054075,26_91,253.56565856933594,8.869066492706988,-0.9328010317208508,-0.36039178017889967,-0.007486882990239188,13.967372880098043,35.04834984873616,346.7686080932617
0,neg_wet,2011-08-20,27.867949107853878,88.0096909519535,27.75,88.0,27,2,1.7782341241836548,27.71515464782715,87.0660171508789,234.67343139648438,456.4754943847656,67.68358612060547,13.0,9.238385200500488,137.00054931640625,60.0,2011,8,-0.7508642533989489,-0.6604565640279754,27_88,5347.46484375,7.971454178350619,0.9956239773016998,-0.09344996426935802,0.0025394046936923886,23.33436920912833,63.311044586016195,931.96826171875
1,pos,2016-10-12,26.8861,88.1704,27.0,88.25,24,3,114.39959716796875,144.81532287597656,185.49636840820312,198.4546661376953,484.8559265136719,144.81532287597656,7.0,48.27177429199219,217.7851104736328,0.0,2016,10,-0.9785481345802031,0.20601832032517084,26_88,1449.855224609375,9.848081775761406,-0.9691011517869119,0.24666365278508465,-0.007300777480751726,17.738353914185435,41.22736770337666,731.9434204101562
0,neg_wet,2010-09-20,23.806413253937894,92.10021764131157,23.75,92.0,11,18,18.681760787963867,76.79969787597656,153.439453125,237.07369995117188,466.092529296875,76.79969787597656,14.0,25.599899291992188,175.36544799804688,39.0,2010,9,-0.9823516608469237,-0.18704334906991657,23_92,165.94810485839844,5.316584546088354,-0.9480607704436251,0.31808925719967346,-0.011714245565989836,8.51839442489001,28.154351508917205,127.7190170288086
0,neg_general,2014-06-29,27.987557438209887,92.97258519733357,28.0,93.0,28,22,5.633448600769043,38.96061706542969,62.2836799621582,162.3949737548828,223.4689178466797,88.56666564941406,11.0,12.986872673034668,102.5956039428711,7.0,2014,6,0.04514101777397193,-0.9989806246941579,27_92,1987.142333984375,40.30812050506047,0.822229890921094,-0.5691555204650887,-0.0097337632620299,33.232741519456475,59.26272470480771,1142.253173828125
0,neg_general,2010-07-31,24.99803357850945,92.27750918991944,25.0,92.25,16,19,28.4918212890625,108.63214111328125,136.24569702148438,246.02072143554688,367.0931396484375,108.63214111328125,12.0,36.21071243286133,170.3688201904297,1.0,2010,7,-0.48408852163897587,-0.8750190302029955,24_92,12.444896697998047,0.11537509916825144,0.15273938816959778,-0.9882665021650673,-1.7826794007863868e-06,0.6633210987363702,3.4687732411948775,13.035200119018555
0,neg_wet,2008-07-03,25.223108686276348,93.99171566681144,25.25,94.0,17,26,9.506157875061035,36.40371322631836,98.64381408691406,194.8178253173828,359.4079895019531,86.7715835571289,13.0,12.134571075439453,131.36184692382812,7.0,2008,7,-0.04084439154329611,-0.9991655196610109,25_93,1219.4345703125,24.47642195314244,0.4916625677419482,-0.870785805741799,0.004326477568842442,12.5983986070301,30.121951870273843,460.6444091796875
0,neg_hard,2013-07-14,26.114777856858243,91.75910546529211,26.0,91.75,20,17,3.706146240234375,16.021625518798828,85.53765869140625,145.3209686279297,306.8323669433594,53.27436828613281,12.0,5.340541839599609,100.68107604980469,60.0,2013,7,-0.2112757555821793,-0.9774264960104055,26_91,53.593833923339844,0.5209640031851002,-0.9228222603792441,-0.38522600606467716,5.374443303041702e-05,2.3884151732530836,31.508362950285935,153.15899276733398
0,neg_wet,2008-07-11,26.81360877123385,88.08398399287165,26.75,88.0,23,2,71.11686706542969,150.42214965820312,246.53883361816406,539.8602905273438,1236.44091796875,156.87551879882812,12.0,50.140716552734375,382.2060852050781,0.0,2008,7,-0.17752914918703497,-0.984115542601034,26_88,1034.2283935546875,28.809910258901162,-0.08739019403205307,-0.9961741584617823,0.0002763586260944905,25.42131475397787,45.70562505833346,1157.45751953125
1,pos,2015-08-19,25.6278,94.1051,25.75,94.0,19,26,2.4875473976135254,3.4672279357910156,17.141565322875977,85.3797836303711,157.13253784179688,42.03694152832031,8.0,1.1557426452636719,47.066917419433594,34.0,2015,8,-0.7393922635959241,-0.673274892250183,25_94,1525.7447509765625,19.477997101298765,0.8246975722455396,0.565573968930955,0.0012019908635638914,23.05002498221008,42.27781052594101,989.37890625
1,pos,2015-06-16,25.5114,90.215,25.5,90.25,18,11,16.179718017578125,41.478515625,287.3980407714844,533.7327880859375,995.1748046875,248.98220825195312,14.0,13.826171875,350.03594970703125,5.0,2015,6,0.26556302780405594,-0.9640935007889755,25_90,305.30078125,11.69667741995749,-0.913826943271801,0.40610382631848785,0.0004011199438631901,10.644325337243107,27.430837740696482,473.482177734375
0,neg_hard,2014-04-12,24.81315192338399,92.28289756583479,24.75,92.25,15,19,0.0,9.07508373260498,60.99684524536133,96.46047973632812,136.72499084472656,60.111026763916016,5.0,3.0250279903411865,63.29179382324219,60.0,2014,4,0.9831469737221499,-0.1828169249850199,24_92,18.9781494140625,1.1933211832889856,-0.46016728614984476,0.8878322300736141,0.0011189033816929618,2.801058568984586,10.287894389672518,49.10161209106445
1,pos,2009-08-20,27.1344,88.4575,27.25,88.5,25,4,31.10710906982422,160.59530639648438,290.1626281738281,416.13934326171875,768.9589233398438,160.59530639648438,12.0,53.531768798828125,319.8549499511719,1.0,2009,8,-0.7508642533989489,-0.6604565640279754,27_88,634.5523681640625,19.73562136996745,-0.9942787490736785,-0.10681652091545116,-0.003887318389760695,24.57542216503929,42.52835738379332,925.6584167480469
0,neg_general,2015-07-27,27.308632521306812,93.9988273308403,27.25,94.0,25,26,0.0,16.09734535217285,111.11138916015625,242.43350219726562,457.4714050292969,101.73085021972656,10.0,5.365781784057617,149.55181884765625,3.0,2015,7,-0.4227806579826773,-0.9062320427107697,27_93,119.23316955566406,0.22845789341912695,-0.9914128620533645,-0.1307690213894578,0.0008920177259173986,3.0739242196317016,24.603845735475726,164.79144287109375
0,neg_hard,2016-07-30,24.96225674093905,92.76180956126312,25.0,92.75,16,21,1.8003612756729126,5.764896392822266,30.803050994873047,153.45423889160156,336.3390808105469,80.02774810791016,11.0,1.921632170677185,78.90596008300781,14.0,2016,7,-0.48408852163897587,-0.8750190302029955,24_92,35.308319091796875,4.631826706691111,0.12614617715986978,-0.9920116642398671,0.0005240535518612414,4.938751385727301,24.097842665976604,115.43135070800781
0,neg_hard,2015-10-25,24.7035712752254,92.33020061372311,24.75,92.25,15,19,0.0,0.0,0.0,4.15008020401001,130.94464111328125,45.16868591308594,1.0,0.0,28.56181526184082,44.0,2015,10,-0.9155458729775467,0.40221356823680365,24_92,15.357587814331055,0.07276084582346534,-0.5634384184068499,-0.8261580651807422,3.152794618390682e-05,0.5964648888130349,6.709397280013089,16.00059223175049
0,neg_general,2015-08-13,28.095926245863268,88.02137237032132,28.0,88.0,28,2,21.15268325805664,61.602779388427734,88.3077392578125,172.80419921875,363.0998229980469,70.23627471923828,11.0,20.534259796142578,131.11135864257812,43.0,2015,8,-0.666088855860977,-0.7458723993404063,28_88,4910.20458984375,6.0643590397293785,-0.9392105302658844,0.3433417828311552,0.00029895507208245063,7.2806790847501,26.460051613288773,360.126953125
0,neg_general,2015-10-31,28.03689248633047,95.18441177970539,28.0,95.25,28,31,0.0,0.0,0.0,6.674081325531006,43.689048767089844,6.674081325531006,1.0,0.0,10.62720775604248,60.0,2015,10,-0.8692328164574792,0.49440298420761813,28_95,763.7006225585938,21.16128880992736,0.01105984278281671,-0.9999388380684188,0.0002685195156074821,23.37124330156678,49.69119293875243,933.9361572265625
0,neg_wet,2012-07-24,23.414061829192846,92.68349595298488,23.5,92.75,10,21,6.019701957702637,33.34327697753906,92.31766510009766,154.99749755859375,349.7661437988281,74.22737121582031,12.0,11.114425659179688,121.9316635131836,32.0,2012,7,-0.3913578365610259,-0.9202385798054075,23_92,383.1938781738281,18.64774991763821,-0.8703891473764727,0.49236443020313425,0.008364169584853778,20.544790725530145,38.55135575466931,594.6903381347656
0,neg_wet,2010-09-29,25.665896107516502,90.13220155253731,25.75,90.25,19,11,0.0,30.902891159057617,57.05990982055664,224.38504028320312,460.89935302734375,88.19157409667969,10.0,10.300963401794434,142.02386474609375,11.0,2010,9,-0.9994446170919858,-0.033323525711631344,25_90,308.665771484375,5.663393589245917,0.714330356013309,-0.6998086470442468,-0.00018327696158566066,6.575390349082912,18.031624321704207,133.37356567382812
0,neg_general,2012-08-23,26.416966608611105,92.71937764546583,26.5,92.75,22,21,1.8180485963821411,18.641664505004883,27.42386817932129,83.79029846191406,170.94680786132812,48.25377655029297,8.0,6.213888168334961,54.9151611328125,60.0,2012,8,-0.7944973291665992,-0.6072676460566135,26_92,60.9619026184082,0.20369606916581193,0.5088645812432382,0.8608465821249125,-0.00017162272504159652,0.6160253956173702,2.776545935156949,10.145248413085938
0,neg_wet,2012-08-02,26.524312632687145,90.99325740427314,26.5,91.0,22,14,54.428916931152344,55.068519592285156,161.05508422851562,270.90655517578125,467.98797607421875,105.79315948486328,10.0,18.356172561645508,197.00466918945312,0.0,2012,8,-0.5285813283559292,-0.8488826652214553,26_90,46.2629508972168,0.05030255843890391,-0.6463687554716525,-0.7630251843484769,-3.70278395774739e-05,0.6389588924430393,3.736080364460209,16.362022399902344
0,neg_wet,2008-08-28,26.97033692317845,89.4743250561879,27.0,89.5,24,8,131.06170654296875,318.66119384765625,417.4018859863281,902.6717529296875,1253.354248046875,318.66119384765625,12.0,106.22039794921875,574.7130126953125,0.0,2008,8,-0.8437282590292712,-0.5367705514607103,26_89,1804.209228515625,13.613108457067037,-0.022002062793576214,0.9997579253163376,0.001180404645691795,22.33854467172992,44.38236075742196,1148.8502197265625
0,neg_wet,2011-06-26,25.89501209823649,91.17521186075074,26.0,91.25,20,15,5.633576393127441,30.130138397216797,40.772743225097656,81.50640869140625,160.25791931152344,30.130138397216797,9.0,10.043379783630371,57.08150100708008,60.0,2011,6,0.0966127018812031,-0.9953220513156602,25_91,54.58336639404297,0.19654549166418414,0.9328709457302008,0.36021076970634935,0.00012411175282253548,5.955776643237457,30.878150692152914,240.84222412109375
1,pos,2016-07-14,26.1963,91.8074,26.25,91.75,21,17,5.463315010070801,9.630594253540039,39.199520111083984,82.15284729003906,157.02040100097656,24.974096298217773,13.0,3.210198163986206,54.19125747680664,60.0,2016,7,-0.2280577712215198,-0.9736476020539838,26_91,174.58441162109375,9.256701494281279,0.760661282687399,-0.6491489913882336,0.003955750125233032,6.681291240074047,22.514844636019497,156.23928833007812
0,neg_general,2014-08-20,24.780543211959976,94.40429748293698,24.75,94.5,15,28,0.0,8.599903106689453,52.799903869628906,60.89985656738281,131.30113220214844,43.400001525878906,4.0,2.8666343688964844,49.21959686279297,60.0,2014,8,-0.7508642533989489,-0.6604565640279754,24_94,607.158935546875,9.15524549521822,-0.26757898843586747,-0.9635359282079926,0.011426258809749972,25.51342517743849,39.445430685923,835.3328857421875
0,neg_wet,2011-06-23,24.099344459902227,92.0489862477634,24.0,92.0,12,18,2.6279048919677734,37.81140899658203,50.47322082519531,209.73284912109375,474.87506103515625,87.71630859375,14.0,12.603802680969238,123.75115966796875,23.0,2011,6,0.14782713347053048,-0.9890132145779883,24_92,128.51918029785156,9.379453012020049,-0.9745730786040885,0.22406988744619227,-0.0028649229216548403,6.111273829758228,19.503422843352435,137.19861221313477
0,neg_hard,2015-05-14,27.655419944741585,88.55329914609372,27.75,88.5,27,4,9.050589561462402,18.283981323242188,54.082557678222656,137.8511199951172,328.8238220214844,47.25032043457031,11.0,6.09466028213501,102.37944030761719,20.0,2015,5,0.742280907086982,-0.6700888411055113,27_88,3523.57666015625,23.934996464802328,0.9233345961596973,0.3839963847936706,-0.004817797793124844,28.738307132208845,52.04555002255504,1715.903076171875
1,pos,2007-09-11,27.2084,88.4909,27.25,88.5,25,4,60.23448944091797,115.7513656616211,391.1473388671875,644.5630493164062,844.8316040039062,239.89503479003906,15.0,38.58378982543945,403.5573425292969,0.0,2007,9,-0.9417589340994617,-0.33628873017668287,27_88,351.7640686035156,30.412933904627863,-0.9542377759363584,0.29904893742668975,0.009260706774398502,24.7890368595174,43.69199781965234,836.310546875
0,neg_general,2016-08-09,23.562704358410233,88.53999491254116,23.5,88.5,10,4,12.752309799194336,19.841411590576172,49.315826416015625,131.22283935546875,292.06939697265625,45.9221076965332,12.0,6.613803863525391,86.58009338378906,34.0,2016,8,-0.6267266965083301,-0.7792391467859886,23_88,11.338357925415039,0.13444201556415564,0.9641162823369882,-0.2654803083708938,3.992316769154444e-06,0.3923439252143242,2.6059310408712206,11.877700805664062
0,neg_hard,2009-06-09,27.20082715567103,95.8693045119319,27.25,95.75,25,33,28.269367218017578,58.95817565917969,62.004974365234375,122.00131225585938,151.7053985595703,58.95817565917969,8.0,19.652725219726562,83.3564224243164,60.0,2009,6,0.37945284372454435,-0.925211078289358,27_95,447.4730529785156,25.19097810360975,-0.9867512411779159,0.16224052525137603,0.004062688727766857,14.038977761098065,35.89965308580329,507.50830078125
0,neg_general,2007-06-26,27.733504754652667,87.9938413517284,27.75,88.0,27,2,14.245927810668945,19.521835327148438,50.19605255126953,210.419677734375,296.4825439453125,80.90886688232422,14.0,6.5072784423828125,105.62992095947266,60.0,2007,6,0.0966127018812031,-0.9953220513156602,27_87,5328.1240234375,36.50939645635937,-0.8329734262433317,0.5533129956656041,-0.012715433777559853,33.7511563278069,61.6547486465155,1753.623046875
1,pos,2016-07-20,26.1966,91.802,26.25,91.75,21,17,9.594910621643066,44.8629150390625,86.35836029052734,126.34368896484375,194.2602081298828,59.839542388916016,14.0,14.954304695129395,94.35236358642578,60.0,2016,7,-0.3271603271220951,-0.9449688462364056,26_91,106.73609924316406,13.198550138714536,-0.2984422415840486,0.9544276968101294,-0.000327926327715837,6.030637950134803,20.331273162593504,156.1204833984375
1,pos,2016-10-15,27.172,88.5292,27.25,88.5,25,4,0.0,60.03105926513672,121.6475830078125,147.74827575683594,383.7926940917969,115.46896362304688,9.0,20.010353088378906,130.2447967529297,3.0,2016,10,-0.9666180104000972,0.2562218218071163,27_88,356.3497314453125,24.080267785318085,0.08489225845878035,0.9963901366702541,-0.0076738714148019485,22.02965965849349,50.252674210967065,553.8436889648438
0,neg_wet,2009-06-07,23.838723524707678,91.38982004663886,23.75,91.5,11,16,26.224353790283203,56.83661651611328,111.16488647460938,300.9296875,473.35150146484375,122.2469482421875,14.0,18.945539474487305,167.05728149414062,11.0,2009,6,0.4110537546870351,-0.9116111071930239,23_91,23.39203643798828,2.1465151437933736,0.640788538635015,0.7677174276737515,0.0011911472506056587,1.3912205884265374,6.260055624858996,25.993806838989258
0,neg_general,2011-08-02,25.266522074280093,90.8292983580402,25.25,90.75,17,13,3.256089448928833,5.627728462219238,42.67738342285156,128.4708709716797,232.70762634277344,62.252777099609375,9.0,1.875909447669983,74.50382232666016,37.0,2011,8,-0.5139010013093103,-0.8578494977869301,25_90,645.4359741210938,14.507465258394241,-0.6684816425615879,-0.7437286424215228,-0.0011536543397706622,13.095736147496744,42.79367162503421,470.2026062011719
1,pos,2009-09-17,27.1954,88.6115,27.25,88.5,25,4,47.973899841308594,68.90164184570312,84.53076171875,229.94485473632812,494.1255187988281,118.26580047607422,12.0,22.967214584350586,158.9854736328125,10.0,2009,9,-0.97139528468375,-0.23746831555846842,27_88,471.149169921875,6.044559931027275,0.11947535666336861,-0.992837166483085,0.0004878817999544904,22.815489060873684,48.63652117076552,720.1266479492188
0,neg_wet,2015-07-24,26.390901689008988,89.71996147024669,26.5,89.75,22,9,52.15686798095703,55.72731399536133,65.37771606445312,258.0878601074219,636.0068359375,151.6455535888672,10.0,18.57577133178711,182.98538208007812,0.0,2015,7,-0.3754703786876202,-0.9268343944460494,26_89,40.78778076171875,1.74620189783798,-0.9433044263204475,0.33192884671906914,0.0008821805011285207,0.848235632524677,3.829446112112458,15.989456176757812
0,neg_general,2007-08-26,27.688294736489706,96.29080453136271,27.75,96.25,27,35,0.0,0.0,0.0,0.0,73.0,0.0,0.0,0.0,14.293673515319824,35.0,2007,8,-0.8149159841660791,-0.5795791048257612,27_96,358.2458801269531,1.4315868091471724,-0.9217197827630015,-0.3878564709571382,0.000740607572801666,1.9229733476474908,5.3949176674917325,75.53036499023438
0,neg_wet,2007-06-20,24.42704430759255,92.40603505914936,24.5,92.5,14,20,13.215367317199707,49.16843032836914,168.30833435058594,321.8348388671875,435.1600341796875,131.0740509033203,12.0,16.389476776123047,195.99412536621094,3.0,2007,6,0.19864794288017112,-0.9800709131432666,24_92,33.759666442871094,1.8063936828657805,-0.8853242579510824,-0.46497414797315917,0.0004033938719142197,1.76497803079487,6.059947974525045,36.797279357910156
1,pos,2010-10-09,25.3179,94.0462,25.25,94.0,17,26,28.138216018676758,107.72103118896484,120.40432739257812,162.4657745361328,301.15264892578125,107.72103118896484,9.0,35.90700912475586,141.64154052734375,1.0,2010,10,-0.9903973200352558,0.1382503109109819,25_94,994.1492919921875,10.355990537187362,-0.9953163566332797,0.09667135159008636,0.0049219961901697026,16.230403850142046,34.258378054494635,397.956298828125
0,neg_general,2009-08-10,26.865705065330594,91.36619217275724,26.75,91.25,23,15,20.700851440429688,21.94906234741211,68.38723754882812,166.2313232421875,254.49195861816406,72.25077819824219,9.0,7.316354274749756,99.56580352783203,15.0,2009,8,-0.6267266965083301,-0.7792391467859886,26_91,622.8058471679688,12.980268730059136,0.6184633416058241,-0.7858136516310708,0.002751979974399498,25.674352564247158,45.31912286513695,993.0438232421875
0,neg_general,2013-08-14,26.17484730140857,92.82572643185331,26.25,92.75,21,21,9.287886619567871,24.319543838500977,51.45048141479492,143.6527557373047,265.3654479980469,48.53623580932617,9.0,8.106514930725098,84.69500732421875,33.0,2013,8,-0.6788204829862355,-0.734304263829602,26_92,557.5087890625,1.297903759776684,-0.9200695043118872,-0.39175516235944896,-0.008990030675939224,9.49284737516073,33.50860639156475,351.58673095703125
0,neg_general,2014-07-01,28.747617257543673,95.22485011366686,28.75,95.25,31,31,1.0612990856170654,8.317171096801758,24.59445571899414,52.45879364013672,147.9815216064453,22.626998901367188,5.0,2.772390365600586,40.63816452026367,60.0,2014,7,0.01075130776352193,-0.9999422030204416,28_95,3053.03955078125,33.464910952705324,-0.9976991577676236,0.06779668568429101,-0.004910760538981677,32.576514577082065,51.012428340449084,1208.67578125
0,neg_general,2016-07-16,25.99872927379904,94.98262350609399,26.0,95.0,20,30,6.4244465827941895,87.88599395751953,106.79653930664062,224.75526428222656,362.67755126953125,87.88599395751953,11.0,29.295331954956055,147.2594451904297,1.0,2016,7,-0.2614143985111562,-0.965226663665613,25_94,975.876220703125,26.913000323395124,0.9007755140715675,-0.43428501384356255,1.390435280724633e-05,24.209294122213333,36.12287941159592,906.9159545898438
0,neg_wet,2012-07-22,28.774131403620828,94.4514032291831,28.75,94.5,31,28,17.799999237060547,54.0,82.40000915527344,364.5999755859375,963.2000122070312,156.4000244140625,13.0,18.0,232.77203369140625,9.0,2012,7,-0.3594718130884232,-0.9331559438780432,28_94,4011.456298828125,17.60268896244623,-0.8803670528999978,-0.47429300244487316,-0.00150287431692922,26.178426108449948,48.44353151578093,926.384033203125
0,neg_wet,2015-07-19,27.469167278000544,88.07421570368474,27.5,88.0,26,2,23.959442138671875,44.290794372558594,106.90634155273438,273.625732421875,590.4375,91.45442199707031,15.0,14.763598442077637,189.15753173828125,18.0,2015,7,-0.2944616217868012,-0.9556633054034704,27_88,4332.4638671875,34.72615046807924,-0.4979163189633426,-0.8672250799590582,-0.0020808289106593095,27.618703448446663,50.27301292347281,935.469970703125
0,neg_general,2010-06-24,28.568984457462108,95.30629410775725,28.5,95.25,30,31,3.6680872440338135,26.026893615722656,115.85221862792969,145.85948181152344,621.770751953125,64.48027038574219,9.0,8.675631523132324,160.5401611328125,17.0,2010,6,0.13079267585675922,-0.9914097417023038,28_95,2304.091552734375,40.319524621670084,-0.5585479323171377,-0.8294722462531523,-0.0019376930207126795,32.842663804075144,50.94775581857146,1190.65625
0,neg_general,2016-05-28,27.115384865639314,94.2731988290067,27.0,94.25,24,27,0.0,28.770126342773438,105.30780029296875,248.57925415039062,332.63470458984375,121.40020751953125,10.0,9.590042114257812,132.04632568359375,12.0,2016,5,0.5467112728685939,-0.8373211953118121,27_94,91.30829620361328,0.8724794179443502,0.5195298224899668,-0.8544523178876301,1.7839261227789525e-05,0.7303617257141188,4.183844910200528,19.62628173828125
0,neg_wet,2011-07-13,25.252842694193927,92.55144274248849,25.25,92.5,17,20,20.46861457824707,51.97337341308594,80.39788055419922,145.77381896972656,316.87750244140625,51.97337341308594,14.0,17.3244571685791,112.83000946044922,43.0,2011,7,-0.19443122004766195,-0.9809161537413774,25_92,792.3731079101562,9.64293596625033,-0.06828844916032402,-0.997665619188753,0.0009427399361124182,16.944225941636525,38.197045991945274,874.6655883789062
1,pos,2015-08-19,25.0728,92.3636,25.0,92.25,16,19,12.910459518432617,26.011348724365234,62.077735900878906,263.8776550292969,423.40399169921875,92.26644134521484,14.0,8.670449256896973,135.7180633544922,9.0,2015,8,-0.7393922635959241,-0.673274892250183,25_92,122.84965515136719,11.303645205531517,-0.16807693672658236,-0.985773880431313,-0.007409305795450509,12.912406991766833,37.76552191868095,498.7830505371094
0,neg_general,2012-06-14,26.32841761679736,92.20075314264486,26.25,92.25,21,19,0.36386412382125854,16.018800735473633,20.39727783203125,69.22103118896484,139.40927124023438,32.0696907043457,8.0,5.339600086212158,37.46321105957031,24.0,2012,6,0.2821076626819194,-0.9593827529490743,26_92,55.586944580078125,1.554533694297967,-0.957522943930225,0.28835709085645067,0.0002911989285991663,0.3816150706324243,2.4044005522439496,14.627182006835938
0,neg_wet,2016-07-25,27.378254625788138,92.34507055338932,27.5,92.25,26,19,7.483400821685791,29.461259841918945,69.72225189208984,134.74383544921875,273.19549560546875,58.23579406738281,12.0,9.820420265197754,93.02918243408203,60.0,2016,7,-0.4071294853542516,-0.9133704517637858,27_92,2984.322509765625,15.105472988936588,0.31492792173973905,-0.9491155904886869,-0.004825874228784369,23.271741320150966,41.91147441631174,694.93603515625
0,neg_general,2012-06-16,29.353421735535907,94.67180898013831,29.25,94.75,33,29,0.0,0.0,0.0,0.0,0.0,0.0,0.0,0.0,1.3323905062608808e-24,60.0,2012,6,0.24893980855376657,-0.9685189578512204,29_94,4354.12841796875,29.063178223734532,-0.9700215558046456,0.24301889077669425,0.003640402864883203,30.301742942104013,47.36258051449882,1404.72119140625
1,pos,2011-05-24,25.0888,92.8551,25.0,92.75,16,21,59.9792366027832,98.8922119140625,312.5442810058594,355.12060546875,455.161376953125,220.42050170898438,9.0,32.96406936645508,272.400634765625,0.0,2011,5,0.6166212130956382,-0.7872599821916922,25_92,244.4788360595703,11.655042126620202,-0.41944648966309883,0.9077800627405869,0.005318449985285733,14.39564785981883,45.033775608294064,831.6697845458984
0,neg_wet,2007-07-18,26.378895015139076,94.68255214701134,26.5,94.75,22,29,8.189851760864258,84.15303802490234,106.07024383544922,191.64227294921875,396.3477478027344,84.15303802490234,11.0,28.05101203918457,141.83041381835938,2.0,2007,7,-0.2779791393987801,-0.9605871111248129,26_94,520.0487060546875,18.085765811378252,0.3027361747458766,0.9530743981978711,-0.0031766348239249736,14.456180729289517,34.950486660988624,730.8028564453125
0,neg_wet,2016-07-15,27.666219247961124,93.58310514841881,27.75,93.5,27,24,23.622207641601562,57.63249969482422,85.17831420898438,244.57179260253906,435.9373779296875,85.88041687011719,14.0,19.210832595825195,142.91612243652344,25.0,2016,7,-0.24477230089725957,-0.9695805901076308,27_93,1712.948486328125,19.861039749740467,0.770977835216762,-0.6368619768870453,0.0017071436289112607,22.024560441265827,43.72136158090483,762.8101806640625
0,neg_hard,2010-06-26,24.04528421928987,93.9015890934768,24.0,94.0,12,26,16.598453521728516,23.807947158813477,44.81304931640625,112.84127807617188,303.5335998535156,35.00107955932617,10.0,7.9359822273254395,86.21479034423828,17.0,2010,6,0.0966127018812031,-0.9953220513156602,24_93,1171.5531005859375,22.175966875494623,0.5147805409578686,0.8573219900662319,-0.005614448446317384,19.333614065074233,36.36388656143764,539.5996704101562
0,neg_wet,2014-07-05,25.086487871297305,88.01091711300026,25.0,88.0,16,2,19.938507080078125,77.13533020019531,240.48768615722656,437.2400817871094,512.310302734375,183.56011962890625,12.0,25.711776733398438,262.671630859375,3.0,2014,7,-0.05802556932878035,-0.9983150972033183,25_88,24.4317626953125,0.7980504895949703,0.6139803254640148,0.7893213287015006,0.0004461674625534485,1.1255180876755555,4.395259960392076,16.881317138671875
0,neg_hard,2012-08-01,23.71569467499229,92.76687204108427,23.75,92.75,11,21,18.76858139038086,64.12847900390625,117.1802978515625,214.1483612060547,375.36077880859375,70.04589080810547,13.0,21.37615966796875,144.4420928955078,35.0,2012,8,-0.5139010013093103,-0.8578494977869301,23_92,752.99072265625,15.700221654519051,0.9621604516203475,0.272483513882453,0.008815686578813972,23.70506536830033,42.62882420089947,654.1805419921875
0,neg_wet,2007-05-21,25.50534782274751,89.71495060189723,25.5,89.75,18,9,0.0,49.4014892578125,89.74716186523438,158.42642211914062,275.6702575683594,66.13018035888672,9.0,16.4671630859375,107.22207641601562,29.0,2007,5,0.6564105761979381,-0.7544038410927472,25_89,21.90381622314453,0.7719779063620648,-0.21203353522475063,0.9772623905277918,-0.00026263629501102143,0.490056821432219,3.0116922307050813,10.899776458740234
1,pos,2010-10-08,25.4769,94.1351,25.5,94.25,18,27,35.56514358520508,59.66474151611328,70.18750762939453,157.77061462402344,284.5787658691406,68.1463851928711,10.0,19.888246536254883,105.71429443359375,60.0,2010,10,-0.9926289059345095,0.121193461470736,25_94,1668.579345703125,17.514435771440134,0.9017327256007235,-0.4322939874445286,0.0036934990630796173,15.724029870906026,40.41994522529805,553.8233642578125
0,neg_hard,2011-08-09,26.60654963599533,94.96969053706131,26.5,95.0,22,30,6.056371688842773,8.71254825592041,82.76692962646484,156.15924072265625,454.26702880859375,72.32954406738281,8.0,2.9041826725006104,114.47994995117188,49.0,2011,8,-0.6132298262997502,-0.7899045386224707,26_94,496.26422119140625,10.568328020300173,0.9461842255777569,0.32362850811975813,0.001516799720602844,11.543275715284542,26.497483154573196,356.4705505371094
0,neg_general,2009-08-16,24.247612684000877,94.22058828927217,24.25,94.25,13,27,3.0000622272491455,88.79985046386719,96.49995422363281,139.5998992919922,191.70001220703125,88.79985046386719,9.0,29.599950790405273,108.31700134277344,1.0,2009,8,-0.7036774074790128,-0.7105196029692745,24_94,438.48284912109375,18.484441869534525,0.9382653648463187,0.34591632677542755,-0.0006006746971993703,17.316216776571167,31.07587018639719,352.7153015136719
0,neg_wet,2013-06-08,23.15020422134898,92.43870569992056,23.25,92.5,9,20,19.752578735351562,93.79885864257812,107.84925079345703,154.43545532226562,298.36138916015625,93.79885864257812,10.0,31.266286849975586,129.95509338378906,1.0,2013,6,0.3953117887649151,-0.9185469991587165,23_92,85.67684173583984,10.59169982880246,0.08482868136817541,0.9963955513837547,-0.0015693643877810026,8.515404870770015,23.445483800626572,138.3241729736328
0,neg_general,2007-07-11,26.838022402451333,92.22400663761569,26.75,92.25,23,19,12.344770431518555,28.131938934326172,126.02735900878906,164.4443359375,358.2388000488281,80.64796447753906,9.0,9.377312660217285,132.35182189941406,3.0,2007,7,-0.16057454459499376,-0.9870237158387383,26_92,135.56443786621094,0.8035015662811822,0.23850320939994074,-0.9711417090754202,0.0006181413120334789,0.9163558813869724,4.317511540577292,35.05107116699219
0,neg_general,2013-07-08,23.033047695535572,88.6361105040622,23.0,88.75,8,5,0.3573426902294159,4.925777435302734,8.134566307067871,148.5726318359375,299.54425048828125,81.20901489257812,7.0,1.6419258117675781,72.96450805664062,8.0,2013,7,-0.10944576864891556,-0.993992768446958,23_88,8.275310516357422,0.40146353215127006,-0.7258059849999582,-0.6878994636850944,-0.0003545001998101658,0.7854942344943444,2.5913813569035136,11.777097702026367
0,neg_hard,2010-06-15,24.909310328619224,92.21347416977393,25.0,92.25,16,19,15.106959342956543,42.58352279663086,175.2720184326172,394.5038757324219,639.290283203125,126.36335754394531,14.0,14.194507598876953,223.45620727539062,13.0,2010,6,0.2821076626819194,-0.9593827529490743,24_92,11.44679069519043,1.3723814935577978,-0.23011316369699616,0.9731638772032999,0.0005810847778322744,0.6591395203322501,4.344774120606111,14.575145721435547
0,neg_wet,2016-08-18,24.01018316897969,87.94708127542596,24.0,88.0,12,2,21.795846939086914,33.904720306396484,52.102027893066406,124.51017761230469,163.59413146972656,72.07212829589844,8.0,11.301573753356934,82.65021514892578,7.0,2016,8,-0.7393922635959241,-0.673274892250183,24_87,27.263355255126953,0.6952246879302992,-0.4596471754603651,-0.8881016124809753,-0.0003625444795890098,0.43666075991127906,1.5970004298187954,10.55726432800293
0,neg_hard,2016-05-12,28.081955171339267,96.29999166242864,28.0,96.25,28,35,0.0,0.0,1.185699224472046,138.22389221191406,610.1590576171875,100.00517272949219,7.0,0.0,105.4341812133789,17.0,2016,5,0.753697664392914,-0.6572212950663319,28_96,1966.922607421875,30.29719483013783,-0.8467884471744948,-0.5319298127871833,0.0016243224874437168,36.312656235700246,58.28311867019678,1553.0630493164062
0,neg_general,2012-07-04,23.947803812640633,88.27082543143867,24.0,88.25,12,3,4.893427848815918,7.635336875915527,7.635336875915527,38.850894927978516,74.5564956665039,20.18130874633789,6.0,2.545112371444702,21.84722137451172,60.0,2012,7,-0.05802556932878035,-0.9983150972033183,23_88,16.254257202148438,0.16221911860428034,0.6220617409123634,0.782968192516835,0.00013750008626922127,0.5159026266520598,2.064719583544423,11.092084884643555
0,neg_wet,2010-05-13,26.620352635581124,91.612638768255,26.5,91.5,22,16,29.536752700805664,51.616722106933594,97.39579772949219,160.2665557861328,441.2433166503906,51.616722106933594,12.0,17.20557403564453,131.557373046875,18.0,2010,5,0.753697664392914,-0.6572212950663319,26_91,68.84043884277344,0.549492581833828,0.994812041395141,0.10173004617728378,0.0001462875009079753,0.9790517737344164,3.270438886446887,18.481163024902344
0,neg_general,2011-08-11,23.236666603036277,92.8345373029172,23.25,92.75,9,21,4.394463539123535,48.38374328613281,106.60995483398438,167.9962158203125,402.8635559082031,79.70364379882812,10.0,16.127914428710938,131.4307403564453,26.0,2011,8,-0.6400381082043503,-0.7683431655492202,23_92,418.0460510253906,1.7799365243068983,-0.24373478077616428,0.9698419235318687,0.0029793851715535433,14.016593782713606,37.15042096537811,311.6010437011719
0,neg_hard,2011-11-14,24.32133956884955,94.23971252117013,24.25,94.25,13,27,0.0,0.0,0.0,0.0,0.0,0.0,0.0,0.0,1.447863232301519e-14,60.0,2011,11,-0.7262249146041543,0.6874571793269664,24_94,630.2876586914062,18.189938113373884,-0.9753085686486679,-0.2208465438273522,-0.002946126619913976,17.88517092928774,32.57431401649387,485.91925048828125
0,neg_wet,2013-10-07,27.276120923709435,94.66552681763258,27.25,94.75,25,29,27.94004249572754,91.52950286865234,92.21729278564453,159.87054443359375,286.3552551269531,91.52950286865234,5.0,30.50983428955078,124.28993225097656,11.0,2013,10,-0.9945667569706337,0.1041007489354256,27_94,97.07560729980469,0.46155460316871927,-0.8067331273240563,0.5909159511114486,-0.00018871656579650908,0.15356262924216624,1.069249621031553,3.7612457275390625
1,pos,2009-10-05,23.73478778,92.72124394,23.75,92.75,11,21,4.063979148864746,4.318403720855713,4.777386665344238,111.6317138671875,280.02197265625,78.06688690185547,5.0,1.4394679069519043,61.13505935668945,17.0,2009,10,-0.9975590477788613,0.06982797572987089,23_92,971.9013061523438,25.019585525801357,0.8506350152502494,0.5257566650364102,0.0010131227446226394,18.68473572291253,40.22479110998137,569.7203979492188
0,neg_general,2013-07-15,25.74892404072503,89.7352528915009,25.75,89.75,19,9,1.8329442739486694,6.816732883453369,54.531097412109375,108.8729019165039,297.9004821777344,70.88145446777344,8.0,2.2722442150115967,87.23517608642578,17.0,2013,7,-0.2280577712215198,-0.9736476020539838,25_89,20.0,0.0,0.0,1.0,0.0,0.30904665855914004,2.1092783067273966,11.483230590820312
0,neg_wet,2013-08-08,27.029161205525305,90.20260106877664,27.0,90.25,24,11,17.445812225341797,93.64567565917969,101.64736938476562,175.7797393798828,292.6907958984375,93.64567565917969,8.0,31.215225219726562,136.13204956054688,2.0,2013,8,-0.5995514915196489,-0.8003361849976323,27_90,1660.8304443359375,32.60212927332387,0.8766142450214081,-0.4811937919648868,0.0009088353517103592,27.209546182972527,46.51577491107699,1267.8818359375
0,neg_wet,2011-09-17,28.41048662374005,95.48367460326338,28.5,95.5,30,32,0.0,68.4000015258789,87.19999694824219,206.59999084472656,257.199951171875,103.39999389648438,6.0,22.80000114440918,129.2967071533203,2.0,2011,9,-0.97139528468375,-0.23746831555846842,28_95,1821.1134033203125,33.6381474654585,0.7286099809566143,0.6849288252442016,0.004429417008229306,33.130320587755925,50.0570682052084,1432.5506591796875
0,neg_hard,2013-09-09,26.29299021532105,94.4901186319855,26.25,94.5,21,28,5.637812614440918,6.337050914764404,45.916133880615234,82.48776245117188,269.9750671386719,41.57661056518555,9.0,2.1123502254486084,60.504459381103516,24.0,2013,9,-0.9296339319682695,-0.3684843993077793,26_94,1274.8453369140625,9.317846742150508,0.20850191753012295,-0.9780219580286844,-0.0016690220301646898,14.404567886687511,31.557645730477386,457.81744384765625
0,neg_wet,2009-08-30,26.98297325869633,88.08119570384648,27.0,88.0,24,2,21.20831871032715,66.15510559082031,119.77355194091797,384.2452697753906,656.088134765625,204.9791717529297,14.0,22.05170249938965,228.29034423828125,11.0,2009,8,-0.8528367217694595,-0.522177676659508,26_88,2117.38671875,36.77709429302719,0.9954653697477357,0.0951246426169571,0.0024527233882822128,22.92923838641579,37.390085107552714,925.81103515625
0,neg_general,2014-04-18,23.85524528355574,92.26529191830254,23.75,92.25,11,19,0.0,0.0,0.0,27.24273109436035,42.265220642089844,21.225278854370117,4.0,0.0,11.348520278930664,60.0,2014,4,0.9590788900341131,-0.28313898122818354,23_92,696.4154663085938,21.099791877146778,0.8924467696017511,-0.451152705220083,0.00045637205456639787,18.74781667428055,35.236349671043676,571.1553039550781
0,neg_general,2013-08-09,27.51314738284982,96.42746128580785,27.5,96.5,26,36,4.0212907791137695,17.041187286376953,127.43573760986328,157.59976196289062,305.9481506347656,111.26879119873047,8.0,5.680395603179932,118.69527435302734,4.0,2013,8,-0.6132298262997502,-0.7899045386224707,27_96,654.7579956054688,19.75628213549517,-0.38677025821166405,0.9221761043113634,0.0021586776208978265,16.749063262833943,34.60254282940437,551.5072326660156
0,neg_hard,2011-10-31,24.318445434960545,94.1016278458613,24.25,94.0,13,26,0.0,0.0,0.0,28.999998092651367,65.80000305175781,24.39999771118164,2.0,0.0,16.618995666503906,55.0,2011,10,-0.8692328164574792,0.49440298420761813,24_94,1220.43310546875,21.978765058900677,0.6880751853501221,0.7256394003259435,0.005666277952572402,17.931063289354917,34.816831775427566,390.9425048828125
0,neg_general,2009-08-11,24.06983942862996,87.95753818691544,24.0,88.0,12,2,1.0204230546951294,4.922701835632324,62.838844299316406,133.7550811767578,160.59585571289062,84.71556091308594,10.0,1.6409006118774414,72.02139282226562,38.0,2009,8,-0.6400381082043503,-0.7683431655492202,24_87,27.824460983276367,0.07971198324827847,0.9409761027504056,0.33847300343256054,1.0523304842571773e-06,0.20836959501650326,1.7214722053054579,10.700983047485352
0,neg_hard,2015-07-04,24.308132861180187,93.96971859935599,24.25,94.0,13,26,0.8127027153968811,27.80263900756836,72.97718048095703,183.7425079345703,248.6409454345703,96.33417510986328,7.0,9.267546653747559,100.15963745117188,7.0,2015,7,-0.04084439154329611,-0.9991655196610109,24_93,1001.0531616210938,14.34588979604194,0.5861742248371895,-0.8101850270996866,0.003175435699702079,12.156664172957102,32.47635704146126,339.591064453125
0,neg_general,2007-07-01,27.228276008378273,92.82460393070555,27.25,92.75,25,21,7.408838748931885,7.581764221191406,38.65519332885742,129.4248809814453,396.28216552734375,65.34730529785156,11.0,2.527254819869995,98.40178680419922,60.0,2007,7,0.01075130776352193,-0.9999422030204416,27_92,1202.281005859375,35.14455071854368,-0.47146069302346627,0.8818870760669038,0.0032372189202045554,27.83148985561593,44.66165987483536,880.5446166992188
0,neg_wet,2013-08-01,27.096274986078384,94.32603391657432,27.0,94.25,24,27,5.571336269378662,39.05241775512695,53.264522552490234,153.26548767089844,401.7538757324219,73.69690704345703,10.0,13.017472267150879,112.67073822021484,37.0,2013,8,-0.4990686026885319,-0.8665624788845385,27_94,87.32413482666016,1.1772401639587733,-0.6312830652903826,-0.7755525072344094,0.0014234963760866816,1.0874183147859762,5.668309562947596,22.63605499267578
1,pos,2015-06-13,27.0165,88.2476,27.0,88.25,24,3,14.741531372070312,65.04487609863281,81.49501037597656,169.3329620361328,288.52294921875,65.04487609863281,14.0,21.681625366210938,115.17059326171875,60.0,2015,6,0.31494162072895193,-0.9491110448902284,27_88,2184.640869140625,13.268806464868929,-0.8309468598997747,0.556351791605549,-0.0007390987723957096,22.691559533870237,39.1258260807867,914.315185546875
1,pos,2014-06-26,26.1407,91.7645,26.25,91.75,21,17,0.25014761090278625,19.158863067626953,92.22528076171875,110.59381103515625,204.6210174560547,71.29487609863281,7.0,6.386287689208984,82.91697692871094,60.0,2014,6,0.0966127018812031,-0.9953220513156602,26_91,61.375457763671875,4.0561353665775135,0.506174616749466,-0.8624310159998487,-0.0001701433783279024,4.806446504777313,27.397415015424038,217.18267822265625
1,pos,2012-06-03,27.7167,88.5577,27.75,88.5,27,4,5.238631725311279,22.844938278198242,53.263160705566406,81.80548858642578,157.17636108398438,30.7862548828125,11.0,7.614979267120361,61.079158782958984,60.0,2012,6,0.4575313760742512,-0.8891934772070711,27_88,2668.26953125,20.68212606121434,0.9982916465730324,-0.05842763372329659,0.004012034917336748,28.641095380155946,50.659829404717605,1060.781005859375
0,neg_hard,2014-06-05,24.825397598004663,93.56037305396437,24.75,93.5,15,24,0.0,0.0,16.410926818847656,29.416669845581055,213.5465850830078,21.412755966186523,4.0,0.0,29.12060546875,60.0,2014,6,0.44216815196707204,-0.8969321743510065,24_93,414.8898620605469,21.454407978339532,0.992807583246899,0.11972093654600129,0.001024387492807062,18.54374686717779,39.48450854657597,818.2483520507812
0,neg_general,2012-11-11,27.601644537945248,95.41242007616661,27.5,95.5,26,32,0.0,0.0,0.0,0.0,0.0,0.0,0.0,0.0,0.02300119958817959,60.0,2012,11,-0.7494423368521954,0.6620696215153815,27_95,123.15091705322266,0.2688842662587002,0.2308258401623162,-0.9729950829851921,0.00022257368047337708,0.5854275367891847,3.7128792217846476,16.293121337890625
0,neg_wet,2009-08-22,28.613003851707546,96.61982228263427,28.5,96.5,30,36,12.776354789733887,30.094745635986328,62.47068405151367,95.28337860107422,175.00241088867188,42.242801666259766,9.0,10.03158187866211,67.6489028930664,60.0,2009,8,-0.7731383255706026,-0.6342374393978054,28_96,3455.950927734375,10.180653240548786,-0.720976835937232,-0.6929591633292236,-0.001554728156653328,32.36913326925819,60.82549750979087,1104.385498046875
0,neg_hard,2010-06-24,23.314688098563504,92.80303526219107,23.25,92.75,9,21,21.108604431152344,29.74738883972168,67.10478210449219,236.667236328125,471.71044921875,110.7713851928711,15.0,9.915796279907227,134.13987731933594,11.0,2010,6,0.13079267585675922,-0.9914097417023038,23_92,549.3418579101562,19.858540876288984,0.7012917741992194,-0.7128743559986648,-0.003743558431928206,20.22855127958704,47.153741230943105,581.2117309570312
0,neg_wet,2008-07-28,27.571992063178783,88.79947513794733,27.5,88.75,26,5,18.532386779785156,36.24856948852539,129.14134216308594,279.05108642578125,512.8697509765625,85.30050659179688,15.0,12.082856178283691,174.49830627441406,37.0,2008,7,-0.45370308603134424,-0.8911529104063088,27_88,4842.814453125,29.99073067592768,0.9996680627456659,-0.025763624091486744,0.002768497424564846,24.07288536499036,50.27888225837297,965.19189453125
1,pos,2016-07-20,27.1176,88.1069,27.0,88.0,24,2,65.08706665039062,103.09651184082031,251.6474609375,417.7879638671875,661.3463134765625,147.35433959960938,15.0,34.36550521850586,290.7124938964844,0.0,2016,7,-0.3271603271220951,-0.9449688462364056,27_88,2050.24462890625,22.29311345755483,0.8160961636412348,0.5779161285948498,-0.003065425529143858,29.16654938434352,50.55233689698032,1305.24267578125
0,neg_hard,2012-06-01,26.99759358378634,88.25442441244071,27.0,88.25,24,3,21.203792572021484,59.3364372253418,100.58944702148438,136.13890075683594,232.16049194335938,59.3364372253418,10.0,19.778812408447266,104.17584228515625,60.0,2012,6,0.4878471454423119,-0.8729290708206411,26_88,2006.2205810546875,22.13846215640498,-0.6579061393364384,-0.7530999348183632,0.003945402591584934,19.333653914937358,37.48439697997879,807.9921875
0,neg_general,2012-06-30,27.617548165739866,92.31047670719178,27.5,92.25,26,19,0.0,9.145413398742676,32.960086822509766,347.6969909667969,980.9642944335938,251.47647094726562,8.0,3.048471212387085,216.28468322753906,8.0,2012,6,0.01075130776352193,-0.9999422030204416,27_92,3744.307861328125,30.446428112239378,0.991487492483359,0.1302019671474327,0.006059349835192009,28.804493072644803,48.879591061838596,1015.724365234375
0,neg_wet,2016-04-22,24.819011039207712,92.51669388936844,24.75,92.5,15,20,33.33266830444336,50.732872009277344,112.03633117675781,206.60455322265625,401.5478515625,67.16490173339844,10.0,16.91095733642578,152.8113555908203,18.0,2016,4,0.9312100364121947,-0.3644830148102912,24_92,13.695416450500488,0.37480179323580853,-0.24115536663401485,0.9704865218763288,0.00015128402840528126,1.2438476812240118,9.455916639436396,39.162835121154785
0,neg_general,2009-05-26,28.11275771690753,92.7079903515514,28.0,92.75,28,21,43.443336486816406,53.27809143066406,64.94342041015625,125.01078033447266,345.8937683105469,53.27809143066406,8.0,17.759363174438477,108.55986785888672,19.0,2009,5,0.5891760872322963,-0.8080046647350754,28_92,4799.29638671875,12.863186444240771,0.43220056294743536,0.9017775076968376,0.0029872477566023907,24.33117867623674,47.98110152243328,1354.4697265625
0,neg_wet,2008-07-25,24.53092843409321,92.94948828537369,24.5,93.0,14,22,41.98210144042969,52.473358154296875,181.20216369628906,290.595458984375,574.5140991210938,129.32615661621094,15.0,17.491119384765625,200.124267578125,6.0,2008,7,-0.4071294853542516,-0.9133704517637858,24_92,34.1306037902832,2.873244226006609,-0.005456979823888773,-0.9999851105747534,-4.8902744753678636e-05,2.6549806891824628,10.670639504375533,53.86505889892578
0,neg_general,2012-08-05,26.873094621373262,94.44565665696702,26.75,94.5,23,28,40.90916442871094,41.407958984375,100.1314468383789,224.31832885742188,426.5731201171875,80.4529800415039,12.0,13.802653312683105,155.2259521484375,60.0,2012,8,-0.5716666713027052,-0.8204859638785327,26_94,98.05982971191406,1.851958957827233,0.548024989678237,0.8364619600963143,-0.0022746392227726312,0.9429090508010589,3.6922209981872594,16.942665100097656
0,neg_hard,2015-05-18,25.547918734177532,94.58502750908613,25.5,94.5,18,28,0.0,7.302889347076416,23.989301681518555,25.77228546142578,156.2063446044922,15.339746475219727,2.0,2.4342963695526123,29.49122428894043,60.0,2015,5,0.6944521021088763,-0.719538934232584,25_94,1240.35986328125,39.305796341863775,-0.8583190798347718,-0.5131163193580873,-0.010391441792402803,26.07722538565777,51.2592097585526,1124.8687133789062
0,neg_general,2014-10-24,27.302324382857137,94.4982362479097,27.25,94.5,25,28,0.0,0.0,0.0,27.716514587402344,56.22645950317383,26.056039810180664,1.0,0.0,20.538999557495117,31.0,2014,10,-0.9223291176290545,0.3864052261209853,27_94,92.91069030761719,0.356018123441339,0.8270129317233221,-0.5621828979632836,0.0006623333062173691,0.7350132983074776,3.0668985808697338,13.57379150390625
0,neg_general,2010-08-01,29.562404940968314,96.0050289045905,29.5,96.0,34,34,82.0,101.19999694824219,125.80000305175781,187.60000610351562,641.6000366210938,101.19999694824219,10.0,33.733333587646484,184.04771423339844,0.0,2010,8,-0.4990686026885319,-0.8665624788845385,29_96,5858.09375,37.31869413886559,0.7335402901290575,0.6796459686905956,-0.01305822819414847,35.53743774976609,63.851086662388646,1488.6142578125
1,pos,2009-07-22,26.8826,88.2788,27.0,88.25,24,3,27.098358154296875,59.70296859741211,79.15778350830078,174.29364013671875,677.0181884765625,74.78870391845703,12.0,19.900989532470703,161.5337371826172,20.0,2009,7,-0.34336687399638804,-0.939201357453208,26_88,1556.4576416015625,21.611842015701473,-0.9994506096344257,-0.03314330854599429,0.0012626866480000957,20.516937101889688,42.68172999086683,974.2434692382812
0,neg_general,2007-06-30,28.116405083651273,88.87090037260417,28.0,88.75,28,5,6.448720932006836,17.08292579650879,51.66773223876953,178.37025451660156,310.78985595703125,81.4452896118164,12.0,5.694308757781982,94.2017593383789,14.0,2007,6,0.02795029824021032,-0.999609314096404,28_88,5025.6650390625,1.439422203972419,-0.28493597000336696,0.9585465523375692,8.915907513364075e-06,2.411028646357105,12.813171184893214,116.27392578125
0,neg_wet,2009-08-19,25.80370180477768,90.71212687966262,25.75,90.75,19,13,44.66204833984375,174.04541015625,703.170166015625,787.8257446289062,1043.586669921875,552.6284790039062,12.0,58.01513671875,575.0441284179688,2.0,2009,8,-0.7393922635959241,-0.673274892250183,25_90,415.0986328125,10.363062391861634,-0.3088847894085231,-0.9510994621342461,0.0005491118887305537,10.179034984459395,25.52298626254476,193.02056884765625
0,neg_general,2015-05-22,24.264530534256178,93.84056370823929,24.25,93.75,13,25,3.088172435760498,3.088172435760498,14.848270416259766,19.959224700927734,77.05841827392578,11.17806625366211,2.0,1.029390811920166,17.948392868041992,60.0,2015,5,0.6433365204044917,-0.765583517007675,24_93,993.0519409179688,12.853538335592335,-0.4458731176071743,-0.8950961752768576,-0.00582027796890936,15.144162685952002,33.794918766960336,390.62493896484375
0,neg_wet,2014-08-17,24.69149365864511,92.46522651413949,24.75,92.5,15,20,24.60308265686035,51.22467803955078,82.53227233886719,205.09219360351562,471.1728515625,66.13842010498047,12.0,17.074892044067383,148.558349609375,23.0,2014,8,-0.7157953492826642,-0.6983101158835584,24_92,17.80047035217285,1.27297878858355,-0.7194582385186794,0.6945357032058173,0.002049785210612393,2.184623104828249,10.69725323535918,40.61838150024414
0,neg_hard,2015-09-08,29.05847448818987,95.04519372877799,29.0,95.0,32,30,4.8844828605651855,30.835960388183594,143.95765686035156,449.7900390625,766.3351440429688,153.41070556640625,14.0,10.278653144836426,247.94712829589844,5.0,2015,9,-0.9231578729647039,-0.38442104726885545,29_95,2005.7740478515625,26.38055543628793,0.5245201105666718,-0.8513980582613084,-0.002505528264372929,22.652448869469684,50.516198219386084,835.988525390625
0,neg_hard,2010-08-31,28.502810065138448,95.11691134548434,28.5,95.0,30,30,1.024407982826233,3.6605896949768066,25.53422737121582,124.0323257446289,208.7419891357422,53.74581527709961,11.0,1.2201966047286987,63.99729537963867,30.0,2010,8,-0.8616928164028522,-0.5074302810827518,28_95,849.9071655273438,36.42778882369366,-0.9121529675575191,-0.4098499283591636,0.004271299213721504,27.637648763611264,49.200987512528194,1397.1356201171875
0,neg_wet,2008-06-26,27.36500340625442,93.24865794593121,27.25,93.25,25,23,9.980755805969238,64.23343658447266,177.54861450195312,564.8914184570312,923.961669921875,317.1081848144531,14.0,21.41114616394043,284.5658874511719,12.0,2008,6,0.07947729992362097,-0.9968366760893436,27_93,1693.162109375,19.158957651011743,0.1265408936465293,0.9919613915042953,-0.00019590721472359496,20.014586200748482,33.25857299902734,617.0909423828125
0,neg_wet,2016-05-18,24.61096012761516,93.5864451127374,24.5,93.5,14,24,79.54151153564453,98.53509521484375,122.50115966796875,124.78001403808594,305.4560546875,98.53509521484375,6.0,32.84503173828125,133.900390625,0.0,2016,5,0.6819721490904629,-0.7313781428679254,24_93,978.5054321289062,13.00166920297492,0.9111871989790286,0.41199258296327634,0.004254565644966494,22.631716705436975,46.521595106826815,931.4718627929688
0,neg_wet,2014-09-06,29.271253892351808,94.56453872094964,29.25,94.5,33,28,29.434011459350586,44.628318786621094,68.55314636230469,306.4653015136719,848.7787475585938,328.1593322753906,9.0,14.876106262207031,199.1579132080078,11.0,2014,9,-0.9093882203647925,-0.4159483918249421,29_94,4166.98779296875,43.919435007995496,0.7747688334848899,-0.632244616157752,0.009658471877099839,30.135632992293107,57.74659740305398,1463.884521484375
1,pos,2013-09-02,28.611,94.9829,28.5,95.0,30,30,8.992691040039062,80.4249267578125,135.89968872070312,139.7384490966797,293.3609619140625,109.45170593261719,7.0,26.80830955505371,127.05316162109375,58.0,2013,9,-0.8786374941610001,-0.4774894280028391,28_94,1690.5528564453125,37.34668296485491,-0.13796514737080545,0.990437084377878,-0.005034993057599694,32.04861336770529,57.766872865570036,1443.4583740234375
0,neg_general,2008-09-02,24.713035137729488,88.01146188743661,24.75,88.0,15,2,7.881442070007324,18.290985107421875,52.957435607910156,107.09848022460938,294.6745300292969,67.577392578125,9.0,6.096994876861572,80.70489501953125,43.0,2008,9,-0.886721063082993,-0.46230483047981086,24_88,25.67954444885254,1.9552337790844228,-0.052410062949847534,0.9986256482294018,-0.0007651501259147112,0.46304314690681025,1.9552337790844228,8.928401947021484
1,pos,2012-07-19,26.8546,88.3373,26.75,88.25,23,3,82.03567504882812,181.49081420898438,647.91015625,992.5179443359375,1246.66943359375,404.9715576171875,15.0,60.4969367980957,626.5067138671875,0.0,2012,7,-0.3108569682435036,-0.9504567035349151,26_88,812.7113647460938,15.065758095058667,0.5828216882459332,-0.8126000736587219,-0.011408797686417034,21.35807775501856,43.28119503984976,738.7926635742188
0,neg_hard,2012-04-26,23.320192583526058,92.64110544438168,23.25,92.75,9,21,36.953346252441406,131.5639190673828,202.1497802734375,326.23065185546875,457.4193420410156,144.02256774902344,11.0,43.85464096069336,227.44512939453125,13.0,2012,4,0.9039461929224011,-0.42764620926777464,23_92,772.893798828125,12.543658680313587,0.7781230685875697,-0.628111845240849,-0.004419625035335627,16.83219009659242,34.55174396176029,438.0556335449219
0,neg_general,2012-06-15,27.237429266917975,93.50230278298898,27.25,93.5,25,24,19.894977569580078,81.65596008300781,107.39154052734375,264.3009033203125,410.07965087890625,88.06898498535156,10.0,27.218652725219727,157.38551330566406,60.0,2012,6,0.26556302780405594,-0.9640935007889755,27_93,1057.500732421875,35.72102672262177,0.13688950811185768,0.990586322623573,0.005402833964362816,21.776601988201374,41.94931602206573,806.8355102539062
0,neg_hard,2012-10-10,25.805755927619806,94.26407072241042,25.75,94.25,19,27,0.0,0.0,0.0,0.0,0.0,0.0,0.0,0.0,1.0314995050430298,60.0,2012,10,-0.9850556718215013,0.172236243027682,25_94,685.672119140625,19.836107578926157,-0.9767545959524832,0.21436058239728092,0.0018330990345479985,20.690276656485217,43.023341684647164,422.586669921875
1,pos,2015-06-13,25.463,92.2121,25.5,92.25,18,19,57.501285552978516,88.12138366699219,162.29165649414062,234.2925567626953,330.7791748046875,88.12138366699219,12.0,29.373794555664062,165.09877014160156,0.0,2015,6,0.31494162072895193,-0.9491110448902284,25_92,1377.609130859375,0.5174361025439768,0.3785778168818113,0.9255694660937134,-0.002605232254300725,6.184073316384073,26.14705789376956,147.88232421875
0,neg_wet,2010-04-16,28.18012304119228,93.12761303810416,28.25,93.25,29,23,0.0,35.13179016113281,155.3627166748047,289.53106689453125,461.6858215332031,123.26316833496094,12.0,11.710597038269043,164.3437957763672,5.0,2010,4,0.9682507501166718,-0.2499809690726521,28_93,1832.18408203125,41.793011388256204,0.5862353311888744,-0.810140812739286,-0.003754621183095911,29.266027846709765,53.44301400746285,1049.5677490234375
1,pos,2015-08-02,25.72,94.6219,25.75,94.5,19,28,1.3096506595611572,16.928997039794922,21.054460525512695,128.914306640625,290.6368713378906,62.923583984375,9.0,5.642999172210693,73.59530639648438,17.0,2015,8,-0.5139010013093103,-0.8578494977869301,25_94,1709.866943359375,42.8312717223769,-0.46070818829020393,-0.8875516690550236,-0.007043570803042652,31.853812067935404,53.30033895871177,1428.19384765625
0,neg_hard,2013-09-05,25.92696284101741,91.66615757079956,26.0,91.75,20,17,0.8931965231895447,13.915550231933594,39.99292755126953,74.93926239013672,274.2604675292969,25.047893524169922,10.0,4.638516902923584,63.996585845947266,19.0,2013,9,-0.9020987014301837,-0.43152975897147144,25_91,513.2311401367188,10.23038482214018,-0.05983873517243798,-0.998208057357264,-0.006245572116030284,15.1130499919157,35.22673793744581,397.7162780761719
0,neg_general,2009-08-03,25.555681885113824,93.1910311341589,25.5,93.25,18,23,0.9106466770172119,3.164677381515503,27.736478805541992,48.59830856323242,187.98643493652344,23.586299896240234,7.0,1.0548924207687378,43.27497863769531,60.0,2009,8,-0.5285813283559292,-0.8488826652214553,25_93,299.9810791015625,12.467185111374878,-0.9699244152559976,0.24340630371933897,9.548230452604309e-05,5.933076046267554,18.91056150413916,94.30325317382812
0,neg_general,2014-10-30,27.12596328049506,88.59092473291005,27.25,88.5,25,4,0.2617192566394806,1.0212770700454712,1.9859426021575928,1.9859426021575928,18.31681251525879,14.622962951660156,0.0,0.3404256999492645,10.15915584564209,60.0,2014,10,-0.8776087166898392,0.4793776594606945,27_88,1651.267822265625,19.95912680690214,0.9670706214257135,-0.254508178994869,0.001119502033983711,20.9065356812495,38.56158374076815,914.3770751953125
1,pos,2014-09-22,26.1044,91.7082,26.0,91.75,20,17,65.75471496582031,108.5892105102539,127.45450592041016,213.456298828125,305.8682861328125,108.5892105102539,13.0,36.19640350341797,164.0949249267578,0.0,2014,9,-0.9882042449941422,-0.15314166701312007,26_91,53.10300064086914,0.4968783929998208,0.9645924629970647,0.26374491526711263,0.0006947584326348691,6.79392363883849,35.935394822473945,307.56165313720703
1,pos,2009-08-20,26.88405686,88.28087032,27.0,88.25,24,3,13.923104286193848,274.88519287109375,399.04742431640625,492.00555419921875,1008.5081787109375,275.01251220703125,13.0,91.6283950805664,412.2824401855469,1.0,2009,8,-0.7508642533989489,-0.6604565640279754,26_88,1624.6060791015625,18.989420869510482,-0.998972079489036,0.045329729773638326,-7.624874172872987e-05,20.467421644768155,46.22732687647775,941.4066162109375
0,neg_general,2012-09-02,27.44507107649959,88.21098930378552,27.5,88.25,26,3,7.124728202819824,30.313232421875,100.75383758544922,171.7803955078125,318.8966369628906,61.158729553222656,14.0,10.104411125183105,116.32281494140625,60.0,2012,9,-0.886721063082993,-0.46230483047981086,27_88,3598.38623046875,32.74325974978514,-0.20169305108351837,-0.9794487802558239,0.0018399113455694705,31.380979410583418,50.73433489876759,1807.937255859375
0,neg_hard,2014-08-23,25.817865952234044,94.76500138080416,25.75,94.75,19,29,13.592758178710938,18.72681999206543,21.94635772705078,156.08639526367188,495.915771484375,99.21269226074219,8.0,6.242273330688477,98.4810562133789,9.0,2014,8,-0.7839338166829201,-0.620844401650647,25_94,597.4968872070312,17.263019923619872,0.7716746621430246,-0.6360174650168412,0.004912354680779977,20.3417063224569,34.204269950757734,582.1939697265625
0,neg_general,2014-09-01,27.95388208419372,95.91724790708884,28.0,96.0,28,34,0.0,4.29541015625,16.00042724609375,246.76333618164062,483.34375,179.8111572265625,9.0,1.4318033456802368,135.25685119628906,7.0,2014,9,-0.8702939222685674,-0.49253272872205434,27_95,176.68246459960938,1.9365063414672778,-0.5586826783692028,0.8293814953869021,-0.001180774594761048,1.1853020001253238,4.706345337846028,32.8917236328125
0,neg_wet,2010-07-20,25.466560640868643,88.10763949866147,25.5,88.0,18,2,6.513816833496094,45.86306381225586,60.67491149902344,130.27670288085938,555.4379272460938,55.25400924682617,7.0,15.287688255310059,125.3219223022461,21.0,2010,7,-0.3108569682435036,-0.9504567035349151,25_88,26.336162567138672,0.06286633859943291,-0.39900388519160623,-0.9169492350190405,-1.1401016386165202e-05,0.4643249226007366,3.1631026724331774,12.968059539794922
0,neg_hard,2014-09-26,24.082461746005833,92.80065290107993,24.0,92.75,12,21,10.228911399841309,21.971637725830078,50.3529167175293,190.40330505371094,459.4778137207031,76.38693237304688,14.0,7.323879241943359,129.52664184570312,7.0,2014,9,-0.9963950238187231,-0.08483487790576538,24_92,582.818603515625,21.66132895866949,0.7755501288563008,-0.63128598719675,0.00027997358940469853,20.348460544433657,41.02135024770014,701.0986938476562
0,neg_general,2014-07-02,26.578704721268412,90.91870963348933,26.5,91.0,22,14,0.9711267352104187,13.117877960205078,41.640625,211.773193359375,365.19189453125,96.85747528076172,10.0,4.372625827789307,104.6701889038086,10.0,2014,7,-0.00645086419810515,-0.9999791929590823,26_90,50.118228912353516,0.34524963852097906,-0.6194459299437365,-0.78503932377693,0.0003839813418191841,0.7943448824743986,2.7813358249630324,14.335750579833984
0,neg_hard,2010-09-05,25.597389264278902,92.09830957207218,25.5,92.0,18,18,3.6733791828155518,27.94316291809082,107.9174575805664,270.5055236816406,496.2813415527344,154.27224731445312,10.0,9.314387321472168,149.08433532714844,5.0,2010,9,-0.9020987014301837,-0.43152975897147144,25_92,925.8964233398438,8.840214365905467,-0.4639496065583632,0.8858615933509817,0.0027506717047706642,10.123528700104545,27.01344302150634,260.34124755859375
0,neg_general,2010-09-10,25.626697305845024,93.69381368756308,25.75,93.75,19,25,9.231980323791504,19.79825210571289,41.593177795410156,105.70958709716797,466.8121337890625,47.89992904663086,12.0,6.599417209625244,97.87152099609375,17.0,2010,9,-0.9358348973349941,-0.35243871088460327,25_93,365.53814697265625,5.879685456766713,-0.9552494385791208,0.29580147074393426,-0.00013177134591647568,3.887706843207869,21.680808085224513,164.37042236328125
0,neg_general,2009-09-11,27.816803353450396,96.48573727682029,27.75,96.5,27,36,0.9218921661376953,5.355024814605713,28.695858001708984,31.89059829711914,128.4558868408203,23.736440658569336,2.0,1.7850083112716675,31.77178382873535,60.0,2009,9,-0.9417589340994617,-0.33628873017668287,27_96,1521.441162109375,35.87950160422312,-0.9038282726120666,0.4278953769639115,-0.0032336268385873175,29.470026229380622,48.36676136226595,1391.6468505859375
0,neg_wet,2009-08-07,26.943012426825067,95.2193727697676,27.0,95.25,24,31,1.841044545173645,41.41985321044922,63.77643966674805,162.0424346923828,322.6213684082031,78.51481628417969,11.0,13.806617736816406,116.23810577392578,22.0,2009,8,-0.5856957398073508,-0.8105309990194823,26_95,622.0069580078125,15.325404682081667,-0.960396347066151,0.27863750024358386,-0.006739311746878158,17.395380820579874,42.4003378480699,472.8700866699219
0,neg_general,2009-08-24,26.644799454442254,92.50420349333906,26.75,92.5,23,20,25.02540397644043,99.38993072509766,193.8756866455078,442.26959228515625,777.2774658203125,188.85592651367188,14.0,33.12997817993164,273.9388427734375,3.0,2009,8,-0.7944973291665992,-0.6072676460566135,26_92,65.36557006835938,0.27346670383018723,0.6571304494656998,-0.7537768717498616,3.638395522460834e-05,0.6303977885648244,2.7576084411632618,15.797332763671875
0,neg_general,2014-07-06,25.634201962041853,93.01994607854878,25.75,93.0,19,22,4.198225021362305,12.67136287689209,85.25141143798828,247.01744079589844,315.187744140625,135.56954956054688,10.0,4.223787784576416,125.41258239746094,10.0,2014,7,-0.07518957641475855,-0.9971692572470178,25_93,284.0987854003906,11.001678374255807,-0.9999053227767425,-0.013760286433736934,-0.00035917282518305995,8.024131117848963,18.61368815941711,165.66184997558594
1,pos,2013-05-11,26.1016,91.6906,26.0,91.75,20,17,10.408920288085938,59.66007995605469,89.82553100585938,117.61491394042969,174.4007568359375,59.66007995605469,10.0,19.886693954467773,87.55908966064453,60.0,2013,5,0.7758587728069828,-0.6309066211876704,26_91,98.29304504394531,25.884601353190035,0.29104962419840935,0.9567079576620886,0.001585322247409804,8.427789663246235,33.87927667411044,334.3467826843262
1,pos,2010-09-04,27.3702,88.7334,27.25,88.75,25,5,9.774760246276855,35.791534423828125,58.56629943847656,419.2523498535156,821.6442260742188,207.56947326660156,14.0,11.930511474609375,233.88885498046875,8.0,2010,9,-0.8945422369764496,-0.4469834295196741,27_88,3522.42529296875,5.950162890060413,-0.30445993598143695,0.9525251426509325,0.0016209386251622728,27.36343162347294,41.099251052997126,896.494873046875
0,neg_general,2016-05-13,23.2698475455071,88.86074815939499,23.25,88.75,9,5,0.0,0.0,53.32304000854492,60.565982818603516,60.565982818603516,53.32304000854492,3.0,0.0,34.560264587402344,5.0,2016,5,0.742280907086982,-0.6700888411055113,23_88,6.446615219116211,0.4371690388351955,-0.8627904352287347,-0.505561732014806,6.499174611992225e-05,0.446044930938801,2.3602181190071385,10.828808784484863
1,pos,2010-08-06,23.7365,92.7146,23.75,92.75,11,21,40.94890213012695,56.952598571777344,124.14166259765625,294.646728515625,451.1870422363281,119.1523208618164,15.0,18.98419952392578,184.90896606445312,8.0,2010,8,-0.5716666713027052,-0.8204859638785327,23_92,1065.90380859375,28.660710043298067,-0.9527774560822727,-0.30366942417930876,-0.00024104042142683991,19.160229773457885,40.2251563555813,623.505859375
0,neg_hard,2008-06-17,25.279206995337894,90.55875888977152,25.25,90.5,17,12,23.186206817626953,40.07773971557617,180.80279541015625,302.8940124511719,531.9199829101562,120.51669311523438,14.0,13.359246253967285,202.49057006835938,15.0,2008,6,0.23224292400907015,-0.9726578145718654,25_90,32.33427810668945,9.052119530670806,0.678260393685837,-0.7348216371046333,0.004048200530762824,10.261725846615887,28.42561225928132,192.0564193725586
0,neg_hard,2008-06-29,25.488411139153317,91.67342870411798,25.5,91.75,18,17,18.724756240844727,32.22930908203125,86.44046020507812,222.9341278076172,398.3613586425781,93.95751953125,13.0,10.74310302734375,134.3307647705078,60.0,2008,6,0.02795029824021032,-0.999609314096404,25_91,1743.354736328125,22.25759543304722,-0.8221080850328993,0.5693314469828091,0.0028677859982843786,9.457441056688715,25.259389049796457,227.1710205078125
1,pos,2011-07-01,25.8782,94.1739,26.0,94.25,20,27,2.272146701812744,11.220821380615234,87.9905776977539,132.02532958984375,269.861572265625,76.84894561767578,10.0,3.7402737140655518,91.4536361694336,4.0,2011,7,0.01075130776352193,-0.9999422030204416,25_94,1341.722900390625,13.990029164893318,0.3299398795547305,0.9440019469680186,0.002946638334713184,18.65796821776113,39.41263768874546,783.8624267578125
0,neg_wet,2010-07-06,27.155814029375154,94.15517610661192,27.25,94.25,25,27,1.8379369974136353,38.4742317199707,63.32121658325195,127.09756469726562,335.679931640625,54.9798469543457,9.0,12.82474422454834,97.25393676757812,60.0,2010,7,-0.07518957641475855,-0.9971692572470178,27_94,88.89918518066406,1.4842342508347164,-0.7274708503307339,-0.6861385879828352,0.00037337954434153237,0.7868861052985163,3.0038772511201706,13.166557312011719
0,neg_general,2014-08-06,25.426076100963893,93.30880654331632,25.5,93.25,18,23,0.0,9.048994064331055,55.27301025390625,191.1800994873047,324.54010009765625,69.43729400634766,13.0,3.016331434249878,102.87677001953125,12.0,2014,8,-0.5716666713027052,-0.8204859638785327,25_93,293.4267578125,14.153521517201364,-0.3093612383016225,-0.9509445957764767,0.001908696215992853,8.396452282092275,21.04511745748995,162.19427490234375
1,pos,2012-06-25,26.1049,91.7369,26.0,91.75,20,17,27.653865814208984,33.66422653198242,55.353240966796875,105.86663818359375,218.6604766845703,33.66422653198242,11.0,11.22140884399414,78.73649597167969,60.0,2012,6,0.0966127018812031,-0.9953220513156602,26_91,164.45504760742188,14.620877911593091,0.37256266262298593,-0.92800703791473,-0.0020400334959767277,6.420647723429226,31.18896662828851,187.02054595947266
0,neg_general,2009-07-12,28.001395658262698,95.25240382852503,28.0,95.25,28,31,2.065497636795044,7.975341796875,93.04963684082031,396.1904296875,462.0697326660156,164.6139678955078,13.0,2.658447265625,170.2880096435547,12.0,2009,7,-0.17752914918703497,-0.984115542601034,28_95,198.58876037597656,0.5493168428519922,0.9441938615294156,0.32939027285299527,0.0016430667126000002,1.5933496302201875,18.911157466013027,141.09738159179688
0,neg_wet,2014-09-09,27.425334449629684,96.68890101223494,27.5,96.75,26,37,0.0,63.0035285949707,65.00929260253906,84.39871215820312,531.8739624023438,128.18515014648438,3.0,21.001176834106445,118.74540710449219,1.0,2014,9,-0.9296339319682695,-0.3684843993077793,27_96,1325.2598876953125,27.58538387116898,-0.11856672877582697,0.9929460865663349,0.0024593814670787056,21.26568409921397,41.784380262816754,987.5859375
0,neg_hard,2007-11-10,25.010010134268878,93.12692181048013,25.0,93.25,16,23,1.690990924835205,1.690990924835205,1.9850763082504272,11.459634780883789,110.65892028808594,9.474557876586914,1.0,0.56366366147995,17.22690773010254,60.0,2007,11,-0.7717727365467836,0.6358984534680745,25_93,375.37615966796875,10.620078632788077,0.7815402814067346,-0.6238547816108185,0.01268786712865164,17.81827322238356,38.705258349722556,734.2481536865234
0,neg_general,2010-06-13,28.989334141692975,95.16120244291048,29.0,95.25,32,31,6.076430797576904,19.3230037689209,162.7589874267578,416.01416015625,569.3034057617188,292.0903625488281,13.0,6.4410014152526855,223.8267059326172,6.0,2010,6,0.31494162072895193,-0.9491110448902284,28_95,2985.995361328125,32.80869899758893,0.32996717721669927,0.943992405668416,-0.001087456354176654,27.811395103353625,41.72283782404251,1273.239990234375
1,pos,2011-08-05,27.1034,93.6885,27.0,93.75,24,25,37.20277404785156,70.83287048339844,107.02827453613281,201.03184509277344,413.90966796875,70.83287048339844,11.0,23.6109561920166,148.37815856933594,17.0,2011,8,-0.5574684374327892,-0.8301981337405212,27_93,149.3597869873047,2.5013810607615095,0.3023088774115971,0.9532100202149262,0.0002728636793712277,7.491146328084501,29.210104751489503,239.6007080078125
0,neg_wet,2016-08-11,29.125752348882084,95.62479786259864,29.25,95.5,33,32,12.691315650939941,49.709861755371094,101.03692626953125,153.8837890625,1261.380126953125,81.27481079101562,6.0,16.56995391845703,235.66983032226562,17.0,2016,8,-0.65316012232693,-0.7572198192083127,29_95,3710.775146484375,18.58004716222977,0.9107358114855287,0.41298944499562645,-0.006419230382454066,26.516504351683203,47.6047719778273,1114.275146484375
0,neg_general,2008-07-24,23.88794690448043,91.34402125132446,24.0,91.25,12,15,9.071660041809082,26.523880004882812,29.881431579589844,161.82093811035156,288.5043029785156,107.22329711914062,8.0,8.841293334960938,93.29895782470703,9.0,2008,7,-0.3913578365610259,-0.9202385798054075,23_91,25.59354591369629,0.4634153640780018,-0.5743825431166327,0.8185870107464872,0.0012925831069797815,1.9594078257822938,5.61266905756393,31.419103622436523
0,neg_hard,2015-07-14,24.364236881190276,94.14900607433326,24.25,94.25,13,27,0.0,0.19999998807907104,37.599998474121094,83.39998626708984,249.3999786376953,43.999996185302734,4.0,0.06666666269302368,66.95382690429688,17.0,2015,7,-0.2112757555821793,-0.9774264960104055,24_94,1129.061767578125,0.7345968180763625,0.7710869470791377,-0.6367298642628404,0.006411079303243332,17.63157624649424,35.52720021595357,429.734375
0,neg_general,2008-07-01,25.827584732679334,88.19615915878127,25.75,88.25,19,3,21.31470489501953,75.119384765625,91.20458984375,163.60568237304688,253.54330444335938,75.119384765625,12.0,25.039794921875,110.51912689208984,60.0,2008,7,-0.00645086419810515,-0.9999791929590823,25_88,39.54648971557617,0.08343128987652214,-0.32993804166258056,-0.9440025893311211,1.4418339301218791e-05,0.3923865002588531,2.1589416513643185,9.464759826660156
0,neg_general,2012-08-07,25.00239191971056,88.14168776183631,25.0,88.25,16,3,0.8989881873130798,4.013780117034912,5.412167549133301,45.593536376953125,216.23277282714844,21.505672454833984,6.0,1.3379267454147339,41.28727340698242,31.0,2012,8,-0.5995514915196489,-0.8003361849976323,25_88,30.848552703857422,0.6190645877188569,-0.1721486086069522,0.9850709906167628,-0.00015907757837345257,0.9120224443316245,4.498545710109572,16.452499389648438
0,neg_hard,2014-05-17,27.130974839299864,93.02184400298535,27.25,93.0,25,22,15.241633415222168,29.297893524169922,102.05365753173828,242.5791473388672,263.28851318359375,120.12992095947266,11.0,9.76596450805664,132.2218017578125,8.0,2014,5,0.7067265555776158,-0.7074868024503348,27_93,1036.3602294921875,34.873842372976426,0.3333360452277426,-0.9428080827782123,-0.0013263275945391583,27.16007749263335,42.780166682355784,706.220703125
1,pos,2010-06-15,26.3335,94.5512,26.25,94.5,21,28,29.66444969177246,57.24293518066406,82.78889465332031,155.15098571777344,240.0187530517578,57.24293518066406,11.0,19.080978393554688,105.48619079589844,60.0,2010,6,0.2821076626819194,-0.9593827529490743,26_94,1363.6087646484375,4.818417192812692,-0.415588122305906,-0.9095529190752186,-0.002635345336388403,15.892333179734464,34.99114180804815,455.71728515625
1,pos,2015-07-07,27.0816,88.4397,27.0,88.5,24,4,0.0,31.461711883544922,240.95339965820312,395.4017333984375,799.9469604492188,160.87628173828125,13.0,10.487236976623535,254.64077758789062,3.0,2015,7,-0.09233133369539122,-0.9957283388645872,27_88,253.37242126464844,26.929098351779416,-0.32089171534759786,0.9471158889076227,0.004451534923439981,26.291375420990782,51.44329986307292,895.310546875
1,pos,2010-08-13,25.70223725,94.04619681,25.75,94.0,19,26,12.153491020202637,14.121665000915527,15.288082122802734,87.26656341552734,303.1204833984375,51.06013107299805,5.0,4.707221508026123,63.75790023803711,22.0,2010,8,-0.666088855860977,-0.7458723993404063,25_94,1015.9720458984375,15.04038480756003,0.981071675115814,0.19364495419569006,0.0004795610965707678,14.847424815587301,35.75080867047203,702.8743286132812
0,neg_hard,2011-09-03,25.105683149666476,92.22068375563335,25.0,92.25,16,19,2.0327422618865967,13.637009620666504,22.66598129272461,159.9858856201172,302.30023193359375,95.59790802001953,10.0,4.545670032501221,82.201171875,10.0,2011,9,-0.886721063082993,-0.46230483047981086,25_92,65.20303344726562,2.4040348714460853,0.9921478462901795,-0.1250705844783589,0.004430765448721828,8.774403147105243,29.516565534523423,196.84052276611328
0,neg_hard,2007-10-31,25.866927099213047,93.8041671478487,25.75,93.75,19,25,0.0,0.0,0.0,31.06369972229004,185.8577880859375,71.56897735595703,1.0,0.0,27.138614654541016,29.0,2007,10,-0.8692328164574792,0.49440298420761813,25_93,158.69827270507812,2.5315475714259876,-0.7048060487949456,-0.7094000518621751,-0.00018768701028660782,1.019846685865176,5.268217903889996,30.971389770507812
0,neg_wet,2014-08-03,25.15304433875237,92.21733552349204,25.25,92.25,17,19,9.819112777709961,59.27207946777344,125.77748107910156,250.49317932128906,449.4741516113281,108.57047271728516,12.0,19.757360458374023,168.3428497314453,9.0,2014,8,-0.5285813283559292,-0.8488826652214553,25_92,53.761268615722656,0.5374270996904327,0.8930835489307417,0.4498908474611052,0.0033484677906096007,15.715171614866174,44.635415410837595,349.91986083984375
1,pos,2016-07-28,27.5748,91.8644,27.5,91.75,26,17,7.138001918792725,30.65941047668457,66.06143188476562,189.45040893554688,362.828125,72.82946014404297,13.0,10.219803810119629,108.88594055175781,48.0,2016,7,-0.45370308603134424,-0.8911529104063088,27_91,2694.739013671875,11.946256761987385,0.9430709099096543,0.33259173002673537,0.0004888405676418128,20.46644864358076,46.31386974700863,912.85107421875
1,pos,2013-08-04,26.284,94.5808,26.25,94.5,21,28,0.0,27.65966796875,40.6292724609375,147.6558074951172,338.99627685546875,73.8580322265625,9.0,9.219889640808105,97.97802734375,60.0,2013,8,-0.5431052396834317,-0.8396646346181327,26_94,711.1846923828125,21.697096554635568,0.25209172470395574,0.9677033441792918,0.005966613244189494,16.774774371614985,37.70904311173328,547.33984375
0,neg_hard,2009-08-10,25.748932772317886,90.09681901356046,25.75,90.0,19,10,10.751334190368652,12.979666709899902,59.63333511352539,402.9146423339844,565.3240966796875,313.8409423828125,9.0,4.3265557289123535,166.1569366455078,12.0,2009,8,-0.6267266965083301,-0.7792391467859886,25_90,157.1053009033203,7.528818251060041,-0.8771659568144526,0.4801873428213053,0.0008880154160664155,4.637148862082397,12.53819357623708,88.34896850585938
1,pos,2011-07-29,25.4192,94.108,25.5,94.0,18,26,10.238118171691895,12.082259178161621,72.69927978515625,128.32814025878906,275.13702392578125,57.845977783203125,10.0,4.027419567108154,94.37818908691406,32.0,2011,7,-0.45370308603134424,-0.8911529104063088,25_94,1382.6461181640625,13.036368342942783,0.9138883312520714,0.40596566111101606,-0.00038935949358233113,14.288439392194158,28.606351878810287,471.8228759765625
1,pos,2012-06-25,27.174,95.8011,27.25,95.75,25,33,3.4000000953674316,54.599998474121094,101.19999694824219,193.19998168945312,313.6464538574219,67.4000015258789,10.0,18.19999885559082,119.71399688720703,42.0,2012,6,0.0966127018812031,-0.9953220513156602,27_95,294.7779846191406,0.40351893607815037,0.9897515088445322,0.14280038774447343,-1.2612338928192566e-06,12.040633206783408,35.257839700541155,442.415771484375
0,neg_general,2008-05-09,24.425861867941766,88.17839548794825,24.5,88.25,14,3,4.075834274291992,4.075834274291992,16.158184051513672,16.158184051513672,27.137014389038086,8.652097702026367,3.0,1.3586114645004272,13.46830940246582,60.0,2008,5,0.7865965660866021,-0.6174672802835514,24_88,21.78407859802246,0.8820600001807953,-0.6586782886590649,-0.752424688622832,0.000671550214721432,0.5882491331058527,2.8493739648888505,12.313751220703125
0,neg_hard,2008-02-25,25.328846249069638,92.98901069854061,25.25,93.0,17,22,0.0,0.0,0.7709469795227051,0.7709469795227051,12.936717987060547,2.1390602588653564,0.0,0.0,1.6059520244598389,60.0,2008,2,0.8211001178128892,0.5707841943569036,25_92,516.8814086914062,6.615527542034767,0.30348398464529064,-0.9528365395301636,-0.0035571946919829905,13.028990222533814,34.05483217896576,534.6466674804688
0,neg_wet,2012-07-27,27.004797225422244,94.74225173608168,27.0,94.75,24,29,32.231563568115234,64.72291564941406,117.28102111816406,250.39950561523438,411.6416015625,74.55352783203125,13.0,21.574304580688477,165.01419067382812,60.0,2012,7,-0.4383067230125192,-0.898825465016444,27_94,95.4095458984375,2.042865374512564,-0.9564448148796028,0.29191319958152356,0.0008970277976609025,1.4309044042149763,6.2382713440607285,19.450721740722656
0,neg_wet,2009-07-30,26.415360526455697,94.42768951885043,26.5,94.5,22,28,21.386520385742188,44.615692138671875,76.10342407226562,162.9046630859375,370.9666748046875,52.8201789855957,12.0,14.87189769744873,114.4639892578125,24.0,2009,7,-0.46896519100763184,-0.8832166493127127,26_94,640.4348754882812,11.34614670686306,-0.6448410422384574,-0.7643167080764491,0.00040854321435505436,14.36059426172399,30.770037791459597,418.15350341796875
0,neg_general,2012-07-01,29.332638075264864,96.43144712225879,29.25,96.5,33,36,0.0,0.0,0.0,0.0,0.0,0.0,0.0,0.0,0.0,60.0,2012,7,-0.00645086419810515,-0.9999791929590823,29_96,4714.40380859375,25.310053272847615,-0.41118332604419494,-0.911552671206241,0.00038763310917110935,28.871669604322435,59.49088280725331,1467.594970703125
0,neg_general,2007-06-09,27.793480501116303,97.02617203382835,27.75,97.0,27,38,0.0,0.0,0.0,0.0,0.0,0.0,0.0,0.0,0.0,60.0,2007,6,0.37945284372454435,-0.925211078289358,27_97,2446.627685546875,27.4625961256369,0.9229871648052496,0.38483073370608933,0.001993405751736781,32.26035050248773,48.27684144432652,1491.5718994140625
1,pos,2015-08-01,24.004,93.9815,24.0,94.0,12,26,87.59803771972656,126.09715270996094,144.5968017578125,302.99749755859375,388.0001220703125,126.09715270996094,13.0,42.03238296508789,197.08799743652344,0.0,2015,8,-0.4990686026885319,-0.8665624788845385,24_93,1446.16552734375,25.577721540039843,0.9729158345079518,-0.23115963956472943,-0.0018668402328517173,26.226209313644706,42.485725908119235,903.6786499023438
0,neg_wet,2016-04-07,26.806473212012456,89.50001939475992,26.75,89.5,23,8,0.0,28.0189266204834,43.921531677246094,198.359375,207.4914093017578,152.720947265625,4.0,9.339642524719238,91.11131286621094,10.0,2016,4,0.9933900548258936,-0.11478762552212701,26_89,438.6466979980469,14.778089270400747,0.0301299716533771,-0.9995459893412442,-0.001250497012259953,22.710609353070733,44.44407057709633,724.2696838378906
0,neg_hard,2013-09-23,25.831015929701767,94.41320627694444,25.75,94.5,19,28,1.2564855813980103,3.130537271499634,4.551283836364746,77.6729736328125,185.9969482421875,53.115447998046875,6.0,1.0435124635696411,39.13381576538086,60.0,2013,9,-0.9906923101615609,-0.13612033862266704,25_94,1561.3848876953125,30.601873666034255,-0.4594878885082092,0.8881840351606571,-0.005356681778729515,23.9107227192401,40.17381459392513,980.630126953125
0,neg_wet,2009-06-30,24.175336205015697,92.83367848884994,24.25,92.75,13,21,9.461836814880371,34.58125686645508,116.37562561035156,177.589599609375,335.1547546386719,81.76910400390625,9.0,11.527085304260254,117.67539978027344,5.0,2009,6,0.02795029824021032,-0.999609314096404,24_92,427.4925231933594,13.702692663698004,-0.8572930806693151,0.514828683968284,-0.0076874242117676815,17.597157665631762,36.562240091317115,491.68373107910156
0,neg_wet,2015-07-11,23.557328353087946,91.1597727220601,23.5,91.25,10,15,12.596136093139648,71.7347183227539,166.19041442871094,232.1798095703125,418.3162841796875,144.974609375,10.0,23.91157341003418,178.50209045410156,2.0,2015,7,-0.16057454459499376,-0.9870237158387383,23_91,5.707261085510254,0.0805433277261278,0.8594172058582638,0.5112749419586047,7.40649193849339e-05,0.5045592087315627,2.197652267934485,9.681830883026123
0,neg_general,2010-07-22,29.256713698252845,95.75559816931583,29.25,95.75,33,33,8.48401927947998,21.77222442626953,77.75555419921875,480.83270263671875,766.9758911132812,328.06622314453125,11.0,7.257408142089844,193.64974975585938,11.0,2010,7,-0.34336687399638804,-0.939201357453208,29_95,4083.010009765625,23.885856134931792,0.1432098419048477,-0.9896923467328564,0.007255713839589735,27.149844267883406,47.61945516323892,1023.849609375
0,neg_general,2012-04-13,26.73217215030655,90.82556162564852,26.75,90.75,23,13,8.984471321105957,20.06049156188965,66.72695922851562,93.3865737915039,95.36775970458984,45.0994987487793,6.0,6.686830520629883,61.76441955566406,60.0,2012,4,0.9762766110869321,-0.21652708524481437,26_90,180.33444213867188,0.4712489459292164,-0.27830271858585787,-0.9604934132141255,0.0003617286467016641,1.5629496737693347,4.144439082890067,66.98475646972656
0,neg_wet,2008-07-19,27.493688310870404,94.11526191526015,27.5,94.0,26,26,40.893348693847656,41.489723205566406,154.07325744628906,359.0335998535156,751.30859375,142.8262939453125,9.0,13.829907417297363,236.4084014892578,6.0,2008,7,-0.3108569682435036,-0.9504567035349151,27_94,707.2240600585938,20.797090821739,-0.6470641484154964,-0.7624355630709578,-0.00010375770942383912,26.956726751405977,48.01562829382631,816.576416015625
0,neg_general,2009-08-02,26.843893829367055,92.71450540260102,26.75,92.75,23,21,1.5505958795547485,45.30342102050781,174.8599090576172,258.25921630859375,479.8932189941406,119.96736145019531,11.0,15.101140022277832,184.41090393066406,4.0,2009,8,-0.5139010013093103,-0.8578494977869301,26_92,99.51371765136719,0.19550162726814435,0.007006724597790836,-0.9999754526039181,0.0004218716933765221,0.8614303794223124,3.020447027979941,18.233970642089844
0,neg_hard,2012-09-09,25.395262788271346,94.29299303279271,25.5,94.25,18,27,0.0,0.0,0.0,17.598304748535156,178.97755432128906,17.598304748535156,1.0,0.0,27.624753952026367,26.0,2012,9,-0.9358348973349941,-0.35243871088460327,25_94,1863.1734619140625,27.049356478554248,0.6885204776520839,-0.7252168998677198,-0.005424924116022276,21.908432969616232,40.61354306049118,943.989501953125
0,neg_hard,2010-09-01,24.976579781597735,92.55498972993293,25.0,92.5,16,20,8.468965530395508,56.49639129638672,92.4881591796875,227.21893310546875,416.20263671875,71.91116333007812,12.0,18.832130432128906,152.86961364746094,7.0,2010,9,-0.8702939222685674,-0.49253272872205434,24_92,16.36347770690918,1.360171970277818,-0.8174194041398689,0.5760429825417732,0.0011264972584660935,1.1490842181996934,9.988030068077915,45.071685791015625
0,neg_wet,2010-07-30,23.878423649355295,91.83250704824394,24.0,91.75,12,17,20.46987533569336,58.759666442871094,87.87730407714844,204.0375518798828,309.0143127441406,63.89395523071289,13.0,19.58655548095703,128.56097412109375,31.0,2010,7,-0.46896519100763184,-0.8832166493127127,23_91,114.73309326171875,2.3258574713065743,0.1193566109652931,0.9928514488174349,0.0023902563474688214,2.316365810136898,8.35906710595697,51.28443145751953
0,neg_general,2016-06-12,27.74243947937132,93.27985412997533,27.75,93.25,27,23,25.207809448242188,46.76848602294922,83.95989227294922,102.50245666503906,434.74920654296875,46.76848602294922,7.0,15.589495658874512,103.9113998413086,25.0,2016,6,0.31494162072895193,-0.9491110448902284,27_93,2103.069091796875,31.330206125953946,-0.8305511633643476,0.556942335465826,-0.00216571717453752,27.01885856953716,44.28578642938662,956.734375
0,neg_general,2016-05-25,25.471575600569093,90.2272941080171,25.5,90.25,18,11,1.1224322319030762,35.49017333984375,128.5284881591797,374.8760070800781,601.555908203125,205.11038208007812,8.0,11.830058097839355,209.22561645507812,6.0,2016,5,0.5891760872322963,-0.8080046647350754,25_90,223.14071655273438,4.024816546692459,0.2817603140056726,-0.9594848229395944,-0.0036722892573252145,7.416588122777359,18.569898671795432,296.9804916381836
0,neg_hard,2008-07-03,24.638626166185045,92.33689881252624,24.75,92.25,15,19,17.9094295501709,43.086891174316406,121.06666564941406,285.0311584472656,414.80804443359375,121.72776794433594,14.0,14.362297058105469,173.07093811035156,7.0,2008,7,-0.04084439154329611,-0.9991655196610109,24_92,20.566287994384766,0.40052548284552547,-0.0338536983417176,-0.9994267992747583,-0.00022106149041758763,0.7905324488582154,4.225045789163791,19.77525520324707
0,neg_general,2009-09-09,23.67639682532547,93.11179982881268,23.75,93.0,11,22,21.129362106323242,31.07485580444336,61.059173583984375,117.39705657958984,294.2180480957031,42.55812072753906,12.0,10.358284950256348,89.20374298095703,45.0,2009,9,-0.9296339319682695,-0.3684843993077793,23_93,953.5675048828125,18.35857467052634,0.9836991796556639,0.17982192287030502,-0.0006711987617392409,19.13898459490523,45.05101926560154,598.484130859375
0,neg_general,2009-09-04,24.30722207545211,91.63145576124558,24.25,91.75,13,17,2.821113109588623,8.618766784667969,60.54813766479492,175.05613708496094,358.1556091308594,81.81863403320312,10.0,2.87292218208313,106.34640502929688,9.0,2009,9,-0.8945422369764496,-0.4469834295196741,24_91,32.97756576538086,3.6947577871227826,0.9089233276806838,-0.416963289028989,0.0033884472590106256,2.19166637644684,7.702716154976283,51.74075126647949
0,neg_general,2012-07-06,23.29206003592181,88.65529420148154,23.25,88.75,9,5,0.847669780254364,3.140695810317993,3.862797975540161,41.9977912902832,68.40609741210938,32.655399322509766,4.0,1.046898603439331,16.70476722717285,60.0,2012,7,-0.09233133369539122,-0.9957283388645872,23_88,6.775794506072998,0.25716620902530907,-0.9857354020814827,-0.16830245715157482,-0.00012336165613226706,0.34400037586083493,2.2340957944389603,10.617016792297363
0,neg_hard,2016-08-06,25.18853779090531,93.3331292097003,25.25,93.25,17,23,4.737060546875,5.543148517608643,9.994394302368164,75.115234375,201.8331298828125,35.11880111694336,8.0,1.847716212272644,46.00743865966797,60.0,2016,8,-0.5856957398073508,-0.8105309990194823,25_93,1031.337646484375,35.00996462992062,0.7009421872025614,0.7132180944141066,0.006227223580865562,23.956768388622653,41.86155030460149,994.3716430664062
1,pos,2010-10-08,25.2745,94.0212,25.25,94.0,17,26,56.53958511352539,90.10661315917969,95.95358276367188,160.28424072265625,278.0883483886719,90.10661315917969,9.0,30.035537719726562,126.11481475830078,0.0,2010,10,-0.9926289059345095,0.121193461470736,25_94,1067.34375,6.88565980290178,0.5407708420365209,-0.8411699569071116,0.0009633601111324499,12.270797068936021,32.08190868605988,422.30029296875
1,pos,2013-09-01,24.9829,93.5063,25.0,93.5,16,24,0.13817685842514038,0.7132545113563538,43.204254150390625,78.10240173339844,312.84820556640625,42.49100112915039,6.0,0.23775149881839752,67.19366455078125,18.0,2013,9,-0.8702939222685674,-0.49253272872205434,24_93,1314.5050048828125,23.270830563545587,-0.0050519754548879635,0.999987238690576,0.005566743531517008,17.191683025298545,44.10715715746548,769.906982421875
0,neg_wet,2012-09-15,25.14961208322096,91.39321411281392,25.25,91.5,17,16,58.82560729980469,65.43562316894531,113.05726623535156,141.13543701171875,283.614990234375,65.43562316894531,8.0,21.811874389648438,120.2469253540039,0.0,2012,9,-0.9671667297977312,-0.2541427094613622,25_91,12.341963768005371,0.6096827310833699,0.9423206958012464,0.3347113775548341,0.0002775559826028273,1.020195003709956,5.90639501845911,18.84674072265625
0,neg_wet,2011-07-29,25.798150625640552,89.77235104772461,25.75,89.75,19,9,61.842369079589844,111.69730377197266,115.66127014160156,328.1171569824219,696.8428344726562,125.26878356933594,11.0,37.2324333190918,221.7405548095703,0.0,2011,7,-0.45370308603134424,-0.8911529104063088,25_89,24.200878143310547,0.5332820445773452,0.17952561683142884,-0.9837532988007182,-0.0003409223417421773,0.49058802562187914,2.2599045659124894,6.840784072875977
0,neg_general,2013-07-26,26.768642736051245,94.27485096154452,26.75,94.25,23,27,34.68656921386719,75.78218841552734,125.8045654296875,210.68589782714844,386.36358642578125,75.78218841552734,11.0,25.26072883605957,159.4523162841797,31.0,2013,7,-0.4071294853542516,-0.9133704517637858,26_94,95.48898315429688,1.0484659257317441,-0.916851964443015,-0.3992273478821115,-3.232828247237059e-05,0.9387531594493949,4.151916431936958,19.15544891357422
0,neg_wet,2014-09-08,23.800937493184392,93.11821038737138,23.75,93.0,11,22,36.9290657043457,98.78373718261719,174.31858825683594,245.31886291503906,345.8604431152344,98.78373718261719,12.0,32.927913665771484,171.6244354248047,60.0,2014,9,-0.9231578729647039,-0.38442104726885545,23_93,1373.4971923828125,6.1183477913805016,0.9983390386116232,-0.05761218607221825,-0.0007508563579238623,15.72715229060687,53.93399666554129,980.7559204101562
0,neg_general,2010-06-14,25.236276219582873,91.60339097894835,25.25,91.5,17,16,169.11941528320312,177.91229248046875,846.373046875,1515.23046875,2081.264404296875,815.3955688476562,15.0,59.30409622192383,884.809326171875,0.0,2010,6,0.2985688173637202,-0.9543881083175908,25_91,337.66766357421875,26.926356838304983,-0.35584584343980546,-0.9345446675823545,-0.0019389958286818464,24.055220737015727,47.082559259956824,793.1343002319336
1,pos,2010-08-19,25.61560252,94.11603493,25.5,94.0,18,26,15.093090057373047,26.054954528808594,78.83641052246094,88.71177673339844,341.39239501953125,41.48016357421875,7.0,8.684985160827637,90.94171142578125,60.0,2010,8,-0.7393922635959241,-0.673274892250183,25_94,1633.5904541015625,22.06349639803579,0.9778715013944501,-0.209206421413311,-0.002858041605940503,18.721895853494043,42.27774914332927,932.6795654296875
0,neg_general,2015-08-23,26.31570069317191,92.91154677072518,26.25,93.0,21,22,9.961931228637695,13.004680633544922,22.835281372070312,91.22590637207031,137.90748596191406,48.97026443481445,10.0,4.334893703460693,50.0061149597168,38.0,2015,8,-0.7839338166829201,-0.620844401650647,26_92,277.1005859375,6.987783916198535,-0.22081406808103674,0.9753159218107245,-0.0018541866687812533,8.586659870789566,37.31931168989226,403.62693786621094
0,neg_wet,2009-04-22,25.37285552288342,92.26554063625447,25.25,92.25,17,19,52.064579010009766,75.40100860595703,126.16046142578125,158.31808471679688,293.3481140136719,75.40100860595703,7.0,25.133668899536133,131.29953002929688,0.0,2009,4,0.9373419384643772,-0.3484108069446808,25_92,1272.136962890625,3.344346276168331,-0.8842362012713024,-0.46703997726243596,0.002454856990267329,4.2674458547322,14.642710741755222,98.9150390625
0,neg_wet,2008-10-28,25.61945648029233,91.36102883763334,25.5,91.25,18,15,81.97130584716797,214.58370971679688,214.58370971679688,216.09078979492188,281.077392578125,214.58370971679688,3.0,71.52790069580078,210.63916015625,0.0,2008,10,-0.8857249183835637,0.4642104791518923,25_91,1451.378662109375,2.626600922855339,-0.9257367588279739,-0.37816855151463563,-0.004272080236662089,9.790969399811615,27.475661326760555,318.9951171875
0,neg_general,2014-08-24,26.04394812755437,89.42726472872005,26.0,89.5,20,8,0.0,0.0,0.0,0.0,0.0,0.0,0.0,0.0,0.0,60.0,2014,8,-0.7944973291665992,-0.6072676460566135,26_89,33.25517272949219,0.23692731263149108,-0.4127124801777325,-0.9108613553694902,3.700805974386942e-05,0.4210312757771133,2.8872757897302384,10.55929946899414
0,neg_wet,2009-07-27,25.236061837236345,91.61932423246621,25.25,91.5,17,16,17.361236572265625,41.00649642944336,97.45416259765625,189.03970336914062,1819.1318359375,70.69711303710938,12.0,13.668831825256348,236.66664123535156,22.0,2009,7,-0.4227806579826773,-0.9062320427107697,25_91,99.51765441894531,25.44451817738611,0.9828631774644109,0.18433657907361206,0.01071918223832598,20.576354978586597,44.99617203290472,607.1918334960938
0,neg_hard,2013-07-13,27.385214475877525,88.62722681345583,27.5,88.75,26,5,8.027023315429688,51.20294189453125,244.18368530273438,402.85919189453125,605.8191528320312,159.78843688964844,14.0,17.06764793395996,259.84259033203125,3.0,2013,7,-0.19443122004766195,-0.9809161537413774,27_88,1420.368896484375,29.945867771029953,-0.17458058487627945,0.9846428892670968,0.003769286212004568,26.920400647546124,44.243480279056,1068.5067138671875
0,neg_general,2015-05-21,25.605470407821503,90.37341442309562,25.5,90.25,18,11,15.876062393188477,30.757986068725586,92.19126892089844,163.73472595214844,323.5174865722656,86.96304321289062,10.0,10.25266170501709,111.50049591064453,60.0,2015,5,0.6564105761979381,-0.7544038410927472,25_90,709.1248168945312,3.72026882617097,0.17603154474392063,0.9843845261152113,-3.532311727559535e-05,6.5784942966636475,17.26383435587379,183.275146484375
0,neg_wet,2007-06-12,26.94421290876868,92.05809673312606,27.0,92.0,24,18,23.35016632080078,50.197792053222656,103.02177429199219,175.17645263671875,325.0534362792969,53.332275390625,13.0,16.73259735107422,123.53323364257812,52.0,2007,6,0.3312212278016865,-0.9435531242349544,26_92,740.58203125,28.84043122303992,0.9828832088062953,-0.18422974202511544,-0.0028402700024452807,26.290174603235354,48.22774455624119,1107.8203735351562
1,pos,2015-06-24,26.0319,94.5466,26.0,94.5,20,28,1.3039958477020264,78.49687957763672,88.56377410888672,164.14173889160156,303.17626953125,84.54740905761719,8.0,26.165626525878906,112.84771728515625,2.0,2015,6,0.13079267585675922,-0.9914097417023038,26_94,1536.908935546875,38.357319403619734,-0.3538595420882711,-0.9352985750406546,0.0013415857533172313,22.38451827774437,38.93161767319831,831.309326171875
0,neg_hard,2014-08-06,26.889297698387626,87.93860860064258,27.0,88.0,24,2,4.16178560256958,68.96613311767578,92.67459106445312,237.2749481201172,512.2426147460938,93.88133239746094,11.0,22.988710403442383,165.94485473632812,13.0,2014,8,-0.5716666713027052,-0.8204859638785327,26_87,534.6083374023438,26.149231439044755,0.17109560545921554,-0.9852544309936111,0.0007515052052807457,20.471025328471878,41.78703432299367,583.394775390625
0,neg_wet,2008-07-18,29.200187752787503,94.755455507896,29.25,94.75,33,29,19.100000381469727,43.0,151.3000030517578,410.79998779296875,735.5,243.10000610351562,12.0,14.333333015441895,225.11419677734375,6.0,2008,7,-0.2944616217868012,-0.9556633054034704,29_94,4017.064453125,24.267703923308606,0.691982033543479,-0.7219147215932304,0.0028391650862850722,30.541379540850354,66.33814400995688,1604.52197265625
0,neg_general,2011-08-29,28.866084501300023,93.8632706985743,28.75,93.75,31,25,0.0,0.0,55.20000076293945,477.0,677.3999633789062,327.79998779296875,9.0,0.0,192.2817840576172,13.0,2011,8,-0.8437282590292712,-0.5367705514607103,28_93,4053.614013671875,14.563511027872563,0.7486715972023356,0.6629410528414301,-0.002761248492023379,26.84256504705193,47.45437803391113,1152.215576171875
0,neg_hard,2007-05-29,27.643129644774863,93.82701315007769,27.75,93.75,27,25,19.295028686523438,36.75574493408203,225.67881774902344,374.02874755859375,395.387451171875,173.1641082763672,11.0,12.251914978027344,213.1828155517578,4.0,2007,5,0.5467112728685939,-0.8373211953118121,27_93,1688.0152587890625,24.307334186325757,0.648931206375316,0.7608470867344351,0.004260898246864741,18.58399093056038,34.760193065064556,692.4127197265625
0,neg_hard,2012-07-24,24.718789431208656,92.89598889384393,24.75,93.0,15,22,8.99948787689209,34.58771896362305,82.30406188964844,166.56625366210938,432.5076599121094,59.71843719482422,14.0,11.529239654541016,126.69248962402344,27.0,2012,7,-0.3913578365610259,-0.9202385798054075,24_92,24.493392944335938,2.6671388135327425,0.610017858958103,-0.7923876650681608,0.0008108784933591571,1.0954354144810499,6.174575677730269,26.86742401123047
0,neg_general,2015-07-04,25.43032356935088,94.62366737165672,25.5,94.5,18,28,1.1682254076004028,4.624778747558594,15.867839813232422,79.6288070678711,182.58663940429688,43.14837646484375,7.0,1.5415929555892944,50.22627258300781,60.0,2015,7,-0.04084439154329611,-0.9991655196610109,25_94,1604.3399658203125,28.363976780095125,-0.6784684817113091,0.7346295116072802,0.010688174941976374,23.439963664896762,38.943235405919225,1024.4979248046875
0,neg_wet,2016-09-06,25.804076592085995,90.3896139095701,25.75,90.5,19,12,2.1193392276763916,45.05218505859375,125.56463623046875,128.2347869873047,205.0282440185547,79.79108428955078,6.0,15.01739501953125,106.07537078857422,42.0,2016,9,-0.9164086366943458,-0.4002439388573056,25_90,243.65309143066406,10.763720965236194,-0.2691234884053619,-0.9631056785153584,0.008254725938467732,9.561551972964923,24.938434176572912,269.77245330810547
0,neg_hard,2009-09-16,25.339267961531156,93.9608385460751,25.25,94.0,17,26,13.215353012084961,23.784568786621094,60.742759704589844,79.22553253173828,241.4763641357422,37.54652404785156,8.0,7.928189754486084,69.8477554321289,24.0,2009,9,-0.9671667297977312,-0.2541427094613622,25_93,1777.0380859375,27.94054622566754,-0.8445936142093723,-0.5354079069613653,-0.0018286833349734038,22.01664102033135,41.47785992973552,818.6495361328125
0,neg_hard,2011-09-23,27.049467585517558,93.69307476549616,27.0,93.75,24,25,14.57175350189209,18.351003646850586,25.205352783203125,61.733726501464844,135.10552978515625,38.14937210083008,5.0,6.117001056671143,48.545509338378906,60.0,2011,9,-0.9906923101615609,-0.13612033862266704,27_93,275.3489685058594,20.701682708237204,-0.9996836079898117,0.025153208870290506,0.006429499793081933,17.541618179870504,46.54736369475309,315.9250030517578
1,pos,2010-08-26,27.2319,88.497,27.25,88.5,25,4,64.7635498046875,110.41514587402344,215.73727416992188,420.5522155761719,664.56787109375,136.83688354492188,15.0,36.805049896240234,286.7581481933594,0.0,2010,8,-0.8149159841660791,-0.5795791048257612,27_88,361.6883850097656,7.904477015490236,-0.03705658506219836,-0.9993131688832726,0.002169933642527538,27.214424365408686,49.17027781278062,1056.5048828125
0,neg_general,2007-10-04,27.572457925776607,94.92432360948919,27.5,95.0,26,30,10.772168159484863,39.49341583251953,57.95607376098633,59.57796096801758,277.0345153808594,41.59526062011719,4.0,13.164471626281738,71.63411712646484,29.0,2007,10,-0.9986126020839734,0.052658056924614005,27_94,103.5,0.136304811066953,-0.9584674590112447,-0.28520191096226527,-7.394366111463033e-05,0.02891452695771539,0.9891893961637691,3.4035110473632812
0,neg_general,2010-08-09,24.619659894334127,93.35007789878303,24.5,93.25,14,23,0.8966348767280579,0.8966348767280579,15.256000518798828,155.85855102539062,339.7665710449219,73.47080993652344,10.0,0.2988782823085785,81.26966857910156,25.0,2010,8,-0.6132298262997502,-0.7899045386224707,24_93,758.4779052734375,33.86052143418091,0.9853303362179067,-0.17065792840857724,0.000677211535380307,22.976695629432037,46.36609806534198,816.3317260742188
0,neg_general,2012-04-20,22.96846165016386,88.78777652882296,23.0,88.75,8,5,0.0,0.0,0.0,5.838292598724365,11.602518081665039,6.962423324584961,0.0,0.0,3.215942859649658,60.0,2012,4,0.9431964659565866,-0.33223549871590435,22_88,11.014379501342773,0.7332571898349088,-0.6694402076928649,-0.7428659423638521,-6.0907249918551e-05,1.0628296879724541,3.5558414607965876,16.178158283233643
0,neg_hard,2014-06-04,27.50547048266597,88.61880136156094,27.5,88.5,26,4,3.162642002105713,5.128328323364258,52.443626403808594,204.6320037841797,420.7874755859375,87.18375396728516,10.0,1.7094427347183228,102.44172668457031,60.0,2014,6,0.4575313760742512,-0.8891934772070711,27_88,2427.350830078125,29.459099940518378,0.34332756608597365,0.9392157272775417,0.0003327323614397001,27.29479278821351,46.95675477966359,1399.649169921875
0,neg_wet,2009-08-14,23.337250243206462,92.76567739125286,23.25,92.75,9,21,33.26605224609375,35.927818298339844,106.90091705322266,240.4850311279297,392.44635009765625,99.27882385253906,11.0,11.975939750671387,151.3135223388672,60.0,2009,8,-0.6788204829862355,-0.734304263829602,23_92,377.57025146484375,3.851856998768586,-0.7441657813645391,-0.6679949774108372,0.00036973329002672596,21.423312853028115,41.26901664453484,599.905517578125
0,neg_hard,2016-07-09,24.56502666082773,94.00155267541835,24.5,94.0,14,26,1.8552818298339844,17.23080825805664,57.233211517333984,165.44998168945312,220.5809326171875,60.22986602783203,8.0,5.743602752685547,84.55110931396484,48.0,2016,7,-0.1435724234118113,-0.9896398128792412,24_94,772.90380859375,0.6469411131529372,-0.3934230891740266,0.9193575326850626,0.00015780775598608774,0.365898539471707,1.8515870439288926,9.0421142578125
0,neg_general,2015-09-23,28.992441885528503,95.47987558595456,29.0,95.5,32,32,26.0090389251709,83.93016052246094,117.47274017333984,190.1083526611328,704.0580444335938,83.93016052246094,13.0,27.976720809936523,181.46859741210938,23.0,2015,9,-0.9906923101615609,-0.13612033862266704,28_95,2480.159912109375,18.66374410044025,-0.5322659394873988,-0.8465772083286892,0.007254746417579868,23.096484440754214,39.681269195020135,673.140625
0,neg_general,2008-07-23,23.427702872834292,92.87329837453962,23.5,92.75,10,21,0.9778597354888916,6.001916885375977,35.00740051269531,106.46331024169922,327.91839599609375,41.630287170410156,12.0,2.000638961791992,75.28077697753906,60.0,2008,7,-0.3754703786876202,-0.9268343944460494,23_92,731.8306884765625,20.179921686346567,0.6689174386680841,0.7433367071830437,0.002670131518448155,16.60326621703368,40.53000347727834,341.59661865234375
0,neg_general,2010-10-13,25.96759363428963,91.69404363199054,26.0,91.75,20,17,0.0,0.3328608274459839,74.14143371582031,110.02264404296875,206.4414520263672,72.64183044433594,6.0,0.11095360666513443,72.62825775146484,54.0,2010,10,-0.9785481345802031,0.20601832032517084,25_91,269.2249450683594,0.9343597903030972,0.8728276604435903,-0.4880285597837165,0.001029816369036077,11.017771257803886,32.78657901360783,289.37925720214844
1,pos,2013-02-18,28.1193,95.1645,28.0,95.25,28,31,11.540975570678711,13.81069564819336,13.81069564819336,13.81069564819336,20.186996459960938,13.81069564819336,1.0,4.603565216064453,13.94984245300293,60.0,2013,2,0.746588114532413,0.6652865452111116,28_95,763.1484375,31.128100107076957,-0.5408338286389042,-0.8411294607845955,0.005704537170482208,26.53070909200915,44.141618732624494,1079.6348266601562
0,neg_wet,2016-04-18,25.88059694866973,94.8863564770369,26.0,95.0,20,30,6.260973930358887,61.58282470703125,90.70675659179688,171.7499237060547,254.11981201171875,72.16915130615234,9.0,20.52760887145996,113.97957611083984,42.0,2016,4,0.9540665500578387,-0.2995947563972602,25_94,884.1376953125,29.759083147893936,0.05414584739092589,-0.998533037615841,0.004457856263326035,22.126666143911162,37.094887612319674,606.9237060546875
0,neg_wet,2014-09-19,27.768875487832407,95.5655294751852,27.75,95.5,27,32,29.422853469848633,29.422853469848633,33.50467300415039,125.90692138671875,370.8662414550781,81.9977798461914,6.0,9.807618141174316,90.35357666015625,11.0,2014,9,-0.9789888737409319,-0.20391367068311472,27_95,121.0,0.13653011730965384,-0.9586073802688592,-0.2847312601279929,7.420997798046211e-05,0.28270595767788814,2.1866376971360655,8.324554443359375
0,neg_general,2008-08-09,27.20948106207812,94.95030807345388,27.25,95.0,25,30,0.9420587420463562,3.152360677719116,62.26610565185547,97.53711700439453,313.9867248535156,33.45985412597656,7.0,1.0507868528366089,77.69432830810547,26.0,2008,8,-0.6267266965083301,-0.7792391467859886,27_94,101.59242248535156,0.1570216723644652,0.4560494713256938,-0.8899544256328833,5.338797512724252e-05,0.8752993802555128,4.598481412808986,18.527099609375
0,neg_hard,2015-11-24,24.183898133281318,94.27149756255213,24.25,94.25,13,27,0.0,0.0,0.0,0.0,11.800000190734863,0.0,0.0,0.0,2.170104503631592,60.0,2015,11,-0.5978291414589552,0.801623551065242,24_94,222.03704833984375,9.32486712532595,0.9830639695766747,0.18326273958486652,-0.0028335908558169303,4.8992487440735,18.8268195313149,188.78260803222656
1,pos,2016-07-21,26.9015,88.4719,27.0,88.5,24,4,40.95869064331055,216.7150421142578,365.18524169921875,517.8965454101562,906.82568359375,216.7150421142578,15.0,72.23834991455078,393.83740234375,1.0,2016,7,-0.34336687399638804,-0.939201357453208,26_88,231.2508087158203,32.236022137981784,0.8893041894575525,-0.45731614733491044,-0.0008953322465088567,24.97308202724885,50.75827481111845,670.4903564453125
0,neg_general,2012-03-11,26.506393132905806,92.42071281362159,26.5,92.5,22,20,0.0,0.0,0.0,1.5857435464859009,1.5857435464859009,1.5857435464859009,0.0,0.0,0.8001272678375244,60.0,2012,3,0.9395699859530622,0.342356891994542,26_92,55.0,0.0,0.0,1.0,0.0,0.27650834252755424,1.9698077164122427,6.746955871582031
1,pos,2015-09-01,26.1868,91.6739,26.25,91.75,21,17,12.457226753234863,48.870147705078125,64.94680786132812,210.90164184570312,332.5516357421875,93.2391586303711,11.0,16.290048599243164,119.89175415039062,9.0,2015,9,-0.8702939222685674,-0.49253272872205434,26_91,50.399925231933594,1.1646246314284363,-0.5840759464216925,0.811699013681552,0.0003007678287891694,2.2202668277634583,27.07136194148213,132.7113800048828
0,neg_general,2016-07-07,27.096579183470944,91.82726413597223,27.0,91.75,24,17,3.794792652130127,8.370628356933594,72.42687225341797,105.26213836669922,230.36976623535156,58.892173767089844,9.0,2.7902095317840576,74.00708770751953,38.0,2016,7,-0.10944576864891556,-0.993992768446958,27_91,2555.352783203125,15.880321090780752,-0.6045003958411286,0.7966048401986513,0.009017691124813015,27.801624665986456,46.48789955694804,1343.93896484375
0,neg_general,2012-08-24,24.53262787248985,88.5092325667091,24.5,88.5,14,4,0.2320871502161026,89.04496002197266,89.89595031738281,120.09687805175781,148.41354370117188,89.12232208251953,6.0,29.68165397644043,95.38874816894531,60.0,2012,8,-0.8048257371083452,-0.593511190196115,24_88,17.247493743896484,0.5382442717218922,-0.1418919316240209,0.989882154470927,0.0011154219475243456,0.7681565770737859,2.459750856771822,19.12644672393799
0,neg_general,2014-08-13,25.899226815827493,90.0428097631058,26.0,90.0,20,10,5.207530975341797,18.76755142211914,27.248798370361328,62.92517852783203,159.16542053222656,18.76755142211914,10.0,6.255850315093994,46.85256576538086,52.0,2014,8,-0.666088855860977,-0.7458723993404063,25_90,29.658546447753906,0.6311666351745192,0.08144303269557092,-0.9966779983652434,-0.0006876982494004609,0.7913136082923499,7.004220387408442,44.244834899902344
0,neg_wet,2013-07-18,27.800707843221126,96.80222198415912,27.75,96.75,27,37,7.242116928100586,79.68257141113281,120.81184387207031,352.11871337890625,618.3569946289062,115.24870300292969,13.0,26.56085777282715,204.31825256347656,1.0,2013,7,-0.2779791393987801,-0.9605871111248129,27_96,2053.38525390625,48.199404481142615,-0.01923921054008603,0.999814909259606,-0.005464529339889768,35.309583759628694,58.87073451887672,1527.985595703125
1,pos,2015-07-31,24.819,94.3551,24.75,94.25,15,27,33.39507293701172,42.39028549194336,60.12725067138672,224.677734375,327.2679443359375,97.55223846435547,13.0,14.130095481872559,121.46080780029297,13.0,2015,7,-0.48408852163897587,-0.8750190302029955,24_94,1615.25146484375,27.780740198322363,-0.9186692047064476,-0.395027710830548,-0.0026777977924321464,24.21292701107761,38.375834491814416,804.783203125
0,neg_hard,2015-07-16,24.667766289919015,93.5262358686936,24.75,93.5,15,24,19.998193740844727,19.998193740844727,34.81114959716797,102.20661163330078,259.99737548828125,38.69652557373047,5.0,6.666064739227295,74.23689270019531,19.0,2015,7,-0.24477230089725957,-0.9695805901076308,24_93,692.486083984375,14.073415702502217,-0.4399436878205201,-0.8980253624185014,0.004217646838345106,14.81866113188306,39.58265898935211,585.3026733398438
0,neg_wet,2012-06-07,27.667545859187403,93.5458243165144,27.75,93.5,27,24,8.51903247833252,73.7491683959961,125.12885284423828,255.87319946289062,479.41748046875,141.5430450439453,10.0,24.58305549621582,173.14404296875,10.0,2012,6,0.3953117887649151,-0.9185469991587165,27_93,2225.97021484375,19.423060862167436,0.6687471975603942,-0.7434898693022784,-0.011065145797260052,22.375023121263123,41.146507070577485,847.6920166015625
0,neg_wet,2014-06-15,24.289837584040864,93.07481279911279,24.25,93.0,13,22,4.662525177001953,30.64581298828125,68.07905578613281,86.67341613769531,157.89691162109375,46.10567855834961,7.0,10.21527099609375,72.59234619140625,60.0,2014,6,0.2821076626819194,-0.9593827529490743,24_93,169.70327758789062,8.456390436952638,-0.9097279701498302,0.41520479323710807,0.005363511282550682,20.76454387289183,42.09958373839344,467.6565856933594
0,neg_hard,2016-10-08,23.97875472437293,91.83855658776459,24.0,91.75,12,17,5.1196064949035645,23.229957580566406,58.68190002441406,94.59186553955078,312.1556091308594,45.10712432861328,7.0,7.743319034576416,81.90279388427734,24.0,2016,10,-0.9903973200352558,0.1382503109109819,23_91,56.298885345458984,1.3680722930751712,0.03254988057288874,0.9994701122468299,0.0009144433085693498,2.0566910770983142,9.801835955536026,42.990760803222656
0,neg_general,2013-08-28,25.60101061612253,89.92190439655147,25.5,90.0,18,10,9.980338096618652,62.024356842041016,66.69731140136719,131.57461547851562,247.4568328857422,62.024356842041016,7.0,20.674785614013672,102.1250228881836,1.0,2013,8,-0.8343701235229538,-0.5512045872199277,25_89,23.129302978515625,1.3189729325733026,-0.937313224354314,-0.3484880477871794,0.0008097499857512717,0.6097349138061864,7.164567735070106,31.644821166992188
0,neg_wet,2007-07-02,23.23043380025145,92.9519422777629,23.25,93.0,9,22,0.853359043598175,49.42424774169922,103.9110107421875,249.589599609375,478.1709899902344,105.19281005859375,8.0,16.474748611450195,162.9488525390625,9.0,2007,7,-0.00645086419810515,-0.9999791929590823,23_92,718.1934814453125,26.497704827731674,0.43405426901420835,-0.9008867251494725,-0.0059176816276533175,20.19868748710596,37.621093158814226,843.9066162109375
0,neg_wet,2011-06-30,28.322702449932113,94.55587050135331,28.25,94.5,29,28,13.879569053649902,37.387882232666016,57.73509216308594,178.0523223876953,348.2751770019531,103.9683837890625,11.0,12.462627410888672,117.62101745605469,7.0,2011,6,0.02795029824021032,-0.999609314096404,28_94,1709.4522705078125,24.240379261873187,-0.9763945920653435,-0.21599444572847573,-0.01062332124939729,25.557187587372603,45.04542063936423,977.2069091796875
0,neg_wet,2010-07-14,26.164171267653522,90.65826325273275,26.25,90.75,21,13,0.0,34.179649353027344,179.3082275390625,237.99761962890625,725.9068603515625,149.74038696289062,11.0,11.393216133117676,210.60594177246094,6.0,2010,7,-0.2112757555821793,-0.9774264960104055,26_90,38.39682388305664,0.27052298460788404,-0.07901631116229138,0.9968733232313441,-0.0002909450375557128,0.6024954498099384,2.489696872814224,12.826887130737305
1,pos,2010-06-16,26.8073,88.3162,26.75,88.25,23,3,16.25250816345215,73.87139129638672,111.4638900756836,185.17160034179688,551.0792236328125,73.87139129638672,12.0,24.623796463012695,147.3177490234375,18.0,2010,6,0.26556302780405594,-0.9640935007889755,26_88,224.51614379882812,2.064523971904765,-0.7416265905903101,-0.6708129397450473,0.0007213575895150218,4.111785961440324,22.79064986306363,230.123779296875
0,neg_general,2010-05-24,23.948275813302423,87.89118793767503,24.0,88.0,12,2,0.0,121.21414184570312,135.76922607421875,152.61654663085938,158.6042938232422,134.1927490234375,4.0,40.40471267700195,119.7567367553711,2.0,2010,5,0.6166212130956382,-0.7872599821916922,23_87,30.738130569458008,0.9554530056851425,-0.5253882995851165,0.8508625827118383,-0.0002109301705950412,0.3777200318896836,1.6824876949332652,9.17022705078125
0,neg_wet,2007-08-02,26.963420944129304,94.79025415864999,27.0,94.75,24,29,7.009936809539795,34.74474334716797,100.4101333618164,301.6612854003906,515.4258422851562,94.16461181640625,15.0,11.581581115722656,176.4987030029297,7.0,2007,8,-0.5139010013093103,-0.8578494977869301,26_94,100.94356536865234,2.934142065841635,0.516807165232043,-0.8561018362115689,0.001956597604977738,1.1387033610523505,5.445084789870164,22.85430145263672
0,neg_general,2012-08-04,25.50874653504232,92.10458309204982,25.5,92.0,18,18,5.003125190734863,11.224472045898438,24.349979400634766,62.3853645324707,143.49813842773438,21.475940704345703,8.0,3.741490602493286,43.08591842651367,60.0,2012,8,-0.5574684374327892,-0.8301981337405212,25_92,1101.18212890625,8.87286761827924,-0.9842293105994957,0.17689732659608373,-0.0022850451307507057,10.844952781808608,27.193771889629645,349.698974609375
1,pos,2012-06-20,26.149,91.7351,26.25,91.75,21,17,5.163311004638672,14.724420547485352,69.3480224609375,134.5341796875,239.8899383544922,54.372344970703125,12.0,4.908140182495117,88.7211685180664,60.0,2012,6,0.18175978759137534,-0.9833429613388902,26_91,51.66925048828125,0.13250566017946924,0.751283205542653,-0.6599799580817252,5.223429807550941e-05,7.078758601160843,34.66522659407033,228.42466354370117
0,neg_hard,2010-07-19,27.332316694861035,92.98273754915228,27.25,93.0,25,22,20.936193466186523,54.43614196777344,81.20191192626953,216.43995666503906,454.56512451171875,56.44562911987305,13.0,18.1453800201416,146.18226623535156,60.0,2010,7,-0.2944616217868012,-0.9556633054034704,27_92,905.4420776367188,21.698273699470526,-0.8769489159220132,-0.48058360236612924,-0.004663982314593014,19.890061632801817,42.15670744726351,839.5471496582031
1,pos,2011-07-15,27.125,93.7145,27.25,93.75,25,25,86.92866516113281,214.4877166748047,259.4825744628906,541.4019775390625,799.7290649414062,214.4877166748047,15.0,71.49590301513672,352.29669189453125,0.0,2011,7,-0.2280577712215198,-0.9736476020539838,27_93,132.451416015625,0.23669932883365644,0.17850111776319338,0.9839397090052269,-3.11550455468472e-06,4.050255350728779,27.328345446046786,142.11260986328125
0,neg_general,2012-07-22,27.00459436156913,94.65259526366634,27.0,94.75,24,29,2.770226001739502,9.150289535522461,86.52134704589844,181.6046142578125,374.2751159667969,74.55352783203125,13.0,3.0500965118408203,121.32550811767578,60.0,2012,7,-0.3594718130884232,-0.9331559438780432,27_94,94.07318878173828,0.516762803893087,0.8040499288064019,0.5945617814713791,9.598838108659939e-05,0.6518562912553149,4.185412547378863,15.499198913574219
0,neg_general,2014-08-15,24.079772041283203,94.02282048089765,24.0,94.0,12,26,16.600000381469727,17.38492202758789,23.664936065673828,79.6924819946289,115.55776977539062,41.30986022949219,6.0,5.794973850250244,41.22334671020508,60.0,2014,8,-0.6913512362094071,-0.722518835873311,24_94,1213.472412109375,30.384184075764836,-0.8758476936158139,-0.48258762684911355,-0.011158396830507225,24.638560823113735,42.146582103852495,851.22802734375
0,neg_hard,2013-09-01,23.861812981844718,93.08761348253459,23.75,93.0,11,22,2.8975019454956055,4.650594711303711,48.904754638671875,136.1449432373047,270.3323974609375,47.678470611572266,12.0,1.5501981973648071,78.50820922851562,60.0,2013,9,-0.8702939222685674,-0.49253272872205434,23_93,1087.8138427734375,10.243324793543113,0.8203731026604956,0.571828621556487,-0.0016333845839173657,24.149923595313208,48.48891279567727,955.3217163085938
0,neg_general,2011-06-14,27.72571961872843,93.17130733696261,27.75,93.25,27,23,15.137825012207031,16.720867156982422,75.60304260253906,258.42791748046875,384.0732421875,122.80548095703125,10.0,5.573622226715088,136.62301635742188,10.0,2011,6,0.2985688173637202,-0.9543881083175908,27_93,1957.866943359375,29.919608994900013,-0.10588546510965167,0.9943783325668921,0.002256393669509399,29.497507537880907,48.271823740528795,911.689697265625
0,neg_wet,2008-07-26,24.10991049183545,93.60839188593081,24.0,93.5,12,24,14.962596893310547,38.53046417236328,41.93675994873047,110.3927001953125,291.6271057128906,38.53046417236328,10.0,12.843487739562988,83.4921646118164,60.0,2008,7,-0.4227806579826773,-0.9062320427107697,24_93,1007.374267578125,14.873166767410993,0.1531669595264493,0.9882003250907293,0.005794584708346449,11.565911528356494,28.63720988650164,362.769775390625
0,neg_general,2007-07-13,28.431506060938496,95.83349801578643,28.5,95.75,30,33,0.0,0.0,0.0,0.0,0.0,0.0,0.0,0.0,0.0,60.0,2007,7,-0.19443122004766195,-0.9809161537413774,28_95,404.37567138671875,17.27192549011968,0.4959856645283504,-0.8683307092245273,0.010611210529349505,33.681089861691106,67.30105616657606,1366.5704956054688
0,neg_hard,2012-07-18,27.92455949425989,95.22781383731915,28.0,95.25,28,31,62.79949188232422,73.59953308105469,131.79925537109375,241.99874877929688,410.59906005859375,73.59953308105469,11.0,24.533178329467773,170.31666564941406,0.0,2012,7,-0.2944616217868012,-0.9556633054034704,27_95,268.58953857421875,2.917955323846866,0.9703669422054997,-0.24163608479436285,-0.0007966261994692489,5.327127580120383,21.355299289634033,172.96185302734375
0,neg_general,2010-11-19,26.649432545873026,92.2043785065303,26.75,92.25,23,19,0.0,0.0,0.0,0.0,0.33061689138412476,0.0,0.0,0.0,0.9472436308860779,60.0,2010,11,-0.6644834655228552,0.7473029667054296,26_92,78.50373840332031,0.06687920630520267,0.9972300749781382,-0.0743786095533977,-8.660755337895599e-05,0.5293239730362527,2.9223361686964013,14.022186279296875
0,neg_wet,2010-06-09,28.49987735541951,96.58158372443175,28.5,96.5,30,36,1.9585227966308594,149.92881774902344,421.693115234375,501.5037841796875,710.3375244140625,343.61669921875,10.0,49.97627258300781,365.9552917480469,2.0,2010,6,0.37945284372454435,-0.925211078289358,28_96,3743.8251953125,39.6941319507355,-0.6060286390115119,0.7954428255367287,-0.0018438152308090966,37.729331727679245,58.45817688665501,1942.60498046875
0,neg_general,2016-06-15,26.326366636754322,89.62404122193948,26.25,89.5,21,8,146.99620056152344,323.0210266113281,341.5032043457031,490.622802734375,770.0579833984375,323.0210266113281,9.0,107.67367553710938,402.5592041015625,0.0,2016,6,0.26556302780405594,-0.9640935007889755,26_89,37.35489273071289,0.21223078317752794,0.9615706024983043,-0.27455778337364256,0.0009134686769301904,0.6895135738485795,2.538371869994233,13.467403411865234
0,neg_hard,2015-08-12,23.3183693132542,92.84974784410866,23.25,92.75,9,21,1.2972623109817505,8.14784049987793,59.73747253417969,101.35244750976562,391.0660400390625,49.539215087890625,8.0,2.715946912765503,82.59302520751953,52.0,2015,8,-0.65316012232693,-0.7572198192083127,23_92,798.6103515625,21.983505612914417,-0.255046698984859,0.9669287364314532,0.0012178159697883997,20.344867434531196,39.23211054310511,649.8902587890625
0,neg_wet,2009-08-06,27.565998995382312,94.69793308501494,27.5,94.75,26,29,45.10574722290039,102.24903869628906,164.70632934570312,234.5908203125,382.162841796875,102.24903869628906,13.0,34.083011627197266,180.98219299316406,38.0,2009,8,-0.5716666713027052,-0.8204859638785327,27_94,108.57001495361328,1.52989331392891,0.08569277082508989,-0.9963216092348487,0.0019709923821273276,0.7755334630971359,4.061666904709894,16.473220825195312
0,neg_wet,2016-07-26,27.871321145530466,88.44019301342894,27.75,88.5,27,4,37.493011474609375,94.83689880371094,171.0492706298828,311.8656311035156,527.2540283203125,96.83163452148438,15.0,31.6122989654541,210.62811279296875,60.0,2016,7,-0.4227806579826773,-0.9062320427107697,27_88,4780.56396484375,21.01713400865072,-0.3119696489673409,-0.9500920682350706,0.0028060284776499,21.441664376528532,45.27605069812893,1008.48095703125
0,neg_hard,2007-07-30,27.43389127461754,88.41038280597921,27.5,88.5,26,4,3.1591217517852783,37.55678939819336,151.75,263.71380615234375,436.14166259765625,88.93978881835938,15.0,12.518929481506348,166.18081665039062,60.0,2007,7,-0.46896519100763184,-0.8832166493127127,27_88,3230.983642578125,39.45773890697127,-0.8148267014863191,-0.5797046200824392,-0.0019223403627776062,30.469186482390583,48.23195471703652,1480.220458984375
0,neg_wet,2007-07-24,25.937704714053517,94.91071272179336,26.0,95.0,20,30,8.621047019958496,38.76512145996094,58.430870056152344,159.61314392089844,331.494384765625,63.12834930419922,14.0,12.921707153320312,107.22554016113281,60.0,2007,7,-0.3754703786876202,-0.9268343944460494,25_94,958.4364624023438,38.22156272514154,0.4842296022342302,0.8749409650485449,-0.0021778900818828703,25.46335401166197,42.15987918425957,751.2611694335938
1,pos,2016-08-05,27.5754,91.9754,27.5,92.0,26,18,0.2490379959344864,8.316762924194336,15.243799209594727,95.5170669555664,239.77865600585938,33.166221618652344,11.0,2.772254228591919,63.14482498168945,60.0,2016,8,-0.5716666713027052,-0.8204859638785327,27_91,2423.933349609375,25.694573168460533,-0.12567907507662637,0.9920709501280056,-0.00044310072527521736,26.330261610516395,63.19152720464308,1297.938720703125
0,neg_hard,2015-07-05,26.86264929492836,95.05593824555707,26.75,95.0,23,30,11.200133323669434,47.21183776855469,74.34955596923828,166.00123596191406,411.79791259765625,70.4845199584961,11.0,15.737278938293457,111.04766845703125,25.0,2015,7,-0.05802556932878035,-0.9983150972033183,26_95,151.81842041015625,1.9472747753871087,-0.9999071969751483,-0.013623415038163129,0.0006204503511717947,5.235875440081069,29.863787003700676,263.37904357910156
0,neg_wet,2016-07-22,26.679288159901905,92.75356715756521,26.75,92.75,23,21,8.895171165466309,38.339298248291016,123.4470443725586,250.7371826171875,483.0378723144531,87.96049499511719,15.0,12.779766082763672,159.48855590820312,19.0,2016,7,-0.3594718130884232,-0.9331559438780432,26_92,67.29194641113281,0.12293109998549838,0.7170839083749769,0.6969868494811561,-0.0001399792485980555,1.0246764736139133,3.9256248847653716,17.664596557617188
0,neg_general,2012-05-26,25.328523655412624,88.4572685651821,25.25,88.5,17,4,0.0,1.3907179832458496,4.661125183105469,8.91716194152832,12.25259780883789,3.7369773387908936,0.0,0.4635726511478424,5.440230846405029,60.0,2012,5,0.5751899607119775,-0.8180198708443174,25_88,25.366994857788086,1.2261135794694402,-0.49349997751970265,0.8697458089511285,2.7937635499457515e-05,0.621039472271403,3.1534133753195066,13.411155700683594
0,neg_wet,2009-09-14,26.855188702612583,88.52516862828269,26.75,88.5,23,4,25.5878849029541,30.30218505859375,72.43243408203125,164.88824462890625,594.3565673828125,105.01294708251953,8.0,10.100728034973145,142.55287170410156,7.0,2009,9,-0.9578523554276669,-0.28726097055059635,26_88,131.56520080566406,0.4121652970102177,-0.767495543788456,-0.6410542802796517,2.674746001415962e-05,0.9774883292461751,8.319039244036878,42.48161315917969
0,neg_general,2011-07-28,27.4415273595073,93.12535378708232,27.5,93.25,26,23,2.3480660915374756,34.550167083740234,127.78116607666016,462.263916015625,750.3114624023438,175.4189453125,12.0,11.516722679138184,223.34580993652344,9.0,2011,7,-0.4383067230125192,-0.898825465016444,27_93,1286.66357421875,21.868922683739456,0.45857035335100926,0.8886581069385068,-0.0005195635156114359,23.471540610805604,45.14706776472419,1104.1114501953125
0,neg_wet,2015-09-22,23.168650116703137,88.52790278634858,23.25,88.5,9,4,0.0,38.029911041259766,58.49261474609375,63.94140625,146.7707061767578,50.089256286621094,6.0,12.676636695861816,59.69689178466797,52.0,2015,9,-0.9882042449941422,-0.15314166701312007,23_88,9.552507400512695,0.8449173152780263,-0.8189606426236896,-0.5738496892335077,-0.00011010216726143903,0.9050001224495737,3.6929613053437005,14.287940979003906
1,pos,2015-06-09,27.0987,93.816,27.0,93.75,24,25,28.156652450561523,76.9748306274414,137.22048950195312,263.01409912109375,469.2506103515625,76.9748306274414,13.0,25.65827751159668,180.30455017089844,60.0,2015,6,0.37945284372454435,-0.925211078289358,27_93,227.71990966796875,10.380806336655,0.6707391430190337,0.741693334217109,-0.0017236353142215319,7.09067432400439,21.204205671878718,197.5574951171875
0,neg_general,2007-09-10,25.4571492290854,91.19060765166773,25.5,91.25,18,15,50.42705535888672,561.6983032226562,1085.5093994140625,1224.0826416015625,1389.991455078125,766.0421752929688,14.0,187.23277282714844,926.3469848632812,0.0,2007,9,-0.9358348973349941,-0.35243871088460327,25_91,1189.0516357421875,2.9580424238759404,0.998695620943627,-0.05105934496273399,0.004838294293306493,12.379085529428666,52.06370745434967,544.3486328125
0,neg_general,2007-07-31,26.922095282078157,95.46817803899806,27.0,95.5,24,32,14.05587100982666,53.149200439453125,140.55271911621094,364.457275390625,623.4471435546875,111.98291778564453,14.0,17.716400146484375,220.83399963378906,9.0,2007,7,-0.48408852163897587,-0.8750190302029955,26_95,1166.116943359375,17.564410185648157,0.9992077952048689,0.039796758684907285,-0.0019427148818888995,23.14463669089508,51.08286739594178,1178.8344116210938
0,neg_hard,2009-07-19,24.737540094842213,92.91214073144862,24.75,93.0,15,22,0.24375037848949432,14.05142879486084,28.40523910522461,108.59284973144531,323.6209411621094,54.527618408203125,11.0,4.683809757232666,76.21017456054688,60.0,2009,7,-0.2944616217868012,-0.9556633054034704,24_92,21.910327911376953,0.655557380649026,0.956158606551407,-0.2928493112808556,0.00013521355655317846,0.946920988933436,5.280505606955931,19.328052520751953
0,neg_general,2008-08-25,28.293796012680854,95.87902402789842,28.25,96.0,29,34,5.691567897796631,8.735604286193848,25.05799102783203,141.41171264648438,250.22389221191406,59.91727066040039,12.0,2.911868095397949,74.33533477783203,60.0,2008,8,-0.8149159841660791,-0.5795791048257612,28_95,2531.533447265625,35.41343503906922,-0.3736881135863125,-0.9275544155273604,-0.009157598430243063,31.734480995391433,50.608112320773024,1231.27099609375
0,neg_wet,2008-07-27,25.789143151610205,90.91476555043702,25.75,91.0,19,14,17.351938247680664,42.9384765625,390.4610290527344,584.8167724609375,907.9899291992188,338.493408203125,12.0,14.312825202941895,361.9239501953125,4.0,2008,7,-0.4383067230125192,-0.898825465016444,25_90,342.6265563964844,18.673274446518004,0.3662877374242435,0.9305016353626835,-0.003449989095875291,11.991266331013872,34.311470585918165,448.89698791503906
0,neg_hard,2009-07-22,24.452319531736187,92.84649140099692,24.5,92.75,14,21,18.956504821777344,31.418880462646484,64.80778503417969,122.39359283447266,392.20037841796875,37.486167907714844,11.0,10.472960472106934,97.48484802246094,27.0,2009,7,-0.34336687399638804,-0.939201357453208,24_92,65.14335632324219,8.927918494297256,0.8381170165080264,-0.545490482629793,0.0020560028651599774,5.4379434650945235,22.981961081893704,121.73583984375
0,neg_hard,2009-08-06,25.24427026885815,92.99679743369445,25.25,93.0,17,22,50.04090118408203,67.45250701904297,94.53792572021484,163.2458953857422,252.35140991210938,67.45250701904297,13.0,22.484169006347656,119.96061706542969,0.0,2009,8,-0.5716666713027052,-0.8204859638785327,25_92,447.9364013671875,12.986447796534078,0.9993552667215982,-0.0359033546594622,-0.0011123906932956544,13.62903129453246,32.67045176535415,438.3505859375
0,neg_hard,2007-08-02,23.933946893318286,91.84423328885114,24.0,91.75,12,17,10.88189697265625,26.06851577758789,50.58027648925781,169.6730194091797,300.4601135253906,87.634033203125,14.0,8.689505577087402,97.773193359375,60.0,2007,8,-0.5139010013093103,-0.8578494977869301,23_91,67.94804382324219,0.36159125314336965,-0.28385319551801647,0.9588677507321908,0.0003832188820149532,2.073761484748569,8.64000357921056,44.631858825683594
1,pos,2011-06-17,26.84850975,88.26181745,26.75,88.25,23,3,46.84573745727539,54.67802429199219,83.70877075195312,159.54702758789062,420.3000183105469,72.36748504638672,11.0,18.22600746154785,132.73480224609375,60.0,2011,6,0.24893980855376657,-0.9685189578512204,26_88,979.8289794921875,28.561374112983763,0.7609041420384058,0.6488643052509496,0.007760289744282807,24.67284663576428,42.34159512210804,813.4488525390625
1,pos,2013-08-11,26.7103,94.693,26.75,94.75,23,29,26.742156982421875,48.26229476928711,145.28036499023438,190.14117431640625,461.7720031738281,101.53489685058594,8.0,16.087430953979492,156.56689453125,6.0,2013,8,-0.6400381082043503,-0.7683431655492202,26_94,688.3138427734375,12.418397241767572,-0.9992521439598178,-0.0386672056361408,0.00586708929585823,18.08075341413754,40.58602197382093,600.5366668701172
0,neg_hard,2009-07-06,27.949890641113853,96.52849504351244,28.0,96.5,28,36,3.417293071746826,7.641611099243164,65.55217742919922,146.95925903320312,295.13116455078125,51.84760665893555,10.0,2.547203779220581,88.3650131225586,60.0,2009,7,-0.07518957641475855,-0.9971692572470178,27_96,2084.41552734375,32.397882466888234,0.47230166283921154,-0.8814369740822742,-0.0006393442073951215,32.701150621027125,55.90525018591858,1277.8148193359375
1,pos,2015-08-11,24.7459,93.4251,24.75,93.5,15,24,0.0,67.60121154785156,84.5020523071289,224.98663330078125,417.2914733886719,126.08621978759766,9.0,22.533737182617188,133.78036499023438,2.0,2015,8,-0.6400381082043503,-0.7683431655492202,24_93,768.7366943359375,6.734832551520925,0.4828531714017105,0.8757013274326529,0.0011031599091821298,18.484629214799664,43.819733522330864,625.572021484375
0,neg_hard,2016-07-26,23.727102362150188,92.8559463349812,23.75,92.75,11,21,24.066650390625,34.30649185180664,56.43122482299805,100.9646987915039,466.8515625,46.99026107788086,12.0,11.435497283935547,106.7248306274414,22.0,2016,7,-0.4227806579826773,-0.9062320427107697,23_92,843.2333984375,9.362963199766565,0.19085881529771748,-0.9816174981239647,-0.008262571436662257,22.91847208748205,44.2916379600616,578.83447265625
0,neg_hard,2009-08-26,27.312962651306652,93.83557844274974,27.25,93.75,25,25,0.0,0.6222465634346008,234.10977172851562,574.6602172851562,849.709716796875,235.3561553955078,11.0,0.20741552114486694,289.40057373046875,3.0,2009,8,-0.8149159841660791,-0.5795791048257612,27_93,973.5488891601562,18.208955618684026,0.4775450677207131,0.8786072548617041,0.0013300518554205886,26.991348695742943,51.94755872618296,849.3760375976562
0,neg_general,2016-11-26,26.70937045410406,90.72705446869894,26.75,90.75,23,13,0.0,0.0,0.0,0.0,0.0,0.0,0.0,0.0,1.4477514028549194,44.0,2016,11,-0.5556819724760489,0.8313949395234058,26_90,179.44366455078125,1.679193725599259,-0.7138976742682799,-0.7002500343979576,0.00046537235061343713,1.291459094652251,4.595963468129263,52.1820068359375
0,neg_hard,2015-10-25,25.462730319490266,91.96769005926093,25.5,92.0,18,18,0.0,1.4243303537368774,3.4821853637695312,37.81169509887695,82.50269317626953,16.966285705566406,5.0,0.4747767746448517,30.218740463256836,31.0,2015,10,-0.9155458729775467,0.40221356823680365,25_91,1665.8670654296875,7.631657552628996,0.6912899851955782,-0.7225774397033837,0.000710696514688848,4.400979945723071,21.93880891922673,119.4635009765625
1,pos,2015-08-18,25.5145,90.2023,25.5,90.25,18,11,28.852964401245117,66.74810791015625,108.0294189453125,186.89939880371094,275.451416015625,66.74810791015625,11.0,22.24936866760254,123.49722290039062,60.0,2015,8,-0.7277014757264236,-0.6858939875998223,25_90,311.16912841796875,3.03750706018453,-0.18863703932079368,-0.9820468763741806,-0.005369669097332504,8.084413749386952,22.409975467707103,270.07374572753906
0,neg_general,2014-08-04,26.652382815018235,93.63196558793406,26.75,93.75,23,25,9.18073844909668,16.916141510009766,25.382783889770508,188.30731201171875,309.4352111816406,108.95245361328125,10.0,5.638713836669922,100.67908477783203,10.0,2014,8,-0.5431052396834317,-0.8396646346181327,26_93,75.83983612060547,1.2213890487757597,0.20333610103299615,0.9791089980266238,0.0004169040354702495,0.5626505897060364,2.726764047174069,12.651817321777344
0,neg_hard,2014-08-12,27.897542374407124,96.3557936977087,28.0,96.25,28,35,31.76759147644043,53.219085693359375,76.72462463378906,90.07666015625,211.771484375,53.219085693359375,6.0,17.739694595336914,86.90621185302734,60.0,2014,8,-0.65316012232693,-0.7572198192083127,27_96,581.177490234375,30.644935839024644,-0.88682819995787,-0.46209927911595367,0.002834575602979475,25.33673637369262,48.90239413422872,1184.2415771484375
0,neg_wet,2009-08-14,27.89230373489603,93.43303049273423,28.0,93.5,28,24,35.17232894897461,273.85150146484375,311.8250427246094,483.9380187988281,788.1795654296875,273.85150146484375,12.0,91.2838363647461,369.5328369140625,1.0,2009,8,-0.6788204829862355,-0.734304263829602,27_93,756.328125,18.89461660369634,0.6757888212504727,0.7370952917180361,-0.0021597547067977946,24.0988698705892,44.63684881544997,926.075927734375
0,neg_wet,2012-08-27,25.226687654047534,93.14018080564729,25.25,93.25,17,23,1.1750847101211548,89.29212951660156,141.15980529785156,243.394775390625,414.9840393066406,89.29212951660156,11.0,29.7640438079834,168.5315399169922,1.0,2012,8,-0.8343701235229538,-0.5512045872199277,25_93,489.6144104003906,12.6598032685379,-0.96147977201072,-0.2748756955684041,-0.0008632358028568409,14.522493203805638,35.303146528579994,392.94317626953125
0,neg_general,2014-06-17,25.598979705246418,94.57164825416658,25.5,94.5,18,28,36.3391227722168,134.38656616210938,170.62911987304688,176.41104125976562,216.23526000976562,134.38656616210938,6.0,44.7955207824707,147.1728057861328,2.0,2014,6,0.24893980855376657,-0.9685189578512204,25_94,843.1965942382812,25.129004682130965,-0.9953003580880957,-0.09683592922933355,-0.0010544294805702667,19.316017501343925,34.26428704648988,604.4267578125
0,neg_wet,2016-07-18,29.27230008924195,95.87303907342258,29.25,95.75,33,33,26.573986053466797,245.2397003173828,272.0133056640625,368.79840087890625,893.6547241210938,245.2397003173828,9.0,81.74656677246094,330.1680603027344,1.0,2016,7,-0.2944616217868012,-0.9556633054034704,29_95,3853.705810546875,39.38944594774605,0.13940880818998513,-0.9902349136437515,-0.0033742414788104345,30.592202752742455,53.03279053486032,1032.791259765625
0,neg_general,2009-09-25,26.54180892735358,93.1523049132874,26.5,93.25,22,23,17.74721908569336,20.013389587402344,39.003013610839844,80.68753051757812,152.4828338623047,31.861608505249023,8.0,6.6711297035217285,57.76853942871094,59.0,2009,9,-0.994788305609327,-0.10196189005174576,26_93,208.2432861328125,8.350526766549253,-0.4997905443970213,0.8661462992655046,0.0038268253461019885,13.669036562971922,33.36483373998686,474.459716796875
0,neg_general,2015-08-06,29.212456546081334,93.9965132813104,29.25,94.0,33,26,7.999453544616699,26.154949188232422,41.551334381103516,43.54538345336914,242.74395751953125,40.13951873779297,3.0,8.718316078186035,66.46157836914062,23.0,2015,8,-0.5716666713027052,-0.8204859638785327,29_93,3365.141357421875,33.88741010467735,0.14221989265568444,-0.989835088352098,-4.3131541155829055e-05,25.1137500303819,48.051977883261785,1355.2880859375
0,neg_hard,2011-10-25,27.988493312632002,93.08174425448286,28.0,93.0,28,22,0.0,0.0,0.39734596014022827,3.821237564086914,50.6984748840332,3.423891544342041,1.0,0.0,12.769424438476562,30.0,2011,10,-0.9155458729775467,0.40221356823680365,27_93,2594.510498046875,13.416958281007464,0.8671200367516616,-0.49809922893314834,8.799156594902794e-06,31.45480565230204,75.61729168881472,1643.07373046875
1,pos,2016-07-16,27.3034,93.804,27.25,93.75,25,25,115.34709930419922,187.79464721679688,308.7623291015625,481.4208984375,765.962890625,187.79464721679688,13.0,62.59821701049805,345.0187683105469,0.0,2016,7,-0.2614143985111562,-0.965226663665613,27_93,718.2056274414062,26.72837079111707,0.9716132463040941,-0.2365749344423871,-0.0009399163416109427,27.201532269653377,45.96367585380362,1004.7173461914062
0,neg_hard,2009-07-26,25.168509558028738,93.00272683866747,25.25,93.0,17,22,7.287829399108887,14.124204635620117,31.25662612915039,94.44845581054688,199.59979248046875,30.2862548828125,12.0,4.708068370819092,61.792457580566406,60.0,2009,7,-0.4071294853542516,-0.9133704517637858,25_93,675.4132080078125,11.885183404094095,0.5760812547303139,-0.8173924320351561,-0.0026274569576948256,14.838831925501744,37.83021934700566,373.4291687011719
1,pos,2014-10-05,25.9702,91.8587,26.0,91.75,20,17,0.0,0.0,1.932726502418518,231.30091857910156,366.9796142578125,208.79531860351562,6.0,0.0,82.49768829345703,12.0,2014,10,-0.9975590477788613,0.06982797572987089,25_91,282.1637878417969,11.393181480193041,0.5902524108309102,-0.807218738328279,0.0007937261892616889,13.092408154339429,30.963488893882598,383.3297882080078
0,neg_wet,2010-09-12,27.06348465629288,95.49855159607048,27.0,95.5,24,32,14.635025024414062,77.8388671875,167.5352325439453,262.75732421875,488.75128173828125,94.94832611083984,13.0,25.9462890625,193.5501708984375,60.0,2010,9,-0.9474042892438845,-0.32003923622313857,27_95,607.6593627929688,14.838081266449484,0.5029801544616388,0.8642979603225649,0.0021140159738341118,16.116300235096823,39.258036368121914,460.49761962890625
0,neg_wet,2007-06-25,27.5844067329438,94.91532691396439,27.5,95.0,26,30,17.161195755004883,41.186981201171875,118.60176849365234,344.60919189453125,449.0414733886719,167.7974090576172,11.0,13.72899341583252,179.29736328125,4.0,2007,6,0.11371951458594969,-0.9935128947338007,27_94,103.0,0.0,0.0,1.0,0.0,0.1862620749309829,2.6833156048313254,11.437332153320312
1,pos,2010-06-03,23.8986,91.7599,24.0,91.75,12,17,42.11566925048828,52.82123947143555,196.87387084960938,447.6064453125,600.0955810546875,145.50335693359375,14.0,17.607080459594727,246.32766723632812,5.0,2010,6,0.47275920928627757,-0.881191653407483,23_91,181.64187622070312,4.587384489969294,0.9960304870741673,0.08901274526042345,0.008115714879071156,12.390248569015265,32.02446384408252,318.0652084350586
0,neg_wet,2015-09-26,24.592632971486697,93.0575751414582,24.5,93.0,14,22,4.468165874481201,43.59308624267578,87.35135650634766,104.1080551147461,213.58937072753906,55.174522399902344,9.0,14.531028747558594,84.95855712890625,47.0,2015,9,-0.9963950238187231,-0.08483487790576538,24_93,36.641380310058594,7.1678955023320015,0.2138227324066978,-0.9768724784259887,0.009427085198460888,10.84140861295222,29.70207039076326,266.2875671386719
1,pos,2009-08-16,26.7914,88.363,26.75,88.25,23,3,27.206464767456055,90.717529296875,207.2133331298828,328.9631652832031,909.8110961914062,107.26785278320312,13.0,30.23917579650879,276.2687683105469,1.0,2009,8,-0.7036774074790128,-0.7105196029692745,26_88,161.93687438964844,2.4630065342666287,0.6158746815070637,-0.7878441322232291,2.5184118330862613e-05,3.3768268444800884,16.358267425466888,104.19801330566406
0,neg_wet,2007-08-18,27.95442578071168,91.8040747072424,28.0,91.75,28,17,0.0,49.91002655029297,118.15168762207031,122.31468963623047,583.497314453125,89.82359313964844,5.0,16.636674880981445,137.1715850830078,21.0,2007,8,-0.7277014757264236,-0.6858939875998223,27_91,3655.64111328125,30.058791726429476,0.9330573254932065,0.3597277127821325,-0.001645868324126918,31.298607557045315,61.39631641505127,1170.89013671875
0,neg_general,2015-09-08,27.755024678035113,91.41107425508481,27.75,91.5,27,16,14.201449394226074,19.303180694580078,50.49799728393555,300.28558349609375,549.3875732421875,170.41552734375,13.0,6.434393405914307,161.28672790527344,9.0,2015,9,-0.9231578729647039,-0.38442104726885545,27_91,2838.9736328125,21.5046956142437,0.6789862594010857,0.7341509787124999,-0.0027620146481742453,23.82864778427093,42.372620376043216,1048.60791015625
0,neg_hard,2011-07-16,24.56996372871787,92.60465540978392,24.5,92.5,14,20,84.69827270507812,123.42520141601562,185.83383178710938,371.38818359375,620.14453125,123.42520141601562,13.0,41.1417350769043,256.28070068359375,0.0,2011,7,-0.24477230089725957,-0.9695805901076308,24_92,27.600257873535156,1.0157190170353907,0.9411400966048119,0.33801674302123735,-0.0010150568062108943,0.9627087254247467,3.4837619208516095,16.487810134887695
1,pos,2010-07-06,25.8877,94.7861,26.0,94.75,20,29,18.506322860717773,32.042259216308594,83.34676361083984,162.25732421875,337.93695068359375,56.07601547241211,12.0,10.680752754211426,115.87030029296875,60.0,2010,7,-0.07518957641475855,-0.9971692572470178,25_94,1166.9500732421875,5.871376156694731,-0.9218718893686776,0.3874947994384244,-0.0030722062271934616,20.696231999977044,34.76599208418987,829.01513671875
0,neg_general,2014-09-07,25.198292536495764,94.31172832292839,25.25,94.25,17,27,1.0047448873519897,3.497241497039795,10.363189697265625,55.10515594482422,171.32354736328125,58.8974723815918,5.0,1.1657471656799316,43.05696105957031,60.0,2014,9,-0.9164086366943458,-0.4002439388573056,25_94,1305.0819091796875,13.170634780807147,0.9743851809613501,-0.22488556895211634,0.009032601955994035,20.475176313748683,40.32081185642674,600.3966064453125
0,neg_wet,2016-06-29,26.802635757322783,88.09700435862109,26.75,88.0,23,2,0.0,50.36402130126953,216.4733428955078,539.8812866210938,910.94189453125,295.51214599609375,10.0,16.788007736206055,334.4618835449219,5.0,2016,6,0.02795029824021032,-0.999609314096404,26_88,739.1874389648438,15.04385771339154,-0.9691085340893397,-0.24663464711027752,0.003939111524619941,22.320108462475137,42.478795363874,823.9346008300781
1,pos,2011-07-19,27.05374234,88.42572376,27.0,88.5,24,4,20.32279396057129,79.82079315185547,349.0469665527344,631.7376098632812,1291.42041015625,246.55947875976562,12.0,26.606931686401367,398.9182434082031,2.0,2011,7,-0.2944616217868012,-0.9556633054034704,27_88,241.2666473388672,27.01269949753572,0.9977379684302596,0.06722310876966468,0.0011229598288452236,23.152833086040577,52.48785944606235,670.4993896484375
1,pos,2015-08-11,25.1019,93.3729,25.0,93.25,16,23,0.0,66.15701293945312,88.14850616455078,199.7798309326172,411.9138488769531,99.17153930664062,9.0,22.052337646484375,130.44317626953125,10.0,2015,8,-0.6400381082043503,-0.7683431655492202,25_93,1131.4407958984375,6.277881410775723,-0.9373554864213322,-0.3483743562259251,-0.0018593470524850856,23.104625686194897,41.72077398685961,721.0333557128906
0,neg_hard,2013-07-29,27.33148864247836,88.38686975847355,27.25,88.5,25,4,13.40888500213623,85.67191314697266,122.41170501708984,250.6584930419922,626.4714965820312,85.67191314697266,14.0,28.55730438232422,194.82485961914062,19.0,2013,7,-0.45370308603134424,-0.8911529104063088,27_88,2977.3779296875,24.154906779969618,-0.42967085939534344,-0.902985577175221,0.004211163595970826,24.99663625107566,53.228524911165415,1203.0400390625
0,neg_wet,2016-10-09,27.73054947417349,93.55871146596799,27.75,93.5,27,24,21.711727142333984,28.96320915222168,29.33017921447754,48.77813720703125,155.1476593017578,28.96320915222168,5.0,9.654402732849121,55.08452606201172,37.0,2016,10,-0.9878726596350429,0.15526624985999563,27_93,1187.2896728515625,12.722977936678477,0.9498700393313645,-0.3126450197598422,0.003381078856787635,23.153440412085654,38.76015634664132,862.1378173828125
0,neg_wet,2010-07-26,27.940743794664517,92.77219770337652,28.0,92.75,28,21,20.234622955322266,30.072219848632812,83.76194763183594,166.48301696777344,334.812744140625,57.44509506225586,12.0,10.024073600769043,117.7203140258789,60.0,2010,7,-0.4071294853542516,-0.9133704517637858,27_92,4929.98974609375,27.73261555034011,0.9787271845713721,-0.20516602589365343,-0.0035759154233194258,25.880953975289042,53.89703057731199,1096.54296875
0,neg_hard,2011-09-21,27.533510062037063,88.70227538659884,27.5,88.75,26,5,9.574888229370117,24.226879119873047,131.69461059570312,220.12063598632812,341.4234313964844,83.626953125,13.0,8.075626373291016,138.55970764160156,60.0,2011,9,-0.9854237542919524,-0.17011767832049052,27_88,2608.35302734375,31.826379291476048,0.1934373840659431,-0.9811126227124615,0.007768250194681175,34.89502472798085,58.784779101011004,1284.20654296875
0,neg_general,2013-06-14,23.263829196984993,88.71124297629207,23.25,88.75,9,5,11.84296703338623,40.50577926635742,97.11981964111328,130.0755157470703,263.71490478515625,82.00428009033203,7.0,13.50192642211914,103.12443542480469,3.0,2013,6,0.2985688173637202,-0.9543881083175908,23_88,7.410802364349365,0.5931605628563753,0.7643392537652193,0.6448143183534526,0.0003703557052327232,0.6572199751331476,2.83002345332059,13.32622480392456
0,neg_general,2016-10-03,27.453315681089897,95.38353926361322,27.5,95.5,26,32,0.0,0.5687701106071472,21.577539443969727,91.92857360839844,242.61558532714844,47.174686431884766,8.0,0.18959003686904907,53.07622528076172,60.0,2016,10,-0.9986126020839734,0.052658056924614005,27_95,121.03108978271484,0.264765177020928,-0.9474744958399554,0.31983133013015236,-0.00013460674896633324,0.6298590050023265,2.9094690191501327,13.29522705078125
0,neg_hard,2014-06-22,25.864400932243235,94.32160432887615,25.75,94.25,19,27,11.024102210998535,33.75718307495117,109.77361297607422,218.62142944335938,262.5536193847656,111.97093200683594,10.0,11.252394676208496,128.5811767578125,7.0,2014,6,0.16481784665719793,-0.9863240225317866,25_94,532.6305541992188,23.960199189668415,-0.6426585155247673,0.7661527474489029,0.006260690546160381,19.4011152664424,40.65346154067774,428.0379943847656
1,pos,2011-06-20,26.3186,94.5121,26.25,94.5,21,28,9.766148567199707,12.47323989868164,19.89251136779785,105.9399642944336,258.3682556152344,68.320068359375,8.0,4.1577467918396,59.32532501220703,60.0,2011,6,0.19864794288017112,-0.9800709131432666,26_94,1248.058349609375,16.030425183620622,0.13560792019713927,-0.9907625810353388,0.000989524081018375,16.11393810768427,32.20205117014498,566.2509155273438
0,neg_general,2011-08-20,29.37325801284241,94.12774464601853,29.25,94.25,33,27,0.0,0.0,0.0,0.0,0.0,0.0,0.0,0.0,8.629460340747741e-11,60.0,2011,8,-0.7508642533989489,-0.6604565640279754,29_94,4540.7216796875,32.5073896183163,-0.9824208409687719,0.18667964867711456,-0.00083283736126692,28.107586080390398,45.91802424324615,1014.99365234375
0,neg_wet,2010-08-27,28.125073230456227,94.36286397242115,28.25,94.25,29,27,47.718788146972656,50.488582611083984,236.97793579101562,346.0537414550781,471.4599609375,186.037109375,10.0,16.829526901245117,225.64483642578125,4.0,2010,8,-0.8247650844733614,-0.5654755126737576,28_94,1134.6929931640625,23.605799035973817,0.7456736703874876,-0.6663113215988848,-0.00036483835098209954,26.52375769899126,48.198731574469434,976.2377319335938
0,neg_hard,2016-08-10,23.84317562772634,92.63389915556027,23.75,92.75,11,21,2.0170910358428955,23.56236457824707,56.289459228515625,135.06036376953125,236.02505493164062,70.25979614257812,8.0,7.854121685028076,84.481201171875,37.0,2016,8,-0.6400381082043503,-0.7683431655492202,23_92,384.6330871582031,5.935560548078106,0.1672645404648694,0.98591205160657,-2.788623993155658e-05,7.663930927725441,40.02024475629472,384.3633117675781
0,neg_general,2007-08-13,26.784908131466977,88.83930375595517,26.75,88.75,23,5,1.7354110479354858,54.568267822265625,110.07049560546875,351.9595642089844,1032.246826171875,246.8494873046875,9.0,18.189422607421875,244.66622924804688,13.0,2007,8,-0.666088855860977,-0.7458723993404063,26_88,158.52899169921875,2.7166777926995165,0.7842772200461907,0.6204105432023371,-0.0014392448352531467,2.5876090986040783,13.306149895262473,55.98759460449219
0,neg_general,2007-10-07,27.112340635165868,92.53917050076589,27.0,92.5,24,20,2.8735859394073486,2.8735859394073486,3.9793269634246826,6.184332847595215,129.71017456054688,3.310746669769287,1.0,0.9578619599342346,20.728004455566406,30.0,2007,10,-0.9945667569706337,0.1041007489354256,27_92,1301.9384765625,34.29772517058158,-0.844314679671894,-0.535847666497249,0.006557570370818548,30.373125479323203,54.73162345756029,1540.0739135742188
0,neg_wet,2010-10-09,26.01029219325238,91.3601617838831,26.0,91.25,20,15,32.23585510253906,57.52333068847656,57.52333068847656,63.76154327392578,148.4532470703125,57.52333068847656,3.0,19.1744441986084,69.1928939819336,37.0,2010,10,-0.9903973200352558,0.1382503109109819,26_91,49.31047821044922,0.9023748176654682,0.1855352867336437,-0.9826376022607035,0.0006070101922643852,2.2785161358380255,24.975382469892796,106.54045486450195
0,neg_general,2015-11-04,29.507325092478325,94.42976511637956,29.5,94.5,34,28,28.74639129638672,28.74639129638672,28.74639129638672,45.91437530517578,89.87006378173828,28.74639129638672,3.0,9.582130432128906,42.147010803222656,40.0,2015,11,-0.8331829385891785,0.5529974600700271,29_94,2938.439208984375,0.7317644985949473,-0.07555639922262336,-0.997141529842435,-0.00040071183393698337,3.404715245911523,36.13004218129979,359.283935546875
1,pos,2010-10-08,24.837,93.9128,24.75,94.0,15,26,47.955421447753906,100.74874114990234,101.97395324707031,140.62452697753906,219.932861328125,100.74874114990234,6.0,33.58291244506836,119.1575698852539,60.0,2010,10,-0.9926289059345095,0.121193461470736,24_93,785.0609130859375,9.423046800036467,-0.4628069753169437,-0.8864590817392429,0.0021770502253290335,9.956373877379688,34.62505410094113,330.71630859375
0,neg_general,2016-06-04,24.87853768439371,88.12044261824182,25.0,88.0,16,2,0.0,0.0,10.04226016998291,29.67953872680664,80.09767150878906,16.615375518798828,2.0,0.0,18.806127548217773,60.0,2016,6,0.44216815196707204,-0.8969321743510065,24_88,25.805925369262695,1.4799115813498993,-0.9582943908829898,0.28578289032445503,0.0016145796514249705,0.9432187383257576,3.9933544849224156,16.362285614013672
0,neg_wet,2012-07-14,25.67660576138861,94.68489458429016,25.75,94.75,19,29,6.424091339111328,29.282703399658203,115.71798706054688,230.40208435058594,431.0216369628906,102.34747314453125,11.0,9.76090145111084,135.73638916015625,4.0,2012,7,-0.2280577712215198,-0.9736476020539838,25_94,533.9877319335938,0.64656069528418,-0.5642486769103863,-0.8256048877065097,-0.0019638003034922183,18.85947260388141,33.152445074789334,453.5501708984375
0,neg_hard,2012-08-07,26.104985182533273,94.19594670001416,26.0,94.25,20,27,4.0533366203308105,52.890846252441406,100.07666778564453,145.4290313720703,269.78839111328125,52.890846252441406,10.0,17.630281448364258,104.34915924072266,46.0,2012,8,-0.5995514915196489,-0.8003361849976323,26_94,568.483642578125,12.145634793044268,0.7145042131629166,0.6996311380809472,-0.0014571600476569035,14.683886402878098,39.65724228356313,801.1746215820312
0,neg_hard,2015-06-03,28.55292937904635,95.00727433834999,28.5,95.0,30,30,1.05630624294281,80.0372085571289,125.20956420898438,265.8709411621094,357.59466552734375,106.53472900390625,12.0,26.67906951904297,160.29859924316406,2.0,2015,6,0.47275920928627757,-0.881191653407483,28_95,2206.592529296875,30.87295649912802,0.5010657433162324,0.8654092216257875,0.000673814404161269,32.38630151366836,47.35163623768724,1139.87646484375
0,neg_general,2016-07-06,26.67492228575992,88.07709297863425,26.75,88.0,23,2,38.71210479736328,67.68181610107422,222.6907958984375,452.2622985839844,1063.667236328125,270.38116455078125,13.0,22.560606002807617,312.8995666503906,5.0,2016,7,-0.09233133369539122,-0.9957283388645872,26_88,148.33253479003906,0.815272824008695,-0.2310191699583608,-0.9729491986284535,0.0006590074880280394,1.0733201962493082,5.072638259846031,43.99269104003906
0,neg_general,2008-07-29,27.466181290001174,92.07475130179812,27.5,92.0,26,18,14.25870418548584,21.56339454650879,128.97731018066406,290.2847900390625,621.67333984375,104.98583984375,14.0,7.187798023223877,191.77330017089844,4.0,2008,7,-0.46896519100763184,-0.8832166493127127,27_92,3159.645751953125,28.2135228420068,-0.8163601824633072,-0.57754311742802,-0.002690003149107667,28.34247505349598,46.42958388319123,1101.93994140625
0,neg_wet,2010-05-06,28.716220688922576,93.68224485002891,28.75,93.75,31,25,15.113991737365723,30.944355010986328,38.94435501098633,233.7376251220703,309.5290832519531,164.371826171875,9.0,10.31478500366211,105.0604248046875,11.0,2010,5,0.8271893372462497,-0.5619233046832195,28_93,4717.3662109375,28.881629739016933,-0.9392745070620923,-0.34316672388689373,0.004030484460062135,25.671083222930204,51.099513499076586,885.6484375
0,neg_wet,2014-08-16,28.986154446756437,95.03462082277282,29.0,95.0,32,30,40.154510498046875,115.05375671386719,249.23321533203125,300.2231750488281,460.98419189453125,115.25617980957031,13.0,38.351253509521484,231.52734375,1.0,2014,8,-0.7036774074790128,-0.7105196029692745,28_95,1689.3050537109375,26.305574286870243,0.3535427843755611,0.9354183553982547,-0.0003968573379154876,25.578866783858636,40.30640160897018,1238.78857421875
0,neg_hard,2011-09-14,26.728989809738763,88.47139931400935,26.75,88.5,23,4,7.025619029998779,7.025619029998779,31.567922592163086,111.0538101196289,428.1887512207031,77.2255859375,8.0,2.3418729305267334,85.34640502929688,22.0,2011,9,-0.9578523554276669,-0.28726097055059635,26_88,125.65642547607422,0.6579329445086652,-0.9542756091093944,-0.2989281884648794,-0.0004885081252135118,1.0654740898052195,7.432038508626518,30.18438720703125
0,neg_wet,2010-05-21,23.697979885244294,91.26682140660331,23.75,91.25,11,15,85.49381256103516,86.99581146240234,117.52754211425781,154.59323120117188,248.86691284179688,86.99581146240234,6.0,28.99860382080078,129.8763427734375,0.0,2010,5,0.6564105761979381,-0.7544038410927472,23_91,41.17644500732422,1.5344478225975016,-0.999361983702026,-0.03571590025676918,-0.0015678820643854547,2.0425062513181755,6.4321718070174105,33.422362327575684
1,pos,2010-09-16,24.3069,93.125,24.25,93.25,13,23,10.276330947875977,26.787565231323242,42.61376190185547,127.1021957397461,260.4364929199219,48.349082946777344,14.0,8.92918872833252,85.3418197631836,34.0,2010,9,-0.9671667297977312,-0.2541427094613622,24_93,762.44873046875,12.674399350630939,-0.4296571847679766,0.902992083895123,-0.009258819977050312,21.642945399578817,43.07754140076888,696.7772216796875
0,neg_hard,2015-09-25,27.950091138087018,96.51977573643669,28.0,96.5,28,36,8.151130676269531,19.0025691986084,83.09170532226562,145.2188720703125,473.1003112792969,64.0891342163086,7.0,6.3341898918151855,105.49793243408203,25.0,2015,9,-0.994788305609327,-0.10196189005174576,27_96,1506.347900390625,46.97509092417947,-0.9897786175338563,0.14261237068630556,0.008849367150531084,31.682812908516407,55.90529945799666,1229.1588134765625
0,neg_hard,2008-06-04,25.25782062110899,93.17251967903002,25.25,93.25,17,23,5.830010414123535,18.141849517822266,29.692058563232422,43.78263854980469,127.87870025634766,22.9341983795166,5.0,6.047283172607422,40.887386322021484,60.0,2008,6,0.44216815196707204,-0.8969321743510065,25_93,393.6994323730469,31.334098227079615,0.8480433493185725,-0.5299268606860174,5.104472212790384e-05,10.49871912669136,32.20818038910173,263.19732666015625
1,pos,2015-07-31,25.0634,94.3415,25.0,94.25,16,27,31.86587905883789,40.779380798339844,57.60055923461914,217.007080078125,325.11749267578125,93.90115356445312,13.0,13.593127250671387,118.57626342773438,13.0,2015,7,-0.48408852163897587,-0.8750190302029955,25_94,1783.8829345703125,23.28282174421084,-0.9984542709410025,0.05557939222113845,-0.00023965743963982314,14.167131843699753,28.581434037681078,631.1038818359375
0,neg_general,2014-08-28,25.792471913328914,91.40925376268365,25.75,91.5,19,16,0.7154276967048645,7.07342004776001,151.02703857421875,363.2118225097656,456.8368225097656,184.8575439453125,12.0,2.35780668258667,173.19873046875,3.0,2014,8,-0.8343701235229538,-0.5512045872199277,25_91,323.60614013671875,19.75720524927114,0.9290706735826143,0.3699022620757372,-0.0016758571846766826,14.939909155707324,35.05440239626469,427.63720703125
0,neg_hard,2016-04-28,23.910098951044436,93.98675966010757,24.0,94.0,12,26,0.0,0.7008535861968994,117.30368041992188,166.9038543701172,230.40676879882812,116.20201110839844,8.0,0.2336178570985794,100.26045989990234,4.0,2016,4,0.8887010478292915,-0.45848712914008766,23_93,1244.91796875,23.973049104418227,0.46511918501242044,-0.8852480690367993,0.0024621192531070635,22.420729391236176,39.700410743019255,1002.0637817382812
0,neg_wet,2008-09-05,24.023970035094568,93.12351410944983,24.0,93.0,12,22,80.20396423339844,95.54737854003906,106.361083984375,202.08465576171875,364.7537841796875,95.54737854003906,11.0,31.8491268157959,156.88681030273438,0.0,2008,9,-0.9093882203647925,-0.4159483918249421,24_93,827.7479858398438,28.34057093364838,-0.8834498045704646,-0.4685258187169708,-0.002305866590398232,24.592758043342513,39.921953734762035,897.6017150878906
0,neg_hard,2012-05-30,26.97531184120282,88.80675284238497,27.0,88.75,24,5,1.4418423175811768,28.001880645751953,53.808021545410156,57.66096496582031,205.4656219482422,28.001880645751953,3.0,9.33396053314209,60.37614440917969,60.0,2012,5,0.5175855102531889,-0.8556314858488706,26_88,438.6053771972656,2.8558562976019775,-0.03685926614948515,-0.9993204663664812,0.0003531694395239675,3.147651898689574,23.860466041707692,166.17282104492188
1,pos,2012-09-14,27.0377,88.3603,27.0,88.25,24,3,58.98757553100586,141.63026428222656,382.2109069824219,515.4810180664062,886.6158447265625,281.614501953125,12.0,47.210086822509766,395.7960510253906,0.0,2012,9,-0.9626519747161487,-0.2707418984477642,27_88,1479.0753173828125,18.442274095392385,0.5925822693430958,-0.8055099341784598,0.0013323618206941366,19.506020529412307,44.61613891374175,1125.8128051757812
0,neg_general,2007-05-30,24.723521916945085,92.21409681679518,24.75,92.25,15,19,0.0,44.59333038330078,148.96739196777344,269.44451904296875,359.89892578125,104.37406158447266,11.0,14.8644437789917,160.0711212158203,6.0,2007,5,0.5322271388474397,-0.8466016020976267,24_92,16.686582565307617,1.3485581249441647,0.39191012481841925,-0.9200035076372324,0.00027341084921963144,2.2612221827259096,8.962532193172118,52.34200382232666
0,neg_hard,2009-07-07,25.1924600805811,93.26168873173737,25.25,93.25,17,23,3.8095180988311768,22.12306022644043,44.95753860473633,88.15129089355469,158.24176025390625,36.64331817626953,10.0,7.374353408813477,57.05836486816406,60.0,2009,7,-0.09233133369539122,-0.9957283388645872,25_93,1063.811279296875,19.78243271209954,0.21126505952249813,-0.9774288079573649,0.00697792613203038,18.851565879103454,41.51875978693845,767.9285278320312
0,neg_hard,2007-10-04,23.83679673790965,92.79077556913222,23.75,92.75,11,21,0.8797176480293274,1.1474578380584717,116.2502670288086,122.55855560302734,400.57965087890625,114.95137023925781,4.0,0.382485955953598,110.95682525634766,4.0,2007,10,-0.9986126020839734,0.052658056924614005,23_92,181.68931579589844,5.820771465481719,-0.8912817884222348,0.45344985789705855,0.00538939920834599,15.9669727590941,33.13526990172981,446.1278991699219
1,pos,2011-07-19,27.1032,93.6884,27.0,93.75,24,25,50.41462707519531,60.492210388183594,175.24139404296875,241.13722229003906,433.36322021484375,103.77960205078125,10.0,20.16407012939453,175.92677307128906,0.0,2011,7,-0.2944616217868012,-0.9556633054034704,27_93,149.3597869873047,2.501380652878753,0.3023083866910784,0.9532101758459345,0.00027286430750285493,7.491140626380277,29.21008675381856,239.6007080078125
0,neg_general,2012-09-09,27.36677479320087,93.94310596584582,27.25,94.0,25,26,0.0,0.0,0.0,91.79998779296875,255.5447998046875,56.523712158203125,4.0,0.0,57.92015075683594,30.0,2012,9,-0.9358348973349941,-0.35243871088460327,27_93,372.7467346191406,17.06990945031707,0.27937293787848805,-0.9601826709439941,0.0066823049462565315,23.790197733418797,49.90664772759593,1099.1164245605469
0,neg_wet,2009-07-29,26.08414693396848,91.79311714098137,26.0,91.75,20,17,26.7618408203125,48.91075897216797,66.56607055664062,90.24068450927734,235.0264129638672,48.91075897216797,8.0,16.303586959838867,76.2464828491211,60.0,2009,7,-0.45370308603134424,-0.8911529104063088,26_91,106.73859405517578,11.41798930743479,-0.9352877822655283,0.35388806753665714,-0.001014832231714511,10.851193344561777,32.79814122002839,210.8951416015625
0,neg_general,2012-07-11,28.082949038576864,96.90203766474707,28.0,97.0,28,38,0.0,0.0,0.0,0.0,0.0,0.0,0.0,0.0,4.279999353941203e-25,60.0,2012,7,-0.17752914918703497,-0.984115542601034,28_96,3315.286865234375,30.392336060641753,0.9218057010270524,0.38765222758811074,0.005959259460931301,32.13658265640412,47.60262871893995,1563.802978515625
1,pos,2010-10-08,25.6633,94.4703,25.75,94.5,19,28,12.883556365966797,26.04239845275879,41.32770538330078,114.10093688964844,237.61492919921875,52.52992248535156,8.0,8.68079948425293,70.14183044433594,60.0,2010,10,-0.9926289059345095,0.121193461470736,25_94,1443.024169921875,2.559957247681128,-0.6416479638612073,0.7669992767094157,0.0010101045655508687,23.292487940660738,36.52835600063755,783.2872924804688
0,neg_general,2009-08-29,27.104861318446243,88.34450701315522,27.0,88.25,24,3,21.037065505981445,30.516830444335938,80.04290008544922,498.3113708496094,747.475830078125,275.01251220703125,14.0,10.172276496887207,231.4915008544922,10.0,2009,8,-0.8437282590292712,-0.5367705514607103,27_88,393.7759704589844,20.245130312479557,0.2003195685914515,0.9797306111576461,-0.010119654568136884,23.19251107821983,44.66006513313556,602.7987365722656
0,neg_general,2010-07-06,26.316023528710293,87.92670106612856,26.25,88.0,21,2,12.741910934448242,15.824557304382324,91.25523376464844,320.1258850097656,562.5092163085938,119.95994567871094,9.0,5.274852275848389,178.54360961914062,4.0,2010,7,-0.07518957641475855,-0.9971692572470178,26_87,60.05778121948242,0.42834836845281216,-0.9744093381615099,-0.22478087486182668,-0.00016629453758580938,0.4453749515426784,2.044242168886943,12.869422912597656
0,neg_general,2010-07-04,27.4869466374668,92.71344121655629,27.5,92.75,26,21,7.561028957366943,23.437463760375977,50.97971725463867,139.9357452392578,244.3957061767578,53.39848327636719,14.0,7.812488079071045,79.55554962158203,60.0,2010,7,-0.04084439154329611,-0.9991655196610109,27_92,2280.973388671875,22.476185642072622,0.24735176362097225,-0.9689257479464537,0.00037402328468562503,24.416906070938158,45.765101175544906,864.650390625
0,neg_general,2012-08-13,26.445235482088297,93.81976978208574,26.5,93.75,22,25,0.0,8.638285636901855,87.0835952758789,169.59762573242188,267.8802185058594,54.79499816894531,10.0,2.8794286251068115,102.32305145263672,60.0,2012,8,-0.6788204829862355,-0.734304263829602,26_93,102.83045196533203,0.5493087769715025,-0.07674544941056484,-0.9970507188677868,0.00045848185241430673,0.7617899880259479,3.2791716277612024,19.624282836914062
0,neg_hard,2011-06-17,23.99547003429817,91.4148069556271,24.0,91.5,12,16,1.3851101398468018,34.14870071411133,123.52825164794922,287.8141784667969,745.392333984375,111.82005310058594,12.0,11.38290023803711,196.44461059570312,17.0,2011,6,0.24893980855376657,-0.9685189578512204,23_91,35.15960693359375,0.3234973699974111,0.8869302742233197,0.4619033325990914,0.0004166974594866696,1.574588609192942,6.358925348619817,34.53428268432617
0,neg_hard,2011-08-03,24.501209342629743,92.64354537527974,24.5,92.75,14,21,19.5728759765625,19.5728759765625,66.09397888183594,152.39524841308594,482.4813232421875,57.20841598510742,8.0,6.5242919921875,117.96668243408203,18.0,2011,8,-0.5285813283559292,-0.8488826652214553,24_92,53.30868911743164,8.147729159395857,0.6739463568293408,-0.7387802840604634,-0.0018031590641267733,4.532603007949362,15.002177191463122,68.97892189025879
0,neg_hard,2015-09-04,27.953032264473205,93.16300049830248,28.0,93.25,28,23,3.796053409576416,21.82610511779785,335.3321838378906,453.4095764160156,681.412109375,280.33306884765625,12.0,7.2753682136535645,300.4356994628906,4.0,2015,9,-0.8945422369764496,-0.4469834295196741,27_93,1418.6109619140625,24.440023320094603,0.5109592427251022,-0.859604939651809,-0.00015038752832510337,24.11005278676897,42.236947742539094,1040.516845703125
0,neg_hard,2014-07-06,25.610334161040118,91.65059426520114,25.5,91.75,18,17,8.25446891784668,31.61732292175293,114.77259063720703,357.46002197265625,539.6649780273438,224.95037841796875,15.0,10.539107322692871,174.64212036132812,13.0,2014,7,-0.07518957641475855,-0.9971692572470178,25_91,1662.937255859375,7.792448019032775,0.9131544346261085,0.40761376144908573,-0.005674397996181534,7.748879046154074,24.45115591885956,217.0718994140625
1,pos,2007-09-10,27.3425,88.6236,27.25,88.5,25,4,42.85091018676758,96.26119995117188,362.3847961425781,610.0806884765625,811.73095703125,239.89503479003906,15.0,32.087066650390625,381.4698486328125,3.0,2007,9,-0.9358348973349941,-0.35243871088460327,27_88,2068.423583984375,26.53958493461884,0.1481044183223231,-0.9889717292589341,-0.008259319367217861,23.507608798562288,41.93092018731031,1249.4559326171875
0,neg_general,2016-07-04,26.499036983242938,88.98353081996272,26.5,89.0,22,6,23.415740966796875,55.72491455078125,169.9852752685547,633.3138427734375,1073.7813720703125,273.333251953125,13.0,18.57497215270996,322.9278259277344,3.0,2016,7,-0.05802556932878035,-0.9983150972033183,26_88,73.38850402832031,1.2065771779469407,0.4944444392433521,0.8692092363184638,0.0010043950779135954,0.8213244670186647,3.1207487227234116,14.44256591796875
0,neg_wet,2007-08-29,24.798006978425374,92.4151825234717,24.75,92.5,15,20,34.16581344604492,75.29940032958984,123.1796875,230.5348663330078,499.06622314453125,75.29940032958984,11.0,25.09980010986328,159.3205108642578,25.0,2007,8,-0.8437282590292712,-0.5367705514607103,24_92,13.0,0.3420343300547761,-0.981334679541213,-0.19230768765118264,-6.221373543647003e-06,0.8415715598014005,4.054611038164887,15.446767807006836
0,neg_hard,2011-10-07,25.832252230297005,93.8113612033203,25.75,93.75,19,25,0.0,0.0,14.046086311340332,47.89604187011719,85.2346420288086,21.104537963867188,7.0,0.0,27.65003776550293,60.0,2011,10,-0.9945667569706337,0.1041007489354256,25_93,176.69082641601562,0.7110990370855689,0.9324223261118642,0.361370455029379,0.00032372006554651694,3.0164158437718984,19.608237383210568,139.6171875
0,neg_hard,2010-07-31,25.953744115157434,94.50387707618779,26.0,94.5,20,28,0.6186216473579407,38.98949432373047,79.14134979248047,175.4320068359375,333.00341796875,74.75965118408203,12.0,12.996498107910156,118.4580078125,60.0,2010,7,-0.48408852163897587,-0.8750190302029955,25_94,1416.03857421875,22.225160317198387,0.6268857051025482,0.7791112325836927,-0.0007347097872032425,22.612365412605673,38.949163301072545,770.0902099609375
0,neg_hard,2014-07-08,24.565041551375167,92.54716758426738,24.5,92.5,14,20,0.11599177122116089,13.977256774902344,57.279170989990234,114.96319580078125,440.75970458984375,51.46010971069336,12.0,4.659085750579834,95.53551483154297,19.0,2014,7,-0.10944576864891556,-0.993992768446958,24_92,29.36990737915039,2.9841273133824315,0.8414779236036477,0.5402914991814082,0.0022557915069529094,2.648404441458951,9.079623113494119,52.445749282836914
1,pos,2015-08-01,24.1419,94.1078,24.25,94.0,13,26,87.52693939208984,125.99406433105469,144.48056030273438,302.9071350097656,388.00457763671875,125.99406433105469,13.0,41.99802017211914,196.9980926513672,0.0,2015,8,-0.4990686026885319,-0.8665624788845385,24_94,1147.467529296875,26.769494914543696,-0.7811111217186935,-0.6243920367264179,0.002564527156558588,19.332378362174982,36.67865024077309,617.0297241210938
0,neg_hard,2010-05-08,26.46147820316967,91.66228085287635,26.5,91.75,22,17,0.28421926498413086,11.152303695678711,24.72126007080078,87.44612884521484,317.0912780761719,35.953556060791016,9.0,3.7174346446990967,69.44658660888672,18.0,2010,5,0.8073707443023492,-0.5900444739548627,26_91,53.691524505615234,0.12260325430168004,-0.8658666525111554,-0.5002748645186227,5.5683794579046645e-05,0.7763391739154877,3.4212260242532473,14.690387725830078
0,neg_general,2012-10-09,27.988109306047264,95.44349723668289,28.0,95.5,28,32,0.0,0.0,0.0,0.0,0.0,0.0,0.0,0.0,0.7443585991859436,60.0,2012,10,-0.9878726596350429,0.15526624985999563,27_95,137.20947265625,0.2269815575078664,0.633031001021198,-0.7741264442880762,0.00019278728645986167,0.6003862999814062,3.629737319283083,18.372756958007812
0,neg_wet,2008-09-13,25.025786983312326,92.82330028533127,25.0,92.75,16,21,4.061764240264893,74.75787353515625,188.10894775390625,270.32598876953125,650.13037109375,113.35107421875,12.0,24.91929054260254,204.96563720703125,4.0,2008,9,-0.9578523554276669,-0.28726097055059635,25_92,837.6666870117188,20.303727670723593,0.8286517738220517,-0.5597644484437783,0.003393929779611938,22.923964332879407,43.09764842292411,672.5651245117188
0,neg_wet,2009-06-15,26.930525192695256,91.90246053601959,27.0,92.0,24,18,39.60756301879883,105.97264099121094,170.75306701660156,258.21392822265625,410.6211853027344,105.97264099121094,12.0,35.324214935302734,190.5252685546875,1.0,2009,6,0.2821076626819194,-0.9593827529490743,26_91,893.8156127929688,15.34843493887304,-0.31662483963142923,-0.9485508478349338,-0.0024279607983409457,22.51434953143946,43.48141592451959,1004.8203735351562
0,neg_general,2013-09-17,28.493180938469585,95.06227236587087,28.5,95.0,30,30,1.4403642416000366,1.4403642416000366,3.382747173309326,233.4300994873047,373.1685485839844,182.26771545410156,5.0,0.4801214039325714,91.76756286621094,11.0,2013,9,-0.97139528468375,-0.23746831555846842,28_95,1021.607177734375,37.83752273852221,0.31810762317454055,-0.9480546081730971,0.00204045768261717,29.692114666063947,43.22442787358632,1014.7794799804688
0,neg_hard,2013-07-11,24.09264118457566,91.56929305928858,24.0,91.5,12,16,11.917279243469238,21.942684173583984,29.304786682128906,73.96154022216797,266.1889953613281,37.625701904296875,7.0,7.314228057861328,69.02027893066406,17.0,2013,7,-0.16057454459499376,-0.9870237158387383,24_91,21.76816177368164,0.7576250754217969,-0.9970115830644349,-0.07725220537531208,0.0006213719571258339,0.8270440357162905,3.137105636937463,15.02054214477539
0,neg_hard,2007-07-19,25.277923272167325,92.88695047423015,25.25,93.0,17,22,0.9787304997444153,10.317015647888184,17.588573455810547,58.59651184082031,152.85081481933594,28.169780731201172,7.0,3.439005136489868,39.162086486816406,60.0,2007,7,-0.2944616217868012,-0.9556633054034704,25_92,833.8138427734375,24.66138293382781,-0.9961079730232074,-0.08814139821671262,-0.00039471284968048415,14.126732267213773,32.39263492321605,491.2001953125
0,neg_wet,2014-05-11,24.125495401393458,94.0440887225159,24.25,94.0,13,26,26.18231964111328,55.5802001953125,108.4542007446289,131.57684326171875,134.74957275390625,56.50246047973633,7.0,18.5267333984375,96.23548126220703,60.0,2014,5,0.7758587728069828,-0.6309066211876704,24_94,1241.7275390625,29.004469533542,0.7718151186723707,-0.6358470119366405,0.004176807251802901,23.140785154218914,39.3871402320962,842.933349609375
0,neg_general,2007-09-27,26.76904097800534,93.39496492246909,26.75,93.5,23,24,0.0,0.0,0.0,20.02007484436035,257.15447998046875,17.417808532714844,2.0,0.0,32.156673431396484,60.0,2007,9,-0.9977068927101168,-0.06768276175455162,26_93,66.5,0.8527072703950098,-0.10516730755173521,0.994454542662619,0.001911612556104722,0.6614199705888875,3.9477863279881262,7.991127014160156
0,neg_wet,2014-06-12,24.693165573796083,92.12738679425851,24.75,92.25,15,19,14.205831527709961,133.284912109375,176.68382263183594,256.8207092285156,360.7952575683594,133.284912109375,13.0,44.42830276489258,194.60275268554688,1.0,2014,6,0.3312212278016865,-0.9435531242349544,24_92,10.989895820617676,0.5434600364059617,0.25240412733380374,-0.967621907826017,0.00012995302027007957,0.5526700303067104,2.514685773366192,11.190309524536133
0,neg_general,2007-06-24,25.85950339827484,87.94014537280074,25.75,88.0,19,2,3.905348300933838,17.182464599609375,101.6185531616211,236.79425048828125,351.6598205566406,118.64390563964844,12.0,5.727488040924072,134.82879638671875,5.0,2007,6,0.13079267585675922,-0.9914097417023038,25_87,40.24455261230469,0.2831072294387256,0.3728698470020035,-0.9278836549895156,-0.000543647912956121,0.4711405667279067,1.8102074740639527,10.110149383544922
1,pos,2013-05-11,26.1771,91.7599,26.25,91.75,21,17,18.460617065429688,50.248069763183594,63.19850158691406,98.04023742675781,149.67840576171875,50.248069763183594,10.0,16.749357223510742,71.1443099975586,60.0,2013,5,0.7758587728069828,-0.6309066211876704,26_91,77.53565979003906,6.353482801945628,-0.40812965768371134,0.9129239741177666,-0.0038272693725827063,2.3766082879932076,26.67024370065357,136.51449584960938
0,neg_general,2010-11-26,25.27420689199146,87.99583122831699,25.25,88.0,17,2,0.0,0.0,0.0,0.0,5.914975643157959,0.0,0.0,0.0,1.5677496194839478,60.0,2010,11,-0.5699010576127624,0.8217133225960589,25_87,25.19798469543457,0.1320957777815284,-0.9811522350006248,0.19323636239921013,0.00014741437385944466,0.6132215746296494,3.770141641289188,17.87030601501465
1,pos,2013-07-12,25.6269,94.1139,25.75,94.0,19,26,39.60411834716797,78.58016967773438,150.40762329101562,285.4558410644531,328.8984375,99.25516510009766,12.0,26.193389892578125,179.05886840820312,8.0,2013,7,-0.17752914918703497,-0.984115542601034,25_94,1567.5880126953125,13.28421249007524,0.6437325292910019,0.7652505672866956,0.0021943780013072285,18.885845405775846,42.27780599521497,887.099853515625
0,neg_wet,2007-08-21,23.866062667392754,91.88867190260005,23.75,92.0,11,18,15.244513511657715,32.57831954956055,102.20136260986328,112.659912109375,228.67616271972656,49.87977600097656,8.0,10.859439849853516,98.18907928466797,60.0,2007,8,-0.7621140503891487,-0.6474427960827475,23_91,98.27410888671875,5.4573476270748635,0.5982448741730898,-0.8013133410380885,-0.000799366106607082,4.095898416349731,11.182377274820274,63.48121643066406
0,neg_hard,2009-05-07,24.413556543585905,92.63117109200861,24.5,92.75,14,21,0.0,8.308974266052246,26.946800231933594,55.79279327392578,212.84957885742188,66.13953399658203,5.0,2.769658088684082,51.12200927734375,60.0,2009,5,0.8174009818249189,-0.5760691233798758,24_92,70.06620025634766,7.635256292249678,0.9967469885669558,-0.0805942974577295,0.0016843411192945493,4.77854770770206,17.412631722590948,89.10021209716797
0,neg_hard,2014-11-08,23.83471972367638,92.51936338985232,23.75,92.5,11,20,0.0,0.0,0.0,7.6431498527526855,52.5196533203125,7.443221092224121,2.0,0.0,7.291633129119873,50.0,2014,11,-0.7931896839451843,0.6089746507720486,23_92,119.1813735961914,22.24533481449526,0.3007694715754652,-0.9536968726845105,0.0022607127166977678,17.110645284386514,34.68897994103334,382.0487976074219
0,neg_general,2013-07-21,24.793320100697144,92.33833636873365,24.75,92.25,15,19,32.830078125,41.56459426879883,136.58998107910156,249.79078674316406,467.662841796875,98.66160583496094,11.0,13.854865074157715,163.48587036132812,6.0,2013,7,-0.3271603271220951,-0.9449688462364056,24_92,27.286216735839844,1.8638068676257766,0.6001336702794527,-0.799899729839255,-0.00019380778629254163,1.4864675862320744,7.244750316830348,34.739173889160156
0,neg_hard,2016-07-27,25.348070841321974,92.50997456321922,25.25,92.5,17,20,0.0,12.113729476928711,37.347660064697266,165.25416564941406,317.4511413574219,84.55005645751953,12.0,4.037909984588623,91.53553771972656,11.0,2016,7,-0.4383067230125192,-0.898825465016444,25_92,1115.0406494140625,10.251057479597844,0.12136067772023357,-0.9926084756354268,0.0024458747066813877,9.479854116276567,21.663489171842926,316.3726806640625
0,neg_general,2007-05-04,24.311486008106797,92.18016819544434,24.25,92.25,13,19,0.0,0.0,0.0,165.42733764648438,335.3055725097656,100.4414291381836,7.0,0.0,68.01399230957031,12.0,2007,5,0.8460288880917339,-0.533137056031809,24_92,35.51318359375,1.8788967991793994,-0.32375970754516276,-0.9461393405679053,0.0010486185738454524,1.7691943369401355,5.36366241956589,37.58734130859375
0,neg_general,2013-09-11,27.378622533548697,92.34717034228899,27.5,92.25,26,19,0.16195665299892426,18.696290969848633,84.33282470703125,194.137939453125,308.375732421875,109.90635681152344,12.0,6.232097148895264,118.61541748046875,32.0,2013,9,-0.9417589340994617,-0.33628873017668287,27_92,2951.54736328125,5.189608347147112,0.8608526085415752,0.5088543862119747,-0.009456523467352202,22.89226194578578,42.74560029974048,740.848876953125
0,neg_general,2012-10-05,26.755654950551072,91.12279503728821,26.75,91.0,23,14,0.0,0.0,0.0,0.0,0.0,0.0,0.0,0.0,2.1074512004852295,45.0,2012,10,-0.9962102997023297,0.0869772313136861,26_91,67.41871643066406,0.14650873736427342,0.5300662341285289,-0.8479562414634375,-2.4297811078281487e-05,0.7757927532037495,3.152635499232317,18.428123474121094
0,neg_general,2013-08-21,28.560530563013025,94.60325525069183,28.5,94.5,30,28,0.2690635919570923,0.2690635919570923,14.822172164916992,68.4819107055664,196.6470947265625,35.919342041015625,9.0,0.08968786150217056,45.905426025390625,54.0,2013,8,-0.7621140503891487,-0.6474427960827475,28_94,1098.3193359375,38.296433795236894,0.09040988500511965,-0.9959046403613958,0.0014321706027067684,29.590066799106694,54.03709705199572,1255.114501953125
1,pos,2009-08-20,24.9925,93.5,25.0,93.5,16,24,5.58575963973999,9.435453414916992,95.89019775390625,128.28265380859375,207.5699005126953,86.45474243164062,9.0,3.145151138305664,80.70729064941406,5.0,2009,8,-0.7508642533989489,-0.6604565640279754,24_93,1216.565185546875,8.109503582611099,0.7412021936918815,0.6712818395177562,-0.000897516154219775,17.2509957224355,46.132312590257875,881.800048828125
0,neg_hard,2010-08-22,25.406924783921692,91.85724050597523,25.5,91.75,18,17,48.505126953125,131.7637939453125,236.87710571289062,291.29931640625,396.439453125,146.83645629882812,12.0,43.9212646484375,223.09976196289062,2.0,2010,8,-0.7731383255706026,-0.6342374393978054,25_91,1819.139892578125,6.088590535784704,-0.7179610588579227,-0.6960832694179702,-0.0019698944830917223,16.838083062518365,47.952071799627305,617.3563232421875
1,pos,2010-04-17,27.3341,88.6083,27.25,88.5,25,4,20.994691848754883,27.638540267944336,96.77933502197266,142.3700714111328,308.6310729980469,66.2428207397461,8.0,9.212846755981445,111.22501373291016,60.0,2010,4,0.9638074231367307,-0.26659942067929354,27_88,1451.62548828125,20.477525170049002,-0.9891246113169633,-0.14707992142731915,0.000596819536467306,21.852645771122344,45.66883584787426,1013.9988403320312
0,neg_hard,2013-04-11,26.09071984219336,91.95023953404592,26.0,92.0,20,18,0.0,0.4784170985221863,0.4784170985221863,2.359717607498169,11.727804183959961,1.9476386308670044,0.0,0.15947236120700836,2.7324576377868652,60.0,2013,4,0.986146248341595,-0.16587819893463143,26_91,54.523841857910156,0.08434530530846968,-0.9991171924572119,0.04200994806493553,2.469443475546368e-05,2.3039682360714107,17.371577749385988,94.74905395507812
0,neg_hard,2008-09-17,28.04318456059062,93.11362531107532,28.0,93.0,28,22,62.287261962890625,63.33971405029297,75.38020324707031,188.50244140625,608.06884765625,150.92117309570312,9.0,21.113237380981445,169.71495056152344,0.0,2008,9,-0.9753363880767837,-0.2207236509605022,28_93,2890.861083984375,34.978258977610324,0.4656053085420167,-0.8849924839553687,0.0056771627232239524,29.32056814971093,61.66399372846153,1288.488525390625
0,neg_wet,2015-06-20,28.934787576779627,94.26192901649523,29.0,94.25,32,27,93.47856140136719,185.86758422851562,357.67181396484375,585.4729614257812,841.16064453125,189.8712158203125,13.0,61.95586013793945,374.7083740234375,0.0,2015,6,0.19864794288017112,-0.9800709131432666,28_94,3908.931884765625,27.525080077210575,-0.5628581424954788,0.8265535139520848,0.0003867378686723225,28.31989612616805,51.766664124932646,918.306884765625
0,neg_general,2010-07-10,26.37648828606229,92.36694879622101,26.5,92.25,22,19,2.1437652111053467,2.5014116764068604,49.968711853027344,175.3280792236328,399.2071228027344,72.71416473388672,11.0,0.8338038921356201,113.5311279296875,34.0,2010,7,-0.1435724234118113,-0.9896398128792412,26_92,54.49689483642578,0.6544048492675898,0.29344459032832027,-0.9559760835957374,0.0003852898237280197,0.5051883730803868,1.9289229738364875,7.707424163818359
0,neg_hard,2015-06-11,26.145956224490572,94.6975492804951,26.25,94.75,21,29,0.3250010013580322,68.30518341064453,80.845458984375,172.76878356933594,337.3031311035156,72.88578796386719,10.0,22.768394470214844,119.09159851074219,1.0,2015,6,0.3474028211842774,-0.9377159910299093,26_94,1884.9544677734375,17.475513709645245,-0.9980826409292036,0.061895410781303443,0.006381427404273225,20.068668064197706,40.33583485802883,522.7982177734375
0,neg_general,2016-09-26,26.964644315143317,92.71450447922071,27.0,92.75,24,21,12.53493881225586,20.372901916503906,104.02053833007812,146.54617309570312,308.0202331542969,77.12486267089844,10.0,6.7909674644470215,106.33261108398438,60.0,2016,9,-0.9977068927101168,-0.06768276175455162,26_92,226.12448120117188,4.476165166455603,-0.7855076804634461,-0.6188519079173438,-0.009403107169780765,6.053487459162686,24.04686414062455,224.63790893554688
0,neg_hard,2012-07-14,27.29815730299262,88.28568406824249,27.25,88.25,25,3,25.28681182861328,48.50702667236328,76.5557861328125,168.66043090820312,337.1048278808594,49.3255615234375,13.0,16.169008255004883,113.8374252319336,34.0,2012,7,-0.2280577712215198,-0.9736476020539838,27_88,991.1646118164062,25.784326003771728,0.20626461356813025,0.978496248939969,0.0036220822943129494,32.06727242843839,57.936774170113154,1013.6569213867188
0,neg_general,2015-08-19,26.27500948670829,93.54764349165104,26.25,93.5,21,24,3.833960771560669,4.2170515060424805,24.06926155090332,116.49463653564453,172.35447692871094,74.168212890625,8.0,1.4056838750839233,62.0521125793457,34.0,2015,8,-0.7393922635959241,-0.673274892250183,26_93,660.077880859375,22.874877580312685,-0.20620350598092746,-0.978509128276877,0.005187127845016931,19.975557903429838,37.82823966847942,616.0406494140625
0,neg_hard,2012-06-28,26.18985845670441,94.84754175821112,26.25,94.75,21,29,0.8775098919868469,29.869178771972656,80.66104888916016,183.5094757080078,367.793701171875,72.20240783691406,11.0,9.956393241882324,116.13065338134766,46.0,2012,6,0.04514101777397193,-0.9989806246941579,26_94,2026.765869140625,23.51410635584813,-0.45029480809899575,-0.8928799391850444,-0.011586210921394146,23.49421024479086,38.52873063602813,1004.5321044921875
0,neg_general,2015-08-04,23.132343209715113,88.76405211066407,23.25,88.75,9,5,5.090716361999512,30.773330688476562,152.67210388183594,250.7774658203125,628.5979614257812,122.76046752929688,14.0,10.257777214050293,188.92440795898438,3.0,2015,8,-0.5431052396834317,-0.8396646346181327,23_88,7.453275203704834,0.1472024335534088,0.742994928399489,0.6692970464394999,6.161689643136715e-05,0.5759782642663946,2.8116453467052525,12.402277946472168
1,pos,2009-08-12,27.7,92.8,27.75,92.75,27,21,16.534317016601562,25.055774688720703,46.0181770324707,285.578125,611.2120971679688,178.357177734375,11.0,8.351924896240234,172.1546173095703,7.0,2009,8,-0.65316012232693,-0.7572198192083127,27_92,2453.18310546875,15.819143027432425,-0.7005880699956852,-0.7135659438199955,0.006786871329301719,26.087585990534997,48.85570828857877,962.0791015625
0,neg_hard,2016-07-29,24.964868370517834,94.26025116328327,25.0,94.25,16,27,6.685932636260986,30.470600128173828,76.96139526367188,146.14695739746094,305.3807067871094,57.286041259765625,12.0,10.156867027282715,98.47502899169922,60.0,2016,7,-0.46896519100763184,-0.8832166493127127,24_94,1392.077880859375,21.942004187895524,0.5072739342123179,-0.8617848662333059,0.00357749708137104,16.003608767065792,30.563349582011572,655.0607299804688
0,neg_hard,2011-02-15,23.699308758013323,93.01603767892198,23.75,93.0,11,22,0.0,0.0,0.0,0.0,15.354426383972168,0.0,0.0,0.0,0.9263970255851746,60.0,2011,2,0.7112757519738152,0.7029130847082615,23_93,725.7468872070312,20.94451226924991,0.16472704378230102,-0.9863391916814134,-0.0027962990497622225,22.201438594558134,40.8812904968365,640.9278259277344
0,neg_general,2012-09-04,24.306181660742258,92.17626098585582,24.25,92.25,13,19,0.5383256077766418,19.932497024536133,86.60225677490234,207.0951385498047,345.3891296386719,95.1495590209961,10.0,6.644165515899658,121.44505310058594,9.0,2012,9,-0.9020987014301837,-0.43152975897147144,24_92,34.89695739746094,0.44625668437548466,0.030241206820153136,-0.9995426301114229,0.00024870794006933485,1.8282122827002236,6.650963948046838,40.13741111755371
0,neg_hard,2016-07-31,25.335533212850578,92.90822163002778,25.25,93.0,17,22,5.723152160644531,6.038276195526123,20.04393768310547,64.21295166015625,209.58303833007812,29.17940902709961,10.0,2.012758731842041,48.64012908935547,60.0,2016,7,-0.4990686026885319,-0.8665624788845385,25_92,668.7838134765625,11.734095973773602,-0.2897429406736178,0.9571045023035909,0.007306268390775514,11.705023084424335,26.44894229625924,415.6222229003906
0,neg_general,2010-07-31,28.517548928702432,93.5654835986096,28.5,93.5,30,24,7.729796886444092,174.21087646484375,204.7920379638672,445.3836364746094,806.9467163085938,174.21087646484375,13.0,58.07029342651367,297.453125,1.0,2010,7,-0.48408852163897587,-0.8750190302029955,28_93,4505.95947265625,28.87056069405554,0.9159646559564408,0.4012589550883556,0.001386114489407204,25.955501872558912,54.41225476493555,1261.019287109375
0,neg_wet,2007-06-13,25.790220307594183,90.43233709213987,25.75,90.5,19,12,0.0,45.45074462890625,347.5503845214844,381.840576171875,509.81353759765625,281.0552978515625,9.0,15.150248527526855,263.51995849609375,3.0,2007,6,0.31494162072895193,-0.9491110448902284,25_90,103.07295989990234,6.4828925356287534,-0.9792656705466772,-0.20258022235343345,0.001739414646698037,7.656908945839214,26.922550051759643,173.26831817626953
1,pos,2012-06-03,25.1175,92.8573,25.0,92.75,16,21,25.881996154785156,94.66548919677734,136.91058349609375,189.79006958007812,344.5054016113281,94.66548919677734,11.0,31.55516242980957,166.20730590820312,1.0,2012,6,0.4575313760742512,-0.8891934772070711,25_92,152.45416259765625,8.205112472971619,-0.3923756230789902,-0.9198050719654541,0.001381556304438868,13.281796444729942,39.56362488523168,521.1337356567383
1,pos,2015-08-20,25.6263,94.1057,25.75,94.0,19,26,7.745830059051514,11.066837310791016,20.286609649658203,87.41000366210938,157.86856079101562,42.03694152832031,8.0,3.688945770263672,50.106056213378906,35.0,2015,8,-0.7508642533989489,-0.6604565640279754,25_94,1511.099609375,12.934539976776714,0.7507855309314398,0.660546051796539,0.005703716864749786,23.040308643262588,42.2778029748695,970.00341796875
0,neg_hard,2015-09-29,26.114863268596675,94.1617113315122,26.0,94.25,20,27,0.0,0.0,20.690616607666016,61.040225982666016,190.74853515625,30.574073791503906,7.0,0.0,42.83128356933594,60.0,2015,9,-0.9994446170919858,-0.033323525711631344,26_94,282.6861572265625,16.245925208241385,0.9945361015682613,0.10439321183585189,0.0027647509228728856,12.977021642398611,30.388704832234023,344.94720458984375
0,neg_hard,2010-06-30,23.831620018950822,92.71462878934696,23.75,92.75,11,21,7.06919002532959,14.172272682189941,86.49507904052734,149.53623962402344,379.1531677246094,68.4250259399414,11.0,4.724091053009033,112.78128051757812,60.0,2010,6,0.02795029824021032,-0.999609314096404,23_92,609.597900390625,18.529012596436917,-0.7492494427724542,-0.6622879075637474,-0.006149585271321289,21.919319083485334,39.816488224458475,752.2987670898438
0,neg_wet,2007-08-09,23.155104572949607,92.89853758751023,23.25,93.0,9,22,0.0,68.79786682128906,77.41590881347656,142.79815673828125,330.0984191894531,68.92842864990234,8.0,22.9326229095459,117.84090423583984,1.0,2007,8,-0.6132298262997502,-0.7899045386224707,23_92,822.3296508789062,30.060040051050954,0.951269696953143,0.3083601200847401,-0.0024966585919561682,19.217938934846877,39.45908386104951,506.35540771484375
1,pos,2012-07-05,28.9986,94.8885,29.0,95.0,32,30,0.0,0.0,0.0,0.0,0.0,0.0,0.0,0.0,1.6416265695573627e-25,60.0,2012,7,-0.07518957641475855,-0.9971692572470178,28_94,604.846435546875,5.404744339709031,0.9507808548956294,0.3098641088669939,0.0002114282818079226,12.894821355093205,39.77774691143355,607.559814453125
0,neg_hard,2008-08-24,26.366043855467236,94.68452341301642,26.25,94.75,21,29,10.42033863067627,17.342222213745117,54.65486526489258,120.4532470703125,350.3560791015625,30.151140213012695,13.0,5.780740737915039,89.29387664794922,21.0,2008,8,-0.8048257371083452,-0.593511190196115,26_94,697.9120483398438,20.436258092782165,0.023509693883557326,0.9997236089507446,-0.0023946867364643453,18.68793783023071,38.81748123625042,797.667724609375
0,neg_wet,2007-09-07,26.538370046895736,88.16378720997524,26.5,88.25,22,3,39.88105392456055,153.77467346191406,352.4149475097656,622.694580078125,1085.705078125,247.99658203125,14.0,51.25822448730469,427.85394287109375,2.0,2007,9,-0.9164086366943458,-0.4002439388573056,26_88,88.22633361816406,0.6985941070857521,0.30260295778780066,0.953116703210092,-0.0008254921078760863,0.6281242848627534,2.152418645774497,16.013031005859375
0,neg_general,2015-09-29,27.60396537006078,95.21054179378616,27.5,95.25,26,31,0.0,0.0,39.70728302001953,121.76026153564453,266.69818115234375,66.40986633300781,8.0,0.0,82.03199005126953,29.0,2015,9,-0.9994446170919858,-0.033323525711631344,27_95,112.22972106933594,0.06533215125135856,-0.5971141249602662,-0.8021562951027285,-0.00014018835060777558,0.36324955908252965,1.3322732247394646,4.534942626953125
1,pos,2010-05-31,27.3543,88.6428,27.25,88.75,25,5,23.793811798095703,59.58388137817383,93.49368286132812,169.7755889892578,251.1324920654297,59.58388137817383,13.0,19.86129379272461,115.78253173828125,60.0,2010,5,0.5175855102531889,-0.8556314858488706,27_88,2134.095947265625,23.793661906459015,0.9791161512003592,0.20330165385110696,0.0008129979008123761,25.809991206205,44.50609375094179,1152.32177734375
0,neg_general,2008-10-28,26.450432786112668,89.45869382740804,26.5,89.5,22,8,16.86357307434082,27.7612361907959,27.7612361907959,27.7612361907959,100.30953979492188,27.7612361907959,2.0,9.253745079040527,37.6735954284668,53.0,2008,10,-0.8857249183835637,0.4642104791518923,26_89,49.65842819213867,0.6451918394183168,0.032213875888288654,0.9994809984188063,-0.0004905715796243756,0.5508771453237813,2.0338054245522157,10.369762420654297
0,neg_general,2014-04-16,23.862108857267277,88.31821988943182,23.75,88.25,11,3,0.0,0.0,0.0,0.0,13.778992652893066,0.0,0.0,0.0,1.2904775142669678,60.0,2014,4,0.9682507501166718,-0.2499809690726521,23_88,14.321181297302246,0.0956543145734488,0.20210767213656997,0.9793633079013818,-0.00010195559820209743,0.26078883045289675,2.424311564417589,11.064719200134277
0,neg_wet,2016-07-23,27.659576998104317,88.39182381526932,27.75,88.5,27,4,18.013530731201172,51.793800354003906,126.21572875976562,245.9928741455078,466.66351318359375,96.83163452148438,15.0,17.26460075378418,170.37591552734375,60.0,2016,7,-0.3754703786876202,-0.9268343944460494,27_88,4607.7490234375,49.40760204216666,0.9524580215470821,-0.3046698494938711,-0.008054293953981247,33.80446804490691,65.40085206432734,1547.36669921875
0,neg_wet,2007-08-29,24.989135357767314,92.93774150081661,25.0,93.0,16,22,25.54145622253418,55.268218994140625,105.28742980957031,168.62892150878906,348.4213562011719,55.268218994140625,11.0,18.422739028930664,123.11651611328125,60.0,2007,8,-0.8437282590292712,-0.5367705514607103,24_92,415.0782775878906,15.853676075070029,-0.6494513983605624,-0.7604031043910263,-0.0095843486642028,21.684033017999006,43.90585106542273,740.8940887451172
0,neg_wet,2009-09-19,26.233450666537674,88.77798336645655,26.25,88.75,21,5,13.907878875732422,61.2090950012207,100.53425598144531,155.2891845703125,290.4368896484375,61.2090950012207,8.0,20.403032302856445,122.57232666015625,28.0,2009,9,-0.9789888737409319,-0.20391367068311472,26_88,62.764366149902344,0.5399723248179293,0.9437783907145608,0.3305788093938173,0.0004053374431028501,0.5987365828367205,2.9502528034377105,10.85775375366211
0,neg_general,2014-07-14,25.901161409945274,89.43635289240697,26.0,89.5,20,8,0.0,0.0,0.0,0.0,0.0,0.0,0.0,0.0,0.0,60.0,2014,7,-0.2112757555821793,-0.9774264960104055,25_89,32.61550521850586,0.9018476917117081,0.9907583459070982,0.13563885879581422,0.00019213754246746105,0.6959333109110686,2.704252160302951,12.762596130371094
0,neg_wet,2009-05-26,23.443165479985996,88.48639489758985,23.5,88.5,10,4,51.043678283691406,94.63191223144531,94.63191223144531,171.732666015625,178.92514038085938,94.63191223144531,6.0,31.543970108032227,118.41129302978516,0.0,2009,5,0.5891760872322963,-0.8080046647350754,23_88,11.294720649719238,1.1044272031077094,-0.5391256800008497,0.8422253268357711,-0.0003995683257718376,0.7591751577258327,4.424638906527795,19.464906692504883
0,neg_general,2015-09-03,27.21267205596544,95.6892754765988,27.25,95.75,25,33,16.133953094482422,66.77732849121094,284.9718933105469,359.4943542480469,589.6458129882812,207.4510040283203,12.0,22.259109497070312,255.22763061523438,3.0,2015,9,-0.886721063082993,-0.46230483047981086,27_95,414.200927734375,11.76765907577961,-0.94329771902531,-0.331947907481953,-0.002459232345774681,17.75949033937881,40.13750853710429,517.0632476806641
1,pos,2015-09-23,25.583,91.893,25.5,92.0,18,18,64.58702850341797,104.67656707763672,158.7628173828125,230.82745361328125,572.7589111328125,104.67656707763672,12.0,34.892189025878906,199.50845336914062,0.0,2015,9,-0.9906923101615609,-0.13612033862266704,25_91,1449.671630859375,3.718878012993033,-0.4943862153452726,-0.8692423540512609,0.0006520028337329884,5.15242675023263,21.243027608561732,128.6793212890625
1,pos,2007-04-11,27.4459,88.6193,27.5,88.5,26,4,0.655915379524231,32.02228546142578,56.864837646484375,105.92346954345703,178.5166778564453,38.39393997192383,10.0,10.674095153808594,72.52438354492188,60.0,2007,4,0.986146248341595,-0.16587819893463143,27_88,1959.9910888671875,17.16915994878212,-0.08004144149149185,-0.99679153670362,-0.0013062068623789945,25.605934902049228,46.8702234835912,1303.823486328125
0,neg_wet,2009-07-26,23.20096782859525,92.21860723490033,23.25,92.25,9,19,21.367156982421875,39.397430419921875,87.03839874267578,185.476806640625,377.8514404296875,61.12787628173828,11.0,13.132476806640625,119.364501953125,25.0,2009,7,-0.4071294853542516,-0.9133704517637858,23_92,70.29634857177734,9.739019072881169,0.9338878824306328,0.3575659702058188,0.002318642524434846,5.1892348891844104,17.42171419336765,116.8088264465332
0,neg_general,2014-04-27,26.108258476414875,90.43990857010544,26.0,90.5,20,12,0.0,0.0,0.0,10.78493881225586,51.235347747802734,10.78493881225586,1.0,0.0,10.227213859558105,60.0,2014,4,0.9039461929224011,-0.42764620926777464,26_90,32.86825942993164,0.07895689646274463,0.2974783906136931,-0.9547285515359258,-5.218255804287428e-06,0.7120694377494136,19.659452137174057,67.83501434326172
0,neg_general,2012-06-16,28.906700565229315,94.89040316616631,29.0,95.0,32,30,0.0,0.0,0.0,0.0,0.0,0.0,0.0,0.0,1.2152529448750654e-24,60.0,2012,6,0.24893980855376657,-0.9685189578512204,28_94,1519.507568359375,35.39914891545784,-0.9867660428637945,-0.16215047533364776,-0.00021726111720303466,28.230229413883617,45.88531286216387,1236.8724365234375
0,neg_wet,2007-08-15,25.51999969989724,90.67403466982645,25.5,90.75,18,13,36.160789489746094,98.89378356933594,132.94093322753906,273.668212890625,1930.5809326171875,197.36329650878906,13.0,32.964595794677734,358.5838928222656,11.0,2007,8,-0.6913512362094071,-0.722518835873311,25_90,373.1214294433594,5.074365092415329,0.6096328443202864,-0.7926839188011559,0.005237441691449305,8.73163193527059,25.24931259472378,449.0190734863281
0,neg_wet,2015-07-24,25.63005287926501,90.10549549778307,25.75,90.0,19,10,18.55605125427246,57.41321563720703,77.45809936523438,165.4994354248047,263.96038818359375,71.83515167236328,11.0,19.137739181518555,116.77445983886719,43.0,2015,7,-0.3754703786876202,-0.9268343944460494,25_90,290.8356018066406,4.3486513254518355,-0.9420485036165351,-0.3354767008807719,0.001425276555199848,5.296044744789147,19.074424780441802,122.36985778808594
0,neg_wet,2008-09-04,27.393291261311234,93.78561163390025,27.5,93.75,26,25,27.678823471069336,139.8529052734375,305.969482421875,523.3908081054688,990.4469604492188,171.10418701171875,15.0,46.61763381958008,382.8210754394531,1.0,2008,9,-0.9020987014301837,-0.43152975897147144,27_93,1216.8994140625,20.292874323778033,0.8402532049224655,0.5421942010179797,0.003621668625524662,24.219035215481025,43.71956465177905,997.4852905273438
0,neg_hard,2013-02-10,26.757040726230965,94.63346152839738,26.75,94.75,23,29,0.0,0.0,0.0,0.0,1.4091721773147583,0.0,0.0,0.0,0.29935526847839355,60.0,2013,2,0.6482618097757122,0.7614175109532997,26_94,139.064697265625,2.97362834458505,0.6819768343339753,-0.7313737740935271,0.0009306108388736624,2.626677468154534,8.94011329227068,57.51513671875
0,neg_wet,2010-06-10,24.12705574340264,93.02161368619191,24.25,93.0,13,22,41.05171203613281,104.58914184570312,182.5029296875,264.7347717285156,457.35955810546875,104.58914184570312,14.0,34.8630485534668,204.47682189941406,2.0,2010,6,0.36348161248290634,-0.9316013725767187,24_93,972.2454833984375,22.935636545834,-0.8231755950555693,-0.5677868787713479,-0.0011248350520856021,24.137044382044955,52.874643786271704,1017.3501892089844
0,neg_general,2011-07-22,24.45960690235129,88.61647311564745,24.5,88.5,14,4,2.6623375415802,21.589811325073242,88.08407592773438,231.13108825683594,476.66680908203125,137.61463928222656,9.0,7.196603775024414,139.26901245117188,13.0,2011,7,-0.34336687399638804,-0.939201357453208,24_88,15.819551467895508,0.8082755357529796,0.4138557745934229,-0.9103424618437163,0.00036411502844011146,0.6234757674723438,2.9738275050383884,12.89360237121582
0,neg_hard,2010-08-21,24.769059943312712,94.14492775873133,24.75,94.25,15,27,10.750447273254395,30.737979888916016,56.498023986816406,82.65625762939453,283.1567687988281,30.737979888916016,10.0,10.245993614196777,77.08675384521484,24.0,2010,8,-0.7621140503891487,-0.6474427960827475,24_94,1074.68017578125,25.879510140614887,0.685725007913863,0.7278607102471821,0.004012002612525916,17.62453122939407,37.441628222844855,523.6270751953125
1,pos,2010-08-19,26.9722,88.4481,27.0,88.5,24,4,39.00047302246094,231.73509216308594,362.00885009765625,490.32513427734375,979.9682006835938,249.90304565429688,13.0,77.24503326416016,418.3203430175781,1.0,2010,8,-0.7393922635959241,-0.673274892250183,26_88,445.6878356933594,32.65167841192973,-0.3806003399743177,0.9247396288747627,-0.004684515209083064,26.824773516105807,49.629759090832,898.9844970703125
1,pos,2014-05-08,27.9032,96.174,28.0,96.25,28,35,58.49909973144531,87.63481140136719,116.86903381347656,136.74917602539062,173.20123291015625,87.63481140136719,8.0,29.21160316467285,113.45440673828125,0.0,2014,5,0.8073707443023492,-0.5900444739548627,27_96,196.5,0.6631117091729789,-0.30848704104833286,0.9512285453587083,0.0010424370192989125,1.0811354785085405,5.856068940429439,27.770065307617188
0,neg_general,2011-10-18,26.29265864016865,93.58440567947633,26.25,93.5,21,24,0.0,0.0,0.0,0.0,60.012062072753906,19.2222843170166,0.0,0.0,10.101707458496094,55.0,2011,10,-0.957232443323312,0.28931997761869527,26_93,826.058837890625,17.461450163285683,-0.3640603241382573,-0.9313753702929592,0.0048584736004994205,17.851945779933626,31.58952276168151,634.6078491210938
0,neg_wet,2009-08-29,26.263266168566442,92.5631104387102,26.25,92.5,21,20,15.189226150512695,61.21471405029297,61.798545837402344,114.68511962890625,245.9989013671875,61.21471405029297,10.0,20.404905319213867,91.9036865234375,60.0,2009,8,-0.8437282590292712,-0.5367705514607103,26_92,57.16094207763672,0.06951190563365833,-0.032202510033453965,0.9994813646824764,6.618214707411475e-05,0.5619022028201256,4.066272542451521,14.37246322631836
0,neg_general,2010-06-09,26.281897050758243,91.99084886227905,26.25,92.0,21,18,6.814115047454834,10.371953010559082,96.57633972167969,179.00079345703125,319.6836853027344,89.23359680175781,11.0,3.457317590713501,110.23322296142578,15.0,2010,6,0.37945284372454435,-0.925211078289358,26_91,48.0,0.17774555315181353,-0.4844277859861718,-0.8748312523935892,-0.00013119502007482748,3.551627424785717,38.85547873557238,276.9200744628906
1,pos,2010-06-16,27.0765,88.4808,27.0,88.5,24,4,47.56085968017578,110.98451232910156,183.8076171875,294.5462341308594,489.333251953125,110.98451232910156,13.0,36.99483871459961,210.01068115234375,60.0,2010,6,0.26556302780405594,-0.9640935007889755,27_88,1219.3114013671875,16.11796254232367,0.14724714206884829,-0.9890997316512408,-0.0012162845691174253,21.335326139550958,43.82197741538973,933.1565246582031
0,neg_hard,2014-07-21,27.55671099708247,88.48549238709585,27.5,88.5,26,4,8.961603164672852,37.25570297241211,130.28173828125,262.57293701171875,568.6048583984375,120.89775085449219,14.0,12.418567657470703,179.08311462402344,8.0,2014,7,-0.3271603271220951,-0.9449688462364056,27_88,1737.4429931640625,12.730944512732409,-0.8478973806692915,-0.5301603831428321,0.0046510814429086365,32.82374838208785,55.114555060113425,1876.7597045898438
0,neg_wet,2010-07-08,28.55718148571579,96.85193633809665,28.5,96.75,30,37,31.884292602539062,69.30195617675781,89.76437377929688,186.78639221191406,384.247802734375,80.03663635253906,11.0,23.10065269470215,141.7573699951172,55.0,2010,7,-0.10944576864891556,-0.993992768446958,28_96,4221.46435546875,39.632205540086396,0.9907954373680709,-0.13536765230516917,-0.0028978082689373945,38.374182778775356,72.5661690476391,1447.931396484375
0,neg_general,2011-05-27,23.546722588452102,88.26523855218859,23.5,88.25,10,3,0.0,0.0,0.0,34.33534240722656,58.018489837646484,23.658077239990234,2.0,0.0,14.843892097473145,60.0,2011,5,0.5751899607119775,-0.8180198708443174,23_88,10.46862506866455,0.43547457286138214,-0.9941001637180509,0.1084659600784709,7.863008233686196e-05,0.7495980444567849,3.988886571643197,13.187629699707031
0,neg_wet,2012-05-24,25.345634912467197,92.06061924547154,25.25,92.0,17,18,4.7296929359436035,29.944753646850586,40.210933685302734,61.76496505737305,254.5074462890625,29.944753646850586,9.0,9.981584548950195,58.54918670654297,60.0,2012,5,0.6029878670694714,-0.7977503570459932,25_92,1232.8577880859375,3.1616870397980046,0.6786866086586446,0.7344280000295658,-0.002261427119880067,15.066593973626553,44.87402530275084,721.674560546875
0,neg_wet,2009-08-02,28.892240523898607,94.2415218550189,29.0,94.25,32,27,28.95893096923828,101.9678726196289,168.07553100585938,295.22076416015625,481.47052001953125,124.32368469238281,9.0,33.98929214477539,212.2646942138672,2.0,2009,8,-0.5139010013093103,-0.8578494977869301,28_94,2801.00830078125,35.07714605355918,0.7509459086585974,-0.6603637196794759,-0.003338195700360409,28.94125839924453,52.760302584532944,1391.60693359375
0,neg_hard,2008-07-14,27.520456098491145,88.68370261264667,27.5,88.75,26,5,10.858733177185059,31.887195587158203,95.32164001464844,223.5841064453125,568.8798828125,79.45210266113281,14.0,10.62906551361084,151.50189208984375,23.0,2008,7,-0.2280577712215198,-0.9736476020539838,27_88,2701.1953125,35.30448791923464,-0.3969748809725139,0.917829474290763,0.006653349608519908,33.11416045624823,59.29849147626426,1555.9752197265625
0,neg_wet,2010-07-08,28.426314338998257,94.43742636830716,28.5,94.5,30,28,31.719221115112305,53.11902618408203,102.14614868164062,239.45797729492188,494.5008544921875,85.67227172851562,15.0,17.706342697143555,168.65310668945312,32.0,2010,7,-0.10944576864891556,-0.993992768446958,28_94,3144.524658203125,26.156768170328483,-0.9902190744868898,0.13952126906793594,-0.005602659145073309,29.81678286727589,55.82983180737367,1378.49267578125
0,neg_general,2012-09-13,28.055674582282013,92.43524035086173,28.0,92.5,28,20,0.0,0.0,0.0,0.0,0.0,0.0,0.0,0.0,7.856129483931051e-13,60.0,2012,9,-0.9578523554276669,-0.28726097055059635,28_92,5276.384765625,24.129892478976828,0.9948349585818645,-0.10150569039920804,-0.010561811588408014,25.44482212279025,39.10453558042085,975.98974609375
0,neg_wet,2013-06-23,25.45841802312885,91.35954535618538,25.5,91.25,18,15,54.713134765625,66.78807830810547,128.408935546875,365.667724609375,659.0816650390625,289.96917724609375,11.0,22.262693405151367,215.60174560546875,0.0,2013,6,0.14782713347053048,-0.9890132145779883,25_91,1561.8961181640625,6.821937648414348,-0.007818102222845659,-0.999969438171804,-0.00024190628159056305,8.28370716572236,27.45695110508098,162.2515869140625
0,neg_wet,2007-07-07,26.747044043293588,90.09138442550247,26.75,90.0,23,10,21.328195571899414,82.45660400390625,122.1219711303711,165.3320770263672,748.6181030273438,82.45660400390625,13.0,27.48553466796875,183.13912963867188,18.0,2007,7,-0.09233133369539122,-0.9957283388645872,26_90,249.24684143066406,14.66816574570475,-0.1028266466831646,0.9946992916112365,0.005320075580156866,7.335902734965686,24.28283618073023,256.8658447265625
0,neg_wet,2013-08-12,23.22906102386642,91.80449970428593,23.25,91.75,9,17,0.488283634185791,39.410648345947266,120.09164428710938,183.75888061523438,357.3781433105469,129.24545288085938,10.0,13.136882781982422,138.18222045898438,5.0,2013,8,-0.65316012232693,-0.7572198192083127,23_91,56.020938873291016,0.38578433610409024,0.8847047025358351,0.46615189510606897,-0.0024082600950649123,1.7549551623159545,5.600344228677399,31.693092346191406
0,neg_hard,2015-03-27,27.536787812132744,91.64754609543527,27.5,91.75,26,17,0.0,0.0,0.7457372546195984,0.7457372546195984,8.128090858459473,0.7457372546195984,0.0,0.0,1.0733811855316162,60.0,2015,3,0.9958270335100595,0.09126072172931188,27_91,1957.121337890625,24.7115967289736,-0.4111674501323119,-0.9115598323487564,8.043597670691729e-05,29.65235839746182,46.91627707294482,1704.20703125
1,pos,2013-10-05,25.8266,94.1497,25.75,94.25,19,27,15.214532852172852,23.100765228271484,31.620361328125,91.66732788085938,162.1349334716797,55.18825149536133,5.0,7.700254917144775,63.193119049072266,32.0,2013,10,-0.9975590477788613,0.06982797572987089,25_94,1386.3798828125,17.492231776893952,0.17313088959212006,0.9848988247881307,0.005993984468031922,17.884622018192346,32.82936364625399,504.2767333984375
0,neg_hard,2014-06-13,24.90756541476351,93.29134146532573,25.0,93.25,16,23,9.642608642578125,42.87487030029297,62.741554260253906,90.18307495117188,152.77432250976562,42.87487030029297,6.0,14.29162311553955,67.75666046142578,60.0,2014,6,0.31494162072895193,-0.9491110448902284,24_93,123.37149047851562,0.7294000635430785,0.2914499972294365,-0.9565860646669286,0.005844631223495853,12.959667533227568,45.974949231627484,465.15606689453125
0,neg_hard,2008-04-17,27.39329764994676,91.80403025106251,27.5,91.75,26,17,7.476659297943115,9.967208862304688,20.927080154418945,24.7049617767334,65.67890930175781,10.730777740478516,4.0,3.3224029541015625,23.008703231811523,60.0,2008,4,0.9590788900341131,-0.28313898122818354,27_91,2238.771240234375,28.591826658486113,-0.6388840302034413,0.7693030585868019,-0.0024799681137360977,27.63233509326543,45.32272140561965,1058.6798095703125
0,neg_wet,2007-09-15,23.79274408810279,91.81839543325476,23.75,91.75,11,17,82.25652313232422,159.2569580078125,245.46908569335938,531.811767578125,775.7888793945312,271.904541015625,14.0,53.08565139770508,349.3376770019531,0.0,2007,9,-0.9626519747161487,-0.2707418984477642,23_91,130.4442596435547,4.619793140770029,-0.7868063523128476,-0.6171999383993416,-0.003030565755124349,4.2734055741380335,12.203170562120883,68.47467803955078
0,neg_hard,2014-09-17,28.11610026250011,95.14505732342373,28.0,95.25,28,31,0.0,2.9648072719573975,19.68568229675293,110.6153793334961,543.4012451171875,76.46674346923828,8.0,0.9882690906524658,93.72322082519531,9.0,2014,9,-0.97139528468375,-0.23746831555846842,28_95,656.1765747070312,34.88209607506336,0.9998578845664232,0.016858548880528925,-0.0014576065560150963,28.261208656176695,49.93057179237649,1067.1541290283203
0,neg_hard,2014-07-04,26.914296259582784,93.69750842362212,27.0,93.75,24,25,2.429004669189453,50.745361328125,96.27973937988281,277.1988220214844,380.1610412597656,118.57145690917969,12.0,16.91512107849121,142.89498901367188,14.0,2014,7,-0.04084439154329611,-0.9991655196610109,26_93,78.68146514892578,0.14627380968636344,0.42324664786034893,-0.9060145004772152,0.00010931847200670184,0.7256890821336702,2.433591147744621,13.938827514648438
1,pos,2013-08-01,27.8837,93.0515,28.0,93.0,28,22,0.2912605106830597,11.207969665527344,68.54987335205078,129.65249633789062,423.0962829589844,57.34190368652344,10.0,3.735989809036255,99.58599090576172,19.0,2013,8,-0.4990686026885319,-0.8665624788845385,27_93,1558.798828125,40.209076132041574,0.3307402476761313,-0.9437218279594529,0.004981378285562337,27.524099769896146,49.31728944112565,1369.1309814453125
0,neg_wet,2007-09-06,27.560118965383676,94.06742118223751,27.5,94.0,26,26,16.51688575744629,90.80335235595703,226.4850311279297,370.8272399902344,852.7711791992188,189.57398986816406,12.0,30.267784118652344,281.0003967285156,2.0,2007,9,-0.9093882203647925,-0.4159483918249421,27_94,1711.435546875,42.57973839721192,0.9958530813928633,-0.09097604234269067,0.001573465419160883,32.31009858697883,51.495953443695974,1200.179443359375
0,neg_general,2010-08-01,28.9342416493493,94.67280019975868,29.0,94.75,32,29,9.77068042755127,15.049835205078125,73.41401672363281,148.04795837402344,507.3548583984375,64.07667541503906,10.0,5.016611576080322,121.48575592041016,20.0,2010,8,-0.4990686026885319,-0.8665624788845385,28_94,1768.01806640625,30.583405786686782,0.53626242494043,-0.8440513086282194,0.0002722634202763504,38.528889054609444,57.78294637498204,1869.260498046875
0,neg_wet,2008-07-09,23.654838327138037,92.95665842823031,23.75,93.0,11,22,6.9619669914245605,42.57006072998047,111.38467407226562,220.41250610351562,320.01409912109375,78.72297668457031,15.0,14.190020561218262,129.59188842773438,60.0,2008,7,-0.1435724234118113,-0.9896398128792412,23_92,903.5404052734375,20.560175207215533,0.16108579499027692,-0.9869404068394152,0.0004474585502554254,19.153942248122117,43.30161882847955,739.28759765625
1,pos,2010-08-21,25.5718,94.1211,25.5,94.0,18,26,32.590938568115234,60.28028106689453,103.60408020019531,133.09393310546875,313.613525390625,60.28028106689453,9.0,20.093427658081055,117.5903549194336,60.0,2010,8,-0.7621140503891487,-0.6474427960827475,25_94,1622.5428466796875,6.670213979054566,0.8741021542405212,0.4857421373034051,0.008713007708086232,25.896535570855544,53.26371108459964,927.8798828125
0,neg_general,2015-07-29,28.50569060765495,92.9327581674315,28.5,93.0,30,22,0.16332486271858215,0.3655366003513336,94.82760620117188,133.83218383789062,322.5573425292969,94.29875183105469,6.0,0.1218455359339714,85.95221710205078,29.0,2015,7,-0.45370308603134424,-0.8911529104063088,28_92,3594.899658203125,37.0972015915707,-0.4771222408546033,-0.8788369400986067,-0.005482807803628751,33.610919996605496,51.07363078192172,1343.472900390625
0,neg_wet,2012-07-05,26.492797082361694,90.94250952829427,26.5,91.0,22,14,19.334299087524414,28.07186508178711,57.74993133544922,389.9689636230469,875.49560546875,245.08535766601562,10.0,9.357288360595703,230.90692138671875,7.0,2012,7,-0.07518957641475855,-0.9971692572470178,26_90,45.79604721069336,1.207109510484745,0.9720477656851398,0.23478317918140457,0.0006508526771321528,0.8173181975110801,3.676936419098926,16.214176177978516
1,pos,2010-08-19,26.1984,94.8158,26.25,94.75,21,29,16.913890838623047,38.64655303955078,133.17068481445312,177.892578125,414.2937927246094,83.18077087402344,12.0,12.882184028625488,147.1590118408203,60.0,2010,8,-0.7393922635959241,-0.673274892250183,26_94,1882.138427734375,22.81965178330435,-0.1908833601486987,0.9816127254769786,0.006164899054977501,22.854506509750607,39.5433430889023,722.7855224609375
1,pos,2015-06-30,27.0875,88.6556,27.0,88.75,24,5,29.562604904174805,49.270118713378906,86.9137191772461,191.3843536376953,677.4105834960938,83.06292724609375,8.0,16.423372268676758,166.19406127929688,7.0,2015,6,0.02795029824021032,-0.999609314096404,27_88,2175.63134765625,16.385296898826574,0.98628375051138,0.16505866677398712,-0.007287801021537705,22.271803016661945,42.1692034525084,834.156005859375
0,neg_general,2013-06-16,28.528828508579352,94.83394098964267,28.5,94.75,30,29,0.10708016902208328,0.10708016902208328,3.176548480987549,62.22344207763672,204.1483917236328,35.36947250366211,8.0,0.03569338843226433,40.467044830322266,60.0,2013,6,0.26556302780405594,-0.9640935007889755,28_94,1871.898681640625,29.76990470831455,-0.18817826301083285,-0.9821348895799527,-0.0006216146678048402,31.46343458820283,46.65949995822215,1243.892578125
1,pos,2007-08-26,24.9667,93.55,25.0,93.5,16,24,2.473094940185547,5.586319923400879,32.81268310546875,81.8057861328125,109.01596069335938,32.25371551513672,7.0,1.8621066808700562,45.076881408691406,60.0,2007,8,-0.8149159841660791,-0.5795791048257612,24_93,569.6266479492188,16.634033946077125,-0.8768861331815195,-0.48069814794105714,0.0013938624370501498,20.513770037431343,45.16032291822299,831.5244750976562
0,neg_wet,2011-05-11,26.727251104698365,93.16097825690954,26.75,93.25,23,23,15.391828536987305,54.461082458496094,72.54798889160156,174.6143798828125,217.61135864257812,93.77371978759766,8.0,18.15369415283203,113.3595199584961,60.0,2011,5,0.7758587728069828,-0.6309066211876704,26_93,80.68805694580078,1.3553595246508208,0.6120688257362916,0.7908044970546115,-0.0013334994673793923,0.8017677110040592,4.529193609238239,24.90020751953125
0,neg_wet,2012-06-21,28.43438825170754,93.01832551221379,28.5,93.0,30,22,32.400001525878906,67.0,139.60000610351562,362.6000061035156,671.6000366210938,202.39999389648438,10.0,22.33333396911621,232.19468688964844,6.0,2012,6,0.16481784665719793,-0.9863240225317866,28_93,4264.9111328125,36.03742949433313,-0.965519239984036,0.2603317061378608,0.0009701407112288114,35.962474848475914,52.537723556188325,1521.656982421875
1,pos,2009-07-03,26.87324244,88.29184021,26.75,88.25,23,3,68.29273223876953,217.59390258789062,406.84576416015625,635.1947631835938,793.7269287109375,217.59390258789062,15.0,72.53130340576172,420.2096862792969,0.0,2009,7,-0.023651127245231586,-0.9997202729664083,26_88,1622.3963623046875,22.559515379076643,-0.09395799481047078,-0.9955761624362024,-0.0030083510665162762,25.483911611657618,46.22463168117046,1051.8128662109375
0,neg_hard,2013-10-25,25.23088326384773,93.31842291111967,25.25,93.25,17,23,0.0,6.268229961395264,7.053236961364746,8.25196361541748,110.4835205078125,7.259597301483154,1.0,2.0894100666046143,19.64982032775879,45.0,2013,10,-0.9155458729775467,0.40221356823680365,25_93,1313.3367919921875,16.965495087762047,0.6595029200002297,-0.7517020011355369,0.0014103541829435815,20.180207387494487,43.4057323611215,829.8147583007812
0,neg_wet,2013-06-26,28.299092987235877,97.03922729659945,28.25,97.0,29,38,34.400001525878906,113.80000305175781,115.20000457763672,143.0,255.0,113.80000305175781,5.0,37.93333435058594,127.39176940917969,1.0,2013,6,0.0966127018812031,-0.9953220513156602,28_97,2063.07958984375,40.41924752081128,-0.9999964232819779,0.0026745884265178825,-0.002568158784497207,34.16030345109438,55.92691939949445,1965.568359375
0,neg_general,2008-09-01,28.263767997479974,93.47783158905426,28.25,93.5,29,24,54.36582565307617,145.3398895263672,264.708251953125,491.1332702636719,786.2472534179688,157.588134765625,15.0,48.44662857055664,317.5994567871094,0.0,2008,9,-0.8786374941610001,-0.4774894280028391,28_93,3658.498046875,66.50129539934248,0.9649290758866177,-0.26251072074983517,-0.015478590598802171,29.480764746981592,67.73868397083478,1258.353759765625
0,neg_general,2012-07-03,27.994098280333233,94.64036534600743,28.0,94.75,28,29,32.414249420166016,56.41307830810547,63.58723449707031,199.8214111328125,401.51934814453125,65.51207733154297,11.0,18.804359436035156,126.72594451904297,51.0,2012,7,-0.04084439154329611,-0.9991655196610109,27_94,782.9790649414062,19.04600074400948,-0.36654393258582463,0.9304007445636092,-0.0027488329743313054,22.23680076008626,45.703400542645774,511.4862060546875
0,neg_hard,2016-09-03,27.12842252931579,95.86813518572235,27.25,95.75,25,33,43.27265167236328,122.56753540039062,149.0037841796875,157.68722534179688,338.3118896484375,122.56753540039062,8.0,40.8558464050293,161.1923065185547,15.0,2016,9,-0.8945422369764496,-0.4469834295196741,27_95,1424.5201416015625,23.092992982154133,0.20311800573880004,0.9791542655499658,0.0011724522612786667,23.419774172614794,44.75151425232392,822.6746826171875
0,neg_wet,2010-08-27,28.579769870453436,95.93454075167563,28.5,96.0,30,34,3.5793681144714355,29.56630516052246,52.202701568603516,145.79739379882812,309.73504638671875,52.16744613647461,11.0,9.855435371398926,95.21519470214844,26.0,2010,8,-0.8247650844733614,-0.5654755126737576,28_95,2816.462158203125,38.30620893129757,-0.6175537352854202,0.7865286924423197,0.003626811702928392,33.03753847238684,52.14336413363269,1403.6864013671875
0,neg_hard,2009-06-12,27.90305987783666,96.29210406968174,28.0,96.25,28,35,2.7197256088256836,16.428497314453125,73.91666412353516,117.64019775390625,177.3880157470703,57.00644302368164,8.0,5.476165771484375,73.77571105957031,60.0,2009,6,0.3312212278016865,-0.9435531242349544,27_96,397.22064208984375,19.498282045891457,-0.5922665136760091,-0.8057421279653099,-0.0019284357742138654,12.347922429598524,37.51107332220325,590.4671325683594
0,neg_wet,2007-07-24,23.53790180649842,92.28065663427252,23.5,92.25,10,19,42.48533630371094,94.23745727539062,287.2880859375,437.926513671875,618.0569458007812,175.66241455078125,14.0,31.412485122680664,285.7496337890625,5.0,2007,7,-0.3754703786876202,-0.9268343944460494,23_92,124.85629272460938,13.073519082231769,-0.7911365889476352,-0.6116395160781394,0.00480374179273402,12.733492895658523,30.712176644739674,191.00643920898438
0,neg_general,2013-08-07,25.336766067235192,90.16421047196944,25.25,90.25,17,11,60.79380798339844,106.12594604492188,137.98336791992188,179.89871215820312,256.00439453125,106.12594604492188,10.0,35.37531661987305,144.8351287841797,0.0,2013,8,-0.5856957398073508,-0.8105309990194823,25_90,100.07020568847656,8.228876176665771,-0.830886033269609,0.5564426293136555,-0.004919976867211328,6.272934578636629,17.86743314521385,109.50943374633789
0,neg_general,2015-07-18,23.995688066053184,93.69590325774013,24.0,93.75,12,25,55.28671646118164,84.69874572753906,88.76258850097656,143.0513458251953,324.9750671386719,84.69874572753906,7.0,28.2329158782959,125.77880859375,0.0,2015,7,-0.2779791393987801,-0.9605871111248129,23_93,1540.881103515625,18.63718472626822,-0.281627457960295,-0.9595238271782636,0.0017396954857045825,19.06168655840308,34.36138633079497,540.4940185546875
0,neg_wet,2016-09-27,27.44812059850874,94.33734305758037,27.5,94.25,26,27,3.9981768131256104,32.941253662109375,109.4242935180664,162.46414184570312,422.5519714355469,63.87556838989258,11.0,10.98041820526123,127.31424713134766,45.0,2016,9,-0.9987235240803972,-0.050510617185222886,27_94,98.94305419921875,1.7779208056209856,0.9871754641750575,0.15963897685327294,0.00042993398309404824,0.46406716810382226,3.085358100674828,13.998641967773438
0,neg_general,2008-05-04,28.209446581874367,93.72501690156737,28.25,93.75,29,25,0.22352062165737152,54.960548400878906,107.9498519897461,142.10531616210938,209.7198486328125,71.14539337158203,7.0,18.32018280029297,106.78215789794922,60.0,2008,5,0.8367329140344921,-0.5476112038402312,28_93,2628.535400390625,47.380760918617604,-0.6935921201508977,-0.720367941308178,0.002684678792715704,31.412593138514165,50.036128017636024,1201.0115966796875
1,pos,2011-08-13,25.7713,93.8067,25.75,93.75,19,25,40.099891662597656,43.077022552490234,73.51171112060547,103.12028503417969,240.37075805664062,43.077022552490234,8.0,14.359007835388184,94.8685302734375,47.0,2011,8,-0.666088855860977,-0.7458723993404063,25_93,234.64732360839844,6.1602198657469565,-0.2761297191357448,-0.9611203765450063,0.004923179344958242,16.96479233188343,42.70433818416986,372.65716552734375
0,neg_general,2009-08-08,24.81177871411436,93.34605775421171,24.75,93.25,15,23,14.372148513793945,21.533977508544922,58.59856414794922,120.20943450927734,171.82806396484375,37.06458282470703,13.0,7.177992343902588,71.76212310791016,60.0,2009,8,-0.5995514915196489,-0.8003361849976323,24_93,481.33734130859375,18.209413685758086,0.7391231053773081,-0.673570363879977,-0.0021638088504956285,20.159052418413264,41.30455089076242,974.3544921875
0,neg_general,2014-10-21,23.165064318855496,91.22730380009007,23.25,91.25,9,15,0.0,0.0,10.999661445617676,60.92722702026367,267.2196350097656,33.94541549682617,5.0,0.0,39.980262756347656,28.0,2014,10,-0.9410336347451197,0.3383130181923076,23_91,13.371150970458984,0.5289877859408469,-0.39698532995100655,-0.9178249548817522,-0.001320113597161141,0.7373353552728555,2.184112860086701,9.129244804382324
0,neg_wet,2012-07-17,27.349366570586014,94.14231091709432,27.25,94.25,25,27,15.402767181396484,44.4970703125,101.7198486328125,259.0736083984375,504.23687744140625,76.38218688964844,15.0,14.832356452941895,157.5360565185547,60.0,2012,7,-0.2779791393987801,-0.9605871111248129,27_94,105.86697387695312,0.4480290616103084,0.9661662522338784,0.2579200904240334,0.00022609790532171655,0.7585122963684051,2.5243263605177866,18.65673828125
0,neg_wet,2015-08-15,27.27005578203269,88.18577312962734,27.25,88.25,25,3,7.35191535949707,34.631072998046875,73.95640563964844,125.54175567626953,386.2561950683594,59.28327178955078,10.0,11.54369068145752,111.87635803222656,21.0,2015,8,-0.6913512362094071,-0.722518835873311,27_88,1238.809814453125,40.41659027790227,0.3985568658531798,-0.9171436227119995,0.0012745996689002448,27.76756100191568,50.32567764451096,1306.1005249023438
0,neg_general,2016-08-18,29.004555769591487,96.12056999124147,29.0,96.0,32,34,0.0,5.697213172912598,8.093103408813477,145.04385375976562,1166.4918212890625,73.47217559814453,5.0,1.8990710973739624,151.34866333007812,11.0,2016,8,-0.7393922635959241,-0.673274892250183,29_96,3809.24951171875,19.929266581721176,0.8724990965461283,-0.4886157248044621,-0.0018892195287852171,30.68058784471225,53.621166182414576,1480.366455078125
0,neg_hard,2016-10-18,23.68829228991995,92.47464290009103,23.75,92.5,11,20,0.0,0.0,19.365447998046875,76.47490692138672,235.74034118652344,34.739540100097656,9.0,0.0,52.68787384033203,34.0,2016,10,-0.9521140536681102,0.3057430764672831,23_92,662.26708984375,24.18823830587083,0.8366802521775029,0.5476916610796536,-0.009337284881846266,20.69905792397367,43.376925157007115,616.2756042480469
0,neg_general,2014-06-07,27.089179931129806,89.58249220767024,27.0,89.5,24,8,223.71043395996094,346.5025329589844,492.37103271484375,672.9502563476562,1001.9405517578125,346.5025329589844,8.0,115.50084686279297,547.125244140625,0.0,2014,6,0.4110537546870351,-0.9116111071930239,27_89,2514.280517578125,37.63151015289497,-0.4866816051564927,-0.8735794269568736,9.510597491079983e-05,28.05918243982132,50.060357500085466,1547.882080078125
0,neg_wet,2009-07-30,28.484690768659856,94.71934816475301,28.5,94.75,30,29,40.70526885986328,47.60873794555664,176.19442749023438,185.83099365234375,459.77801513671875,110.78653717041016,8.0,15.869579315185547,160.3005828857422,30.0,2009,7,-0.46896519100763184,-0.8832166493127127,28_94,1471.10400390625,45.359925185449235,-0.5151943634576793,0.8570733736742944,0.006020676516078268,34.59578044122917,56.51236838435071,1344.8834228515625
1,pos,2015-09-14,23.7313,92.7187,23.75,92.75,11,21,0.0,4.182334899902344,12.271318435668945,65.25376892089844,407.5450439453125,41.56993865966797,7.0,1.3941116333007812,66.15419006347656,18.0,2015,9,-0.9578523554276669,-0.28726097055059635,23_92,1039.2362060546875,21.272530338354883,0.9999994553846829,0.0010436619843231818,0.000479310981935777,18.370712664379628,38.155793100687255,504.85589599609375
0,neg_general,2013-05-08,24.54456870246561,92.56468277516302,24.5,92.5,14,20,30.131160736083984,139.18296813964844,326.341796875,361.16143798828125,424.32855224609375,169.15072631835938,10.0,46.39432144165039,259.06768798828125,1.0,2013,5,0.8073707443023492,-0.5900444739548627,24_92,21.96261978149414,1.0851031399995918,0.18330084974211572,-0.9830568643185491,0.0007068694403570986,1.0394965761309438,7.485618977766583,23.635652542114258
0,neg_hard,2011-07-01,25.66354390945155,90.08246704118794,25.75,90.0,19,10,62.209716796875,76.7098617553711,204.80484008789062,256.7296142578125,443.4951477050781,123.3295669555664,13.0,25.56995391845703,190.3403778076172,0.0,2011,7,0.01075130776352193,-0.9999422030204416,25_90,125.75471496582031,9.976614285756225,-0.02117466500571893,0.9997757916462549,0.001307566111865997,7.175623496571412,24.15468625066124,194.02412796020508
0,neg_wet,2011-05-31,23.93854078780092,91.91974572367967,24.0,92.0,12,18,60.85991287231445,106.44122314453125,185.83447265625,353.3168640136719,471.9826965332031,106.44122314453125,13.0,35.48040771484375,217.06495666503906,0.0,2011,5,0.5175855102531889,-0.8556314858488706,23_91,218.80995178222656,8.93902494256283,-0.7309758418608133,-0.6824033401265525,0.005215994630835901,11.629637088496565,39.677507826583735,351.10213470458984
0,neg_general,2007-07-08,26.665640853340488,87.95496203938319,26.75,88.0,23,2,21.423311233520508,41.283470153808594,59.90398406982422,98.8551025390625,414.89666748046875,45.54597473144531,12.0,13.761157035827637,102.17324829101562,23.0,2007,7,-0.10944576864891556,-0.993992768446958,26_87,127.20128631591797,0.21565558290291084,-0.8177026945318361,-0.5756407763139916,0.00012692822216387538,0.43870314710984487,1.8742299687069697,19.31922149658203
0,neg_general,2012-07-04,27.162773164941804,92.26667981444817,27.25,92.25,25,19,2.6238744258880615,37.73995590209961,55.37569046020508,243.6815948486328,677.7191772460938,133.0050048828125,10.0,12.579985618591309,165.07794189453125,12.0,2012,7,-0.05802556932878035,-0.9983150972033183,27_92,2591.79443359375,29.48787439236649,0.9312849969257543,-0.3642914417070456,-0.0033221051578165794,27.86020588300131,43.63423028407576,901.280517578125
1,pos,2015-07-07,26.8826,88.2806,27.0,88.25,24,3,5.922730445861816,36.82821273803711,259.0694580078125,395.6078186035156,626.9248046875,198.89756774902344,13.0,12.276070594787598,234.3157196044922,6.0,2015,7,-0.09233133369539122,-0.9957283388645872,26_88,1622.541748046875,18.299430541194628,-0.9922994730656701,-0.1238618413943267,-0.0011988317721191065,20.65932826434946,46.22696372102119,941.4066162109375
0,neg_wet,2009-08-08,26.013824379550236,93.07342452510598,26.0,93.0,20,22,2.3995614051818848,80.93267822265625,87.6496353149414,137.3733673095703,208.6870880126953,80.93267822265625,8.0,26.97756004333496,96.8354263305664,2.0,2009,8,-0.5995514915196489,-0.8003361849976323,26_93,89.5460433959961,0.23236687255540914,0.13008715296412995,0.991502563099908,-0.00020441439319632818,0.9295113340387114,8.343667588292297,57.41224670410156
0,neg_general,2014-07-07,23.56991152537023,88.58021673908027,23.5,88.5,10,4,11.918745040893555,18.27587127685547,115.06892395019531,147.70687866210938,282.533203125,71.06344604492188,9.0,6.091957092285156,108.57721710205078,60.0,2014,7,-0.09233133369539122,-0.9957283388645872,23_88,9.329886436462402,0.05087859845811433,-0.38836028152155777,-0.9215076189248228,-4.427594201866685e-05,0.23608081845137557,1.7875754749391768,7.790117263793945
1,pos,2016-06-22,26.1961,91.7825,26.25,91.75,21,17,7.798964023590088,19.49974250793457,54.79655456542969,162.49423217773438,235.95774841308594,80.33479309082031,13.0,6.499914169311523,90.44712829589844,60.0,2016,6,0.14782713347053048,-0.9890132145779883,26_91,121.48150634765625,9.596915964895611,0.9395538117561687,-0.3424012774719947,0.004045561925528798,5.645899253285699,22.090047194400107,166.07102966308594
0,neg_hard,2008-09-16,24.435258613930923,92.76201454308989,24.5,92.75,14,21,1.16657555103302,2.0115551948547363,74.27731323242188,232.4649658203125,588.3079833984375,110.56050872802734,9.0,0.6705183982849121,155.08261108398438,8.0,2008,9,-0.97139528468375,-0.23746831555846842,24_92,148.641357421875,11.828104741846518,-0.9859087756438943,0.16728384891661593,0.0009261414474081575,11.546353079647485,28.784936648646816,190.25014114379883
0,neg_hard,2009-07-19,27.384404325182302,88.4542326514524,27.5,88.5,26,4,11.365626335144043,13.448742866516113,46.50083541870117,145.42950439453125,377.6468505859375,61.054115295410156,10.0,4.482914447784424,96.17790985107422,22.0,2009,7,-0.2944616217868012,-0.9556633054034704,27_88,935.853759765625,20.132208468243327,0.7085245782003773,0.7056861356764617,0.0066026763220743195,31.44164945518751,54.67076360294707,1370.94775390625
1,pos,2014-06-28,26.1964,91.7652,26.25,91.75,21,17,29.110675811767578,48.35083770751953,122.44517517089844,155.46632385253906,233.87197875976562,71.29487609863281,9.0,16.116945266723633,113.36444091796875,60.0,2014,6,0.062318379354325076,-0.998056320853012,26_91,78.09309387207031,4.763244605705246,0.8893004297042146,-0.45732345853662393,0.0026310884562280195,3.6371252388061324,21.986038379506397,167.57102966308594
0,neg_hard,2012-07-01,24.592660148357023,92.53991383476499,24.5,92.5,14,20,1.7457447052001953,35.07257080078125,104.68465423583984,362.7684020996094,626.8534545898438,179.14797973632812,10.0,11.69085693359375,191.58290100097656,9.0,2012,7,-0.00645086419810515,-0.9999791929590823,24_92,26.562963485717773,1.247733535284403,0.6446691614114216,0.7644616879380512,-0.0004527110281368702,1.5518926311024694,7.1318863848797145,36.65506935119629
0,neg_general,2012-08-13,26.51003403738555,88.62397205337224,26.5,88.5,22,4,32.87944030761719,50.80138397216797,61.2052116394043,82.95524597167969,613.3294067382812,50.80138397216797,8.0,16.933794021606445,115.57324981689453,21.0,2012,8,-0.6788204829862355,-0.734304263829602,26_88,89.46305847167969,0.5687347965919743,-0.6588009229264272,-0.752317315998567,-0.001340479400716244,0.3950340155559281,1.7994147231122462,10.097389221191406
0,neg_general,2008-10-07,26.077100771840996,90.26496557550293,26.0,90.25,20,11,0.2653562128543854,5.170755386352539,30.852916717529297,108.16805267333984,150.54974365234375,76.26411437988281,5.0,1.7235851287841797,72.40805053710938,9.0,2008,10,-0.9926289059345095,0.121193461470736,26_90,28.5,0.0,0.0,1.0,0.0,0.4677623817003479,1.924466608303798,7.407108306884766
0,neg_wet,2015-08-27,27.94610698644619,91.62712689749122,28.0,91.75,28,17,9.397699356079102,69.43170166015625,117.7711410522461,240.3153076171875,329.6780700683594,80.24959564208984,14.0,23.14389991760254,148.9885711669922,2.0,2015,8,-0.8247650844733614,-0.5654755126737576,27_91,4341.66015625,41.06031609507746,0.5389770610249998,-0.8423204424023281,-0.002587756503193816,29.464268247110212,55.36153481861285,1439.7978515625
0,neg_general,2007-05-25,26.252356899721683,95.10621021996113,26.25,95.0,21,30,0.2658488154411316,9.17952823638916,34.53147888183594,73.67505645751953,96.8306655883789,36.38931655883789,8.0,3.059842824935913,42.75209426879883,60.0,2007,5,0.6029878670694714,-0.7977503570459932,26_95,1670.7706298828125,18.116343127318935,-0.7796084479809146,0.62626724953233,-0.011457135134187156,26.58350100471994,49.28076100785885,1372.16943359375
1,pos,2011-07-16,27.2743,92.9064,27.25,93.0,25,22,16.304025650024414,94.5569076538086,143.87315368652344,259.69403076171875,391.0672302246094,97.18234252929688,13.0,31.51896858215332,166.87355041503906,1.0,2011,7,-0.24477230089725957,-0.9695805901076308,27_92,648.58837890625,14.572118357613856,-0.8781075216842834,-0.47846335320637234,0.009423738163791967,25.357735831622378,44.04152841133799,760.3677978515625
1,pos,2010-07-04,26.8712,88.3052,26.75,88.25,23,3,34.941123962402344,130.06729125976562,209.02786254882812,499.3919372558594,779.6716918945312,230.34320068359375,14.0,43.35576248168945,321.9532470703125,2.0,2010,7,-0.04084439154329611,-0.9991655196610109,26_88,1163.9449462890625,33.6156736816856,0.8068202465394309,0.5907969954003253,0.0019818276299162487,27.24247118383026,46.224122800754856,1236.656982421875
0,neg_hard,2012-08-16,28.080246349850864,96.50167852436017,28.0,96.5,28,36,0.0,0.0,0.0,0.0,0.0,0.0,0.0,0.0,8.704527732405815e-27,60.0,2012,8,-0.7157953492826642,-0.6983101158835584,28_96,703.620849609375,36.04392191041146,0.23250548223221157,-0.972595085702147,0.0017240306566782995,31.302370613691714,53.633375114073395,1241.668701171875
0,neg_general,2010-08-28,26.519252082822845,92.86959192220571,26.5,92.75,22,21,8.667081832885742,11.495290756225586,47.083465576171875,211.1399688720703,303.14031982421875,98.33782958984375,12.0,3.831763505935669,109.58800506591797,10.0,2010,8,-0.8343701235229538,-0.5512045872199277,26_92,67.95687866210938,1.287483332093833,-0.28494325550337785,-0.9585443866316973,0.0002343145531776707,0.8603842543369385,3.1112113650836744,14.948883056640625
0,neg_wet,2014-07-30,26.795981772458642,92.86864310319191,26.75,92.75,23,21,3.7826669216156006,82.04735565185547,116.35153198242188,231.6556396484375,393.01177978515625,82.04735565185547,11.0,27.349119186401367,158.10960388183594,38.0,2014,7,-0.46896519100763184,-0.8832166493127127,26_92,76.87461853027344,0.6834311265383348,-0.9140216064151246,-0.405665506305768,-0.00016265136844341625,0.44010314355212954,2.443462941928757,12.346054077148438
0,neg_wet,2015-08-21,28.89158009239358,94.81470216766716,29.0,94.75,32,29,4.039289474487305,142.9328155517578,263.8073425292969,290.0935363769531,345.3659362792969,202.20132446289062,10.0,47.64427185058594,228.47962951660156,1.0,2015,8,-0.7621140503891487,-0.6474427960827475,28_94,1387.60546875,28.390441918629875,0.9971492734202532,0.07545413519126215,-0.001580970473286948,26.8513672623092,49.109260572332936,777.5130615234375
0,neg_wet,2010-08-23,25.470351360290486,91.32484155249887,25.5,91.25,18,15,144.6638641357422,453.568359375,884.5606689453125,989.9705200195312,1239.5523681640625,453.568359375,14.0,151.189453125,773.7182006835938,0.0,2010,8,-0.7839338166829201,-0.620844401650647,25_91,1452.203125,9.41197021634827,-0.8254593925127953,-0.564461505607253,0.0005154477851964756,5.503935894506016,21.42378616838036,120.699462890625
0,neg_general,2009-05-19,26.507090735114115,93.30370780104435,26.5,93.25,22,23,7.903206825256348,20.490554809570312,25.96108627319336,59.954986572265625,103.83642578125,20.61927032470703,8.0,6.8301849365234375,39.8632926940918,60.0,2009,5,0.6819721490904629,-0.7313781428679254,26_93,210.6143035888672,22.455129368497683,-0.21798423066417422,0.9759522914475626,-0.00860583707016822,11.364569568109628,29.938420744576902,255.23342895507812
0,neg_hard,2012-06-05,26.854825940093292,95.10103806451383,26.75,95.0,23,30,26.541912078857422,48.84857177734375,61.76145553588867,86.99606323242188,226.07781982421875,48.84857177734375,6.0,16.28285789489746,76.60033416748047,22.0,2012,6,0.42667408318992467,-0.9044054548343001,26_95,350.2841491699219,10.499823054481446,0.35533914788632004,0.9347374444085483,0.0035414883670456133,14.569485281613646,34.35502932351741,440.0738220214844
1,pos,2016-10-12,27.2676,88.2891,27.25,88.25,25,3,52.956947326660156,57.18538284301758,68.08540344238281,106.10794067382812,327.42724609375,57.18538284301758,9.0,19.06179428100586,104.56958770751953,0.0,2016,10,-0.9785481345802031,0.20601832032517084,27_88,601.9652709960938,42.73164833998232,0.7227635282618571,0.6910954219313508,-0.0019270299081773886,28.898339500610223,49.355247220205804,1128.4810791015625
0,neg_general,2014-08-06,27.497411461371275,94.54915757537535,27.5,94.5,26,28,104.3762435913086,118.22966766357422,160.8306884765625,247.18951416015625,396.0628356933594,118.22966766357422,9.0,39.409889221191406,198.9362030029297,0.0,2014,8,-0.5716666713027052,-0.8204859638785327,27_94,101.52498626708984,0.1043184550502398,-0.5844131656190732,0.8114562538123011,2.707550708434378e-05,0.6315146168287689,3.214877739743858,14.063850402832031
1,pos,2009-07-22,26.8572,88.3143,26.75,88.25,23,3,34.284706115722656,83.50656127929688,109.28489685058594,182.44613647460938,811.5686645507812,83.50656127929688,13.0,27.835519790649414,188.9262237548828,19.0,2009,7,-0.34336687399638804,-0.939201357453208,26_88,1070.7587890625,18.768942610178513,0.42301199084229174,0.9061240839993389,0.0003043213808776506,24.28652586425711,43.27155631409116,889.0372924804688
1,pos,2013-10-13,25.426,94.6024,25.5,94.5,18,28,0.0,0.0,41.53087615966797,73.27351379394531,144.9324188232422,55.013092041015625,7.0,0.0,51.63734817504883,40.0,2013,10,-0.9785481345802031,0.20601832032517084,25_94,1345.79541015625,11.81172604049866,-0.13946231433563194,0.9902273793832149,-0.0008472326172726025,20.345388863071385,33.63876906553866,529.8984375
0,neg_hard,2011-08-12,26.713745939687364,88.24504999721991,26.75,88.25,23,3,4.132943630218506,10.022472381591797,41.29790496826172,160.7627716064453,565.4539184570312,128.54376220703125,10.0,3.3408241271972656,122.70133209228516,13.0,2011,8,-0.65316012232693,-0.7572198192083127,26_88,156.13211059570312,0.4276014723014108,0.09631764869312182,-0.9953506470336112,-2.9212988008423445e-05,0.6359369931735521,3.081686536099096,28.371047973632812
0,neg_wet,2015-06-30,26.4500917562755,94.39633156335447,26.5,94.5,22,28,1.0372347831726074,27.85480499267578,32.81155776977539,142.26478576660156,296.7539367675781,89.47970581054688,9.0,9.284934997558594,89.23383331298828,8.0,2015,6,0.02795029824021032,-0.999609314096404,26_94,420.016845703125,13.931181033179307,0.27710354289518396,-0.9608400629214713,0.003605591097331626,15.088948036993958,46.833694637791815,786.4124298095703
0,neg_hard,2008-03-18,24.472652564858706,92.58638225856815,24.5,92.5,14,20,1.961035132408142,1.961035132408142,1.961035132408142,12.14838695526123,22.651941299438477,9.96504020690918,2.0,0.6536783576011658,5.679330348968506,60.0,2008,3,0.9738922359149924,0.22701082094141847,24_92,28.510700225830078,0.33581635173261365,0.7119459565771016,-0.7022342592849737,-2.4329778912875507e-05,1.8920636461007823,9.085086010661623,47.53282165527344
0,neg_wet,2016-07-27,28.419275474005886,94.05626439710981,28.5,94.0,30,26,4.4104533195495605,54.00990295410156,224.29673767089844,381.8808288574219,717.6144409179688,151.25303649902344,14.0,18.0033016204834,252.49432373046875,4.0,2016,7,-0.4383067230125192,-0.898825465016444,28_94,1054.1827392578125,24.373488605270264,-0.8324902475066922,0.5540396987637677,0.007931126913553936,30.226942853514082,54.267062874701125,1049.8883056640625
0,neg_wet,2013-06-29,24.486903660596717,88.34022429420216,24.5,88.25,14,3,25.22416114807129,71.78614044189453,82.99929809570312,159.52438354492188,186.69313049316406,71.78614044189453,9.0,23.928712844848633,105.68405151367188,60.0,2013,6,0.04514101777397193,-0.9989806246941579,24_88,30.444332122802734,0.6170796059547765,0.8085752405299566,0.5883927943150927,-0.0002537364645380454,0.6415763446035136,2.2055040246844304,17.92617416381836
0,neg_general,2013-07-23,24.004293460177525,91.40152561003664,24.0,91.5,12,16,14.757439613342285,31.884796142578125,48.916053771972656,132.55191040039062,269.3312683105469,52.93967819213867,12.0,10.628265380859375,86.98749542236328,29.0,2013,7,-0.3594718130884232,-0.9331559438780432,24_91,28.056297302246094,0.781013308502364,-0.2315741658185405,-0.9728172519674222,0.00046903501045927876,1.1709840419642041,4.791901907312208,28.978477478027344
0,neg_wet,2011-07-06,26.595038917439876,88.45377520633222,26.5,88.5,22,4,0.7445994019508362,36.460289001464844,157.8153533935547,322.1965637207031,439.65582275390625,104.91819763183594,13.0,12.153429985046387,173.86264038085938,29.0,2011,7,-0.07518957641475855,-0.9971692572470178,26_88,98.37352752685547,0.16683165442685588,0.10333720898800977,-0.994646379995709,-3.51095235447225e-05,0.6145814067443751,4.2437481513588,18.29541778564453
0,neg_general,2015-08-03,26.53450585127886,92.55560393333846,26.5,92.5,22,20,0.0,2.5049006938934326,2.715008020401001,75.58995056152344,224.9712677001953,46.775848388671875,5.0,0.8349668979644775,45.268524169921875,19.0,2015,8,-0.5285813283559292,-0.8488826652214553,26_92,59.21477508544922,0.6180408912225326,-0.9951577572539022,0.09829058030850926,-0.0005909808206889578,0.48946102687425364,2.2581776343363202,8.482078552246094
0,neg_wet,2011-07-11,26.340607893738216,87.92776586260916,26.25,88.0,21,2,2.2019429206848145,50.587890625,171.34449768066406,471.22784423828125,544.9306030273438,203.61839294433594,12.0,16.86263084411621,235.22731018066406,4.0,2011,7,-0.16057454459499376,-0.9870237158387383,26_87,61.58076095581055,0.1776579185989575,0.46755206531067095,-0.8839655345225436,9.599076634725751e-05,0.556371432037592,2.4336927223493827,11.068885803222656
0,neg_general,2012-08-19,28.045382238393906,92.48890331868274,28.0,92.5,28,20,0.0,0.0,0.0,0.0,0.0,0.0,0.0,0.0,1.0943239370231339e-11,60.0,2012,8,-0.7508642533989489,-0.6604565640279754,28_92,5734.05908203125,36.156049732775735,-0.9999159162195804,-0.012967670984295503,0.0017038770594950822,25.38484794398513,53.2558563068633,848.92919921875
0,neg_general,2015-05-13,28.801589477823878,94.3669435155866,28.75,94.25,31,27,4.575611114501953,12.681781768798828,17.907861709594727,125.78915405273438,410.5415344238281,56.969913482666016,10.0,4.227260589599609,86.84791564941406,24.0,2015,5,0.753697664392914,-0.6572212950663319,28_94,3561.83935546875,20.615270303910716,-0.13240944452956382,0.991195106424246,-0.0003213700067722326,26.061287603311932,58.313646262606674,711.11376953125
0,neg_hard,2013-07-29,23.895591071005775,91.45719999593895,24.0,91.5,12,16,4.8153510093688965,32.42995834350586,68.24677276611328,148.39138793945312,202.3926544189453,52.93967819213867,13.0,10.809986114501953,89.10562133789062,35.0,2013,7,-0.45370308603134424,-0.8911529104063088,23_91,76.07891082763672,0.9426194443235664,-0.7304230129373961,-0.682995038174844,-0.00038342072308796807,2.0068635698872463,6.620819844494441,43.71098709106445
0,neg_hard,2012-09-05,25.40804895633168,88.2657967805637,25.5,88.25,18,3,2.3513362407684326,9.335251808166504,10.546599388122559,120.33111572265625,171.2137908935547,109.40469360351562,5.0,3.111750602722168,45.213985443115234,13.0,2012,9,-0.9093882203647925,-0.4159483918249421,25_88,31.699169158935547,0.8614108352506966,0.9565440933039436,-0.2915877184747951,-0.0002808571269499345,0.47198812128994644,2.668163163493945,11.48861312866211
0,neg_general,2007-05-24,27.13357818578077,95.62999647709104,27.25,95.75,25,33,39.05631637573242,47.79593276977539,66.97059631347656,143.15440368652344,171.44522094726562,56.69921875,7.0,15.931977272033691,93.44983673095703,60.0,2007,5,0.6166212130956382,-0.7872599821916922,27_95,752.7850952148438,23.14326391259478,-0.7272409118932965,0.6863822958589525,-0.005161556669209769,22.395270681814043,46.2795892355471,901.5567932128906
0,neg_general,2016-04-09,28.826392344816398,94.14430138865437,28.75,94.25,31,27,47.986328125,51.50193786621094,85.47720336914062,167.14193725585938,457.5030212402344,74.43904113769531,7.0,17.167312622070312,131.6683349609375,11.0,2016,4,0.9888537064205885,-0.1488903868564548,28_94,3322.35107421875,20.64657922118121,-0.8194027419951483,0.5732182362859999,0.001786292726315901,24.450902959020727,54.98530646952481,1154.47021484375
0,neg_wet,2015-08-21,27.2664112464162,96.67266572798954,27.25,96.75,25,37,30.19879722595215,76.6977310180664,139.89883422851562,261.18817138671875,403.38751220703125,115.08940124511719,11.0,25.56591033935547,165.52423095703125,11.0,2015,8,-0.7621140503891487,-0.6474427960827475,27_96,1050.10107421875,22.071552318831092,0.4666782250574967,-0.8844271786061215,0.008917673175042131,12.348909658726628,33.03456765087001,566.9758911132812
0,neg_wet,2011-07-08,24.09690200900967,93.15230179616466,24.0,93.25,12,23,37.05625915527344,102.63475799560547,169.7781219482422,283.36895751953125,575.3700561523438,102.63475799560547,15.0,34.211585998535156,216.6596221923828,16.0,2011,7,-0.10944576864891556,-0.993992768446958,24_93,785.7374877929688,25.882252895314036,-0.6045693714733187,0.7965524936100297,-0.0031665609445970617,23.50289359607983,48.282715664790004,915.316162109375
0,neg_hard,2008-06-22,25.811731989306683,94.0608456193652,25.75,94.0,19,26,2.6087687015533447,12.517416000366211,37.37205505371094,161.1345977783203,241.4265899658203,100.7799301147461,12.0,4.17247200012207,76.25890350341797,13.0,2008,6,0.14782713347053048,-0.9890132145779883,25_94,1148.9908447265625,16.890802184859474,0.9999988615924057,-0.0015089114926212237,0.0009597076370227162,15.92845787648379,34.80219577351227,701.0984497070312
0,neg_general,2014-09-03,24.1941706768785,92.04073771527166,24.25,92.0,13,18,18.46957778930664,44.17207336425781,69.24140930175781,102.98696899414062,176.76551818847656,44.17207336425781,11.0,14.724024772644043,82.16004943847656,52.0,2014,9,-0.886721063082993,-0.46230483047981086,24_92,44.640380859375,4.987664398290894,-0.38095415467922644,0.9245939281828731,-4.229023010634438e-05,4.153741065399409,15.742267614924968,104.841796875
0,neg_hard,2016-09-14,26.295003235840117,94.8682843814905,26.25,94.75,21,29,4.384153366088867,10.293787002563477,84.38013458251953,212.54165649414062,286.9598693847656,91.14124298095703,13.0,3.431262254714966,119.16706848144531,5.0,2016,9,-0.9626519747161487,-0.2707418984477642,26_94,1151.7261962890625,25.592726585236235,-0.3036272591101445,-0.9527908939139066,0.002142809768503512,26.491682612429713,47.18128051728759,1174.9261474609375
0,neg_general,2014-10-04,26.887940453990435,93.62924011856697,27.0,93.75,24,25,0.0,0.0,8.515364646911621,149.54115295410156,331.18658447265625,71.04898834228516,7.0,0.0,70.6467514038086,27.0,2014,10,-0.9986126020839734,0.052658056924614005,26_93,78.3156509399414,1.2444422678434848,0.06429449346257543,0.9979309686097485,0.0005652342664221954,0.8010865458305009,3.1915690991128898,14.291152954101562
0,neg_hard,2010-09-17,25.02147963074249,92.65060698460348,25.0,92.75,16,21,1.7205896377563477,11.629718780517578,55.23750686645508,159.80035400390625,380.0087585449219,50.96200942993164,12.0,3.876572847366333,101.46125793457031,35.0,2010,9,-0.97139528468375,-0.23746831555846842,25_92,426.4885559082031,3.9387716954735343,0.5037629417633909,0.8638419406962679,-0.007540698981233447,19.49419092566335,38.799233535221056,474.6036834716797
0,neg_general,2012-06-16,26.580881551143822,95.10029699192796,26.5,95.0,22,30,0.0,15.351274490356445,105.12156677246094,198.52102661132812,237.45574951171875,68.47921752929688,11.0,5.117091655731201,109.20687866210938,33.0,2012,6,0.24893980855376657,-0.9685189578512204,26_95,1659.6832275390625,21.483693011426208,0.32687494889808527,0.945067599583688,-0.006708502200829152,25.168778197188875,42.70766288098947,936.6334228515625
0,neg_wet,2009-08-05,27.695435017103286,91.4462565359823,27.75,91.5,27,16,21.182201385498047,78.30132293701172,104.45408630371094,219.2479705810547,248.777099609375,95.40940856933594,10.0,26.100440979003906,140.3133544921875,1.0,2009,8,-0.5574684374327892,-0.8301981337405212,27_91,2356.03173828125,37.709243489868825,-0.8892350927037179,0.4574504890195334,0.002954486183391449,27.22332295117189,52.64703910713427,1308.442626953125
0,neg_wet,2015-07-06,28.951219549730382,95.68453838888561,29.0,95.75,32,33,1.6825908422470093,167.46511840820312,315.80242919921875,404.1276550292969,977.0443115234375,168.59060668945312,11.0,55.82170486450195,306.8420104980469,1.0,2015,7,-0.07518957641475855,-0.9971692572470178,28_95,2422.852783203125,17.180621868122653,-0.515006231499502,-0.857186433348476,0.003298067168112217,21.281419148362218,39.58014420169138,779.826171875
0,neg_general,2013-06-07,26.65392280243213,92.23136789826918,26.75,92.25,23,19,4.2054219245910645,17.529388427734375,67.91117095947266,95.02674102783203,249.52638244628906,45.38203430175781,10.0,5.843129634857178,69.02923583984375,60.0,2013,6,0.4110537546870351,-0.9116111071930239,26_92,84.64127349853516,1.5896059456254223,-0.7112385772430788,0.7029506997231321,-0.0006122381018009729,0.7633684633031491,3.180563767573304,15.760223388671875
0,neg_wet,2007-08-22,27.260213480810517,95.83500713597776,27.25,95.75,25,33,2.8326385021209717,46.428306579589844,84.71063232421875,133.70103454589844,317.0164489746094,58.99888610839844,9.0,15.476101875305176,105.97463989257812,31.0,2007,8,-0.7731383255706026,-0.6342374393978054,27_95,334.36260986328125,5.808073325440752,0.9785681617444567,-0.2059231721299833,-0.0055777639679407635,14.768283619465205,40.96970983041348,495.9429016113281
0,neg_general,2012-09-25,25.308101560473453,90.36967834558914,25.25,90.25,17,11,14.999771118164062,47.99917221069336,262.5995788574219,516.4000244140625,589.1594848632812,204.80020141601562,14.0,15.999724388122559,274.3619079589844,4.0,2012,9,-0.9963950238187231,-0.08483487790576538,25_90,133.83221435546875,14.886874215140246,0.9972384305998215,0.07426649671827107,0.0056978720602619305,9.769732276188074,25.309080280852772,209.90738677978516
0,neg_wet,2016-06-27,26.142305072497745,90.13229418923767,26.25,90.25,21,11,4.552954196929932,46.02094650268555,260.5229797363281,336.61181640625,451.4656066894531,193.59817504882812,12.0,15.340315818786621,213.1634063720703,3.0,2016,6,0.062318379354325076,-0.998056320853012,26_90,28.5,0.2948337535582974,0.9001600209939257,-0.43555933763864507,0.000716402135143137,0.682563186747106,2.110566014816388,10.05889892578125
0,neg_hard,2012-07-24,24.899529356729484,92.2507383410647,25.0,92.25,16,19,7.1424078941345215,26.825300216674805,81.08318328857422,157.9302520751953,362.3788146972656,63.88616943359375,13.0,8.941766738891602,117.0882568359375,27.0,2012,7,-0.3913578365610259,-0.9202385798054075,24_92,12.037915229797363,0.17742988816342847,-0.267809766797038,-0.9634718100744392,-0.00011243336423773853,0.9929520446898595,4.547082149357326,16.488664627075195
0,neg_wet,2012-08-03,26.95635246507442,91.45091526780442,27.0,91.5,24,16,14.390693664550781,107.17509460449219,260.2652587890625,337.83514404296875,548.2120361328125,153.0901641845703,7.0,35.725032806396484,245.11154174804688,1.0,2012,8,-0.5431052396834317,-0.8396646346181327,26_91,1315.7567138671875,26.25390675038144,0.46228320591666316,0.8867323370258987,0.0048750394722759235,35.13254113450465,57.81986885009475,1312.7711181640625
0,neg_general,2013-07-13,27.064116432807946,88.27889283793988,27.0,88.25,24,3,7.264880657196045,132.11968994140625,250.34226989746094,437.8808288574219,609.0953979492188,164.572509765625,15.0,44.03989791870117,283.5237731933594,1.0,2013,7,-0.19443122004766195,-0.9809161537413774,27_88,1805.874755859375,2.4623667888595833,-0.8354780927247389,0.5495237543337254,-0.007382995246059532,23.34323022397976,44.49959027239013,996.2987060546875
1,pos,2010-10-09,25.4788,94.1399,25.5,94.25,18,27,41.88436508178711,96.18423461914062,103.19754791259766,153.6888885498047,321.85272216796875,96.18423461914062,10.0,32.0614128112793,137.02723693847656,60.0,2010,10,-0.9903973200352558,0.1382503109109819,25_94,1651.601318359375,13.05528941756937,0.509707180999621,-0.8603479468432639,-0.0015625473657600879,14.517046294669077,28.203452557652465,595.54150390625
0,neg_wet,2009-06-16,26.943683247108474,91.81402335551321,27.0,91.75,24,17,7.343628406524658,38.55974197387695,95.41275024414062,153.16845703125,253.06666564941406,66.82197570800781,11.0,12.85324764251709,106.83436584472656,60.0,2009,6,0.26556302780405594,-0.9640935007889755,26_91,1107.76611328125,35.583676747518034,-0.867984698606689,-0.4965909413034587,-0.0007028964514486239,23.80150536940298,44.5957960388872,1126.2647705078125
0,neg_general,2011-10-31,23.39211647966154,88.42556385875007,23.5,88.5,10,4,0.0,0.0,0.2022545486688614,1.3708363771438599,2.2248001098632812,1.1685818433761597,0.0,0.0,2.1610729694366455,60.0,2011,10,-0.8692328164574792,0.49440298420761813,23_88,11.23846435546875,1.1296570576027314,-0.24693508820177276,0.9690320233174871,0.00012445716645341132,0.5173930518843259,3.792920910561638,12.016485214233398
0,neg_hard,2008-07-22,27.843869100996425,95.25774883031822,27.75,95.25,27,31,53.90248107910156,117.68778991699219,148.9049530029297,271.2403869628906,471.71014404296875,117.68778991699219,11.0,39.22926330566406,206.9308624267578,0.0,2008,7,-0.3594718130884232,-0.9331559438780432,27_95,125.76128387451172,0.5202870386195328,0.6955850154693651,0.7184437947776312,0.0006867309965918473,0.9313004640200429,5.970391211312484,29.237167358398438
0,neg_hard,2016-05-05,26.055849225280603,91.80157192749522,26.0,91.75,20,17,7.8519134521484375,16.244182586669922,39.37352752685547,59.05580139160156,161.45753479003906,34.744754791259766,8.0,5.414727687835693,51.326507568359375,60.0,2016,5,0.8271893372462497,-0.5619233046832195,26_91,403.4245300292969,17.992444428204525,0.4949907300889258,0.868898254760609,0.00033459491527834174,12.168429830893542,32.9474059672095,368.1873321533203
0,neg_hard,2007-09-12,24.89080211321413,92.50842100127491,25.0,92.5,16,20,14.015057563781738,59.46860122680664,208.1340789794922,381.4759521484375,591.6826782226562,125.21194458007812,14.0,19.822866439819336,228.21633911132812,4.0,2007,9,-0.9474042892438845,-0.32003923622313857,24_92,13.786381721496582,0.14775363606355568,-0.15609759992279768,0.9877416359040162,-5.685433954604621e-05,1.0444575932758833,5.408852208737974,17.853710174560547
0,neg_wet,2016-07-30,28.804163031978135,95.98526167573377,28.75,96.0,31,34,0.0,54.955135345458984,587.6160888671875,1384.916259765625,1736.2208251953125,592.1573486328125,13.0,18.318378448486328,663.2901611328125,2.0,2016,7,-0.48408852163897587,-0.8750190302029955,28_95,2196.8662109375,25.564868321750023,-0.5788402532180997,0.8154409612316554,-0.0007412351056590097,29.41204655225488,51.50356440093303,1091.105712890625
1,pos,2007-07-27,25.5212,90.232,25.5,90.25,18,11,265.73504638671875,479.31396484375,586.2523803710938,797.2821655273438,914.876708984375,479.31396484375,14.0,159.7713165283203,621.3160400390625,0.0,2007,7,-0.4227806579826773,-0.9062320427107697,25_90,556.1650390625,17.829704927030342,-0.7166180971788875,-0.6974657717735764,0.004141535852270922,16.203296832257106,35.79642549694449,856.6292114257812
0,neg_general,2007-06-03,25.829217010872785,90.36893528217573,25.75,90.25,19,11,13.48390007019043,20.060924530029297,43.83125305175781,139.4566192626953,220.11456298828125,58.471588134765625,11.0,6.686975002288818,80.47966003417969,42.0,2007,6,0.47275920928627757,-0.881191653407483,25_90,143.60902404785156,15.226872961727166,0.03726228547717174,-0.9993055198891967,-0.0010165477187016056,10.797431841317046,28.679682765768874,253.97455596923828
0,neg_hard,2007-09-23,26.375042793906125,91.67180746953186,26.5,91.75,22,17,0.0,0.0,9.461860656738281,124.99700927734375,256.6782531738281,72.39640045166016,6.0,0.0,68.81031799316406,8.0,2007,9,-0.9906923101615609,-0.13612033862266704,26_91,58.11476516723633,2.3029889235834404,0.888446961841958,0.4589792980013308,-0.0011392150886143089,1.0433669361848616,4.381121625412997,15.914886474609375
0,neg_hard,2008-09-02,25.442151965171234,92.33699202559376,25.5,92.25,18,19,0.934273362159729,4.51939582824707,73.7116470336914,172.2840576171875,252.4716339111328,63.93323516845703,12.0,1.5064653158187866,95.24853515625,60.0,2008,9,-0.886721063082993,-0.46230483047981086,25_92,1310.039794921875,4.266891298979616,-0.788480427971263,0.6150598464428106,0.006077609764799277,6.1943919086740715,21.694793918838332,160.7930908203125
0,neg_general,2009-08-30,27.646865824113327,94.92449844969897,27.75,95.0,27,30,2.2508013248443604,27.323368072509766,29.26947593688965,330.5987854003906,554.3327026367188,148.1002197265625,10.0,9.107789039611816,156.65037536621094,10.0,2009,8,-0.8528367217694595,-0.522177676659508,27_94,106.88969421386719,0.06414028281909774,-0.2218325631805886,-0.9750847726801656,-0.00014295224293345553,0.18313367326636165,1.8723498532297338,11.790390014648438
0,neg_hard,2012-09-29,24.80817951293758,94.11664092813335,24.75,94.0,15,26,0.0,0.0,0.0,0.0,5.8000006675720215,0.0,0.0,0.0,11.841338157653809,30.0,2012,9,-0.9998699583618592,-0.016126573270657762,24_94,894.12451171875,10.847396706068139,-0.9341805929318393,-0.35680053221585456,-0.00033306141250007094,13.911119312193932,28.30346977697197,310.8353271484375
0,neg_wet,2007-07-18,26.77488711551323,91.75044040665392,26.75,91.75,23,17,6.083300590515137,40.480255126953125,67.26158142089844,167.0475311279297,293.8013610839844,58.71162796020508,8.0,13.49341869354248,106.72802734375,31.0,2007,7,-0.2779791393987801,-0.9605871111248129,26_91,142.72357177734375,0.7662250026704942,0.8513813004346952,-0.5245473108024931,0.00028454576316366435,1.051528725297052,5.1349199379449795,36.03977966308594
0,neg_wet,2010-06-11,28.879324127773543,93.9996199801264,29.0,94.0,32,26,5.622264385223389,34.83087921142578,133.6405487060547,176.86351013183594,387.7863464355469,94.11439514160156,13.0,11.6102933883667,132.86764526367188,60.0,2010,6,0.3474028211842774,-0.9377159910299093,28_93,4212.85009765625,41.244400285144394,0.3320833036210569,-0.9432500619963536,-0.006305381297582563,26.117941315050757,59.283917790114444,992.852783203125
0,neg_general,2008-02-07,23.665108471261235,92.95401623906862,23.75,93.0,11,22,0.0,0.0,0.0,84.44937896728516,84.44937896728516,67.35440063476562,5.0,0.0,25.907184600830078,60.0,2008,2,0.6081214998935418,0.7938439653781019,23_92,831.8685302734375,14.373676910625727,-0.9999987404091699,0.00158719251311793,0.006096172463775715,18.67953515418683,39.543057610879046,774.6386108398438
0,neg_general,2013-08-20,29.389539638127292,95.89737671565223,29.5,96.0,34,34,1.0,2.0,19.0,39.0,65.0,17.0,4.0,0.6666666865348816,24.193294525146484,54.0,2013,8,-0.7508642533989489,-0.6604565640279754,29_95,4086.365234375,38.426097622497466,0.5601322240398442,-0.8284032179996512,-0.009234043283725445,32.49744348770009,57.650437248120845,1725.88623046875
0,neg_hard,2008-07-27,24.69460017038237,93.89809251198744,24.75,94.0,15,26,2.781221866607666,39.51252365112305,41.6337890625,112.73396301269531,302.95855712890625,41.35449981689453,8.0,13.170841217041016,81.6971435546875,60.0,2008,7,-0.4383067230125192,-0.898825465016444,24_93,774.0993041992188,1.082098866941466,-0.7187377946409409,0.6952812255157452,-0.00014004165268846521,0.36457644256028593,1.398258567548078,9.28253173828125
0,neg_hard,2011-07-04,23.715939929589315,92.80177538934932,23.75,92.75,11,21,21.533370971679688,38.29396057128906,101.89761352539062,232.48704528808594,458.86810302734375,77.51826477050781,14.0,12.764653205871582,150.44471740722656,12.0,2011,7,-0.04084439154329611,-0.9991655196610109,23_92,194.5697479248047,16.378154975695047,-0.5563422689359858,0.8309532356247006,0.0007356675522222917,19.330736265316443,37.778678162943315,485.73883056640625
0,neg_hard,2012-03-15,25.237573394977392,90.53754629983844,25.25,90.5,17,12,0.0,0.0,0.0,4.520415306091309,25.077526092529297,4.520415306091309,1.0,0.0,2.3876662254333496,60.0,2012,3,0.9608854255574977,0.27694620226893646,25_90,137.7018280029297,12.826114435433336,0.012472997274490203,-0.9999222091437866,0.001963566526165952,11.126392024149364,27.505518348381628,295.75688552856445
1,pos,2016-07-28,25.8702,94.7844,25.75,94.75,19,29,9.450075149536133,33.53118896484375,63.943572998046875,151.59405517578125,314.51300048828125,73.80339813232422,12.0,11.17706298828125,91.00455474853516,40.0,2016,7,-0.45370308603134424,-0.8911529104063088,25_94,1134.852783203125,9.54026023806672,-0.9921032793089115,-0.1254236149395478,-0.00523787477561425,22.353015130017724,35.6621070920664,628.4937133789062
0,neg_hard,2014-09-03,25.356713539824838,93.3484471407187,25.25,93.25,17,23,4.298983097076416,6.966148376464844,32.62653350830078,96.1463394165039,195.98683166503906,48.79728698730469,8.0,2.322049379348755,60.92389678955078,60.0,2014,9,-0.886721063082993,-0.46230483047981086,25_93,649.695556640625,7.740059933788499,0.04117066092814992,0.9991521288966657,-0.0029855345101306753,14.672097054300055,34.67459562752744,559.0795593261719
0,neg_general,2013-07-31,24.421850056163525,88.37216306875125,24.5,88.25,14,3,0.0,6.630226135253906,47.4361457824707,71.08841705322266,102.27867889404297,38.02468490600586,8.0,2.2100753784179688,49.44264602661133,60.0,2013,7,-0.48408852163897587,-0.8750190302029955,24_88,19.188615798950195,0.20061683712873565,-0.8532129416929588,-0.5215627250174687,5.356395019993366e-05,0.6331326352593875,4.200617912102242,17.816936492919922
0,neg_general,2011-10-12,28.654336317993263,95.40916863652028,28.75,95.5,31,32,0.0,0.0,0.0,0.0,0.0,0.0,0.0,0.0,1.9708566105069297e-13,60.0,2011,10,-0.981947190186646,0.18915526872004093,28_95,2651.338623046875,36.64683699876687,-0.23439359043358166,0.9721417822332575,-0.006943152457663929,31.351005727308856,49.84895668944255,1160.63671875
0,neg_wet,2014-07-18,25.71486491609667,89.89654943547922,25.75,90.0,19,10,10.823385238647461,35.19697570800781,66.33515930175781,142.70741271972656,362.58319091796875,56.362220764160156,12.0,11.732325553894043,102.69020080566406,26.0,2014,7,-0.2779791393987801,-0.9605871111248129,25_89,26.28493881225586,0.8224021779971198,0.5134669079711158,-0.8581093953678527,0.00024091514213654653,0.9546652434246923,6.891104551930802,59.83409118652344
0,neg_wet,2012-08-20,26.068910859582402,88.00966680041391,26.0,88.0,20,2,17.182889938354492,27.993520736694336,43.04267120361328,69.30345153808594,287.515625,27.993520736694336,9.0,9.33117389678955,73.25945281982422,27.0,2012,8,-0.7621140503891487,-0.6474427960827475,26_88,50.45705795288086,0.04786646990603122,0.9484414280746069,-0.3169524530774297,4.39818309321e-05,0.5633302096841871,2.7054283947616637,8.638362884521484
0,neg_hard,2012-07-22,23.901386190004725,91.40966974464723,24.0,91.5,12,16,0.9083186388015747,15.301042556762695,53.30943298339844,92.58024597167969,255.60264587402344,43.5728759765625,8.0,5.100347518920898,75.44441986083984,33.0,2012,7,-0.3594718130884232,-0.9331559438780432,23_91,41.676273345947266,1.0247607477785265,0.5705991398582299,-0.8212287267217631,0.0010154708044267315,2.0820211792599284,5.409422355941191,44.36726379394531
0,neg_hard,2011-08-01,24.844458750975896,93.421628680621,24.75,93.5,15,24,0.0,1.3709020614624023,87.7771987915039,148.62220764160156,448.8643493652344,85.42780303955078,10.0,0.4569673538208008,114.48506164550781,16.0,2011,8,-0.4990686026885319,-0.8665624788845385,24_93,572.5704345703125,11.618986167741676,-0.9904492409251995,0.1378778486584994,0.0003044428407940292,15.118900997486442,45.04237091162856,687.2085418701172
1,pos,2015-07-01,26.8352,88.1881,26.75,88.25,23,3,133.53692626953125,198.825927734375,225.3055877685547,384.9012451171875,745.1156005859375,198.825927734375,14.0,66.27530670166016,303.4549865722656,0.0,2015,7,0.01075130776352193,-0.9999422030204416,26_88,1014.1746826171875,20.364298879245823,-0.07755409073437051,0.9969881458725399,-0.001098782163387998,23.64345720769408,45.118384422120094,988.583251953125
1,pos,2016-06-14,26.3185,94.5247,26.25,94.5,21,28,8.271346092224121,24.567943572998047,52.80796432495117,88.9493408203125,326.96099853515625,35.76009750366211,10.0,8.189314842224121,79.34567260742188,20.0,2016,6,0.2821076626819194,-0.9593827529490743,26_94,1163.855224609375,13.312107810000825,0.9645155500885073,-0.2640260472708404,-0.006729770563985537,16.793159529568808,36.280626082914026,626.4669189453125
0,neg_wet,2014-05-23,27.9368714019659,95.08205553294849,28.0,95.0,28,30,11.93973159790039,71.59638977050781,78.67753601074219,361.1139831542969,478.8356628417969,139.53594970703125,12.0,23.865463256835938,182.96026611328125,11.0,2014,5,0.6300720909843687,-0.7765366444428655,27_95,507.51702880859375,24.043270806754936,0.8403932292693393,-0.5419771399222034,0.00918290741827152,13.9653845818909,39.53105297582221,312.71429443359375
1,pos,2015-07-22,25.4477,94.0489,25.5,94.0,18,26,11.168607711791992,43.918251037597656,121.67474365234375,186.76670837402344,310.5977478027344,76.0633316040039,10.0,14.639416694641113,116.21588897705078,6.0,2015,7,-0.34336687399638804,-0.939201357453208,25_94,1341.4984130859375,26.799243526704288,-0.7934922267486899,0.6085803858894941,0.005477902974053419,27.36766919714548,43.67436081998092,908.09912109375
0,neg_wet,2011-08-26,24.161092882025837,92.95910271862235,24.25,93.0,13,22,32.44671630859375,142.01597595214844,230.45974731445312,315.64349365234375,497.79736328125,161.42608642578125,12.0,47.33865737915039,237.080322265625,2.0,2011,8,-0.8149159841660791,-0.5795791048257612,24_92,465.2141418457031,19.80972360083505,0.892106432355039,0.45182531287076455,0.0017828350277350026,21.961920987628055,43.477091564270104,660.2811431884766
0,neg_general,2012-07-11,26.188129144928755,91.22625005343862,26.25,91.25,21,15,0.24057871103286743,14.672689437866211,20.57374382019043,197.71636962890625,516.0767211914062,205.93545532226562,6.0,4.890896320343018,116.94793701171875,10.0,2012,7,-0.17752914918703497,-0.984115542601034,26_91,42.713584899902344,0.2961932349713628,0.25923975286156276,0.9658129997759793,-0.001034766730507899,0.4270411673959981,2.340392793279677,8.5506591796875
0,neg_general,2014-06-22,28.456414523056306,96.90813997704045,28.5,97.0,30,38,0.0,0.0,0.0,0.0,0.0,0.0,0.0,0.0,0.0,60.0,2014,6,0.16481784665719793,-0.9863240225317866,28_96,3736.132568359375,38.794893702475,-0.7258840467172192,0.6878170910361517,0.0008073153350057008,32.923203045681724,62.49431077108583,1782.25244140625
0,neg_general,2013-06-14,26.077093835130434,89.76539045121346,26.0,89.75,20,9,0.2978675365447998,0.2978675365447998,43.00409698486328,217.67706298828125,309.1780700683594,103.17082977294922,9.0,0.0992891788482666,106.32368469238281,8.0,2013,6,0.2985688173637202,-0.9543881083175908,26_89,29.842947006225586,0.0860601630366718,0.12733360450163303,-0.9918599463455623,1.341762938586873e-05,0.8362424545602292,2.523889128355839,11.346107482910156
0,neg_general,2007-07-25,25.902028411509303,88.25127678023195,26.0,88.25,20,3,29.26153564453125,94.99874877929688,167.5298614501953,280.4039001464844,348.50408935546875,94.99874877929688,14.0,31.666250228881836,185.30831909179688,36.0,2007,7,-0.3913578365610259,-0.9202385798054075,25_88,47.37706756591797,0.33894704641262763,-0.6278157770139745,-0.778361966010891,0.0012062781979573114,0.5726826001144529,2.9739937957204416,13.466495513916016
0,neg_general,2007-06-24,28.040532335785215,93.75238630899652,28.0,93.75,28,25,16.204557418823242,73.50453186035156,174.25746154785156,521.619873046875,908.64501953125,251.13339233398438,14.0,24.501510620117188,314.99102783203125,3.0,2007,6,0.13079267585675922,-0.9914097417023038,28_93,1580.6793212890625,27.140395276234578,-0.4257113866491991,-0.9048590029817994,-0.0035052592844211816,29.589676028405474,51.17408304702155,1199.72607421875
0,neg_general,2014-06-24,23.001284100439193,88.5971941008306,23.0,88.5,8,4,7.733638286590576,83.76544189453125,97.74281311035156,129.14637756347656,201.6372833251953,84.27976989746094,7.0,27.92181396484375,96.11410522460938,2.0,2014,6,0.13079267585675922,-0.9914097417023038,23_88,5.000231742858887,1.2305566919815494,-0.731227744461012,0.682133407575425,0.0004370250755925653,0.4516349893044033,2.407375451625804,12.212713241577148
0,neg_wet,2008-07-22,26.13113899971895,90.47732606541197,26.25,90.5,21,12,38.250125885009766,84.30892944335938,109.66262817382812,187.59780883789062,429.9773254394531,84.30892944335938,8.0,28.102975845336914,160.4495086669922,21.0,2008,7,-0.3594718130884232,-0.9331559438780432,26_90,33.874977111816406,0.6814059092244177,-0.9047005824516224,-0.42604795048409166,0.0003266576947710366,1.0114281409039267,18.105346573623283,51.628936767578125
0,neg_wet,2016-10-08,23.705381833547882,93.24947949302091,23.75,93.25,11,23,15.729086875915527,34.67584991455078,44.05775451660156,133.36668395996094,380.0938415527344,50.724796295166016,12.0,11.558616638183594,99.65705108642578,24.0,2016,10,-0.9903973200352558,0.1382503109109819,23_93,701.0225219726562,7.853598410153305,-0.6698373895890068,0.7425078258904649,0.005757475907656608,17.74988255373151,35.25047942744928,450.94140625
0,neg_general,2010-04-23,24.243399087231037,91.13879450958427,24.25,91.25,13,15,0.0,0.0,0.0,0.0,0.0,0.0,0.0,0.0,0.0,60.0,2010,4,0.9312100364121947,-0.3644830148102912,24_91,0.0,0.9814956344784427,-0.156922338151437,0.9876109455595792,0.0003849822062891793,0.4339099960554781,2.5407601034483296,9.522257804870605
0,neg_wet,2009-05-04,25.843622921586256,93.09474234837103,25.75,93.0,19,22,21.08812141418457,29.614397048950195,48.19703674316406,53.70484161376953,73.404541015625,29.614397048950195,5.0,9.871465682983398,47.413429260253906,60.0,2009,5,0.8460288880917339,-0.533137056031809,25_93,165.22506713867188,6.576522512802027,0.4391998287176862,-0.8983893980086559,-0.0021137494178175347,4.073013827939546,12.437432769861099,84.78533935546875
0,neg_general,2014-08-09,28.487465902736048,94.21531735006363,28.5,94.25,30,27,4.106321334838867,9.977787017822266,26.620100021362305,100.92144012451172,474.49127197265625,44.651939392089844,10.0,3.3259289264678955,81.1871109008789,22.0,2014,8,-0.6132298262997502,-0.7899045386224707,28_94,2289.144287109375,25.618515301569172,-0.9221711885667473,0.3867819786099046,-0.008451385047925053,25.8792040901571,46.25199510526652,911.846923828125
1,pos,2015-09-23,26.1666,91.7042,26.25,91.75,21,17,47.29277801513672,58.67525100708008,60.28392028808594,89.6709976196289,187.59255981445312,58.67525100708008,4.0,19.55841636657715,82.60010528564453,31.0,2015,9,-0.9906923101615609,-0.13612033862266704,26_91,230.763427734375,11.373033017006161,-0.576402137656056,-0.8171661861001892,-0.0012811719502672401,7.871716199939632,32.300983165546455,241.04989624023438
1,pos,2013-08-17,24.7625,93.4341,24.75,93.5,15,24,15.997886657714844,25.70088768005371,134.20571899414062,239.90789794921875,332.2169494628906,107.3973617553711,9.0,8.566962242126465,150.91204833984375,3.0,2013,8,-0.7157953492826642,-0.6983101158835584,24_93,651.69677734375,29.669819986297096,0.6802819162620342,-0.7329505538621651,-0.00695553867052998,18.40254797929762,42.76687125185917,705.8378143310547
0,neg_wet,2009-07-01,25.28069963067643,90.48591278284738,25.25,90.5,17,12,189.66708374023438,425.91375732421875,541.20849609375,569.8081665039062,790.343994140625,425.91375732421875,11.0,141.97125244140625,512.302978515625,0.0,2009,7,0.01075130776352193,-0.9999422030204416,25_90,102.84669494628906,10.143007991108412,0.7475622686731407,-0.6641917301926208,0.0006162511238448484,9.34376738456433,25.110600855656255,173.64218139648438
0,neg_wet,2011-07-06,24.505108634817784,88.42522450032028,24.5,88.5,14,4,2.4216597080230713,124.19762420654297,211.5487060546875,228.7717742919922,249.19009399414062,187.02947998046875,9.0,41.399208068847656,173.73184204101562,2.0,2011,7,-0.07518957641475855,-0.9971692572470178,24_88,33.90045928955078,0.9054858609780533,-0.10878370082065285,-0.9940654437388731,0.00010020341717426792,0.6120237031083338,1.8262883139213706,14.590438842773438
0,neg_general,2007-06-26,26.304679070618093,89.46392714834693,26.25,89.5,21,8,0.9750006198883057,20.511098861694336,42.91508865356445,398.4554748535156,802.4777221679688,294.3419494628906,10.0,6.837032794952393,247.07177734375,7.0,2007,6,0.0966127018812031,-0.9953220513156602,26_89,43.817909240722656,1.5027792954699921,0.6808968466720516,0.7323793308061448,-0.0004830498691200598,0.7188304305031529,3.048795038829214,19.742347717285156
0,neg_general,2009-08-08,25.486570309725106,92.23392298147594,25.5,92.25,18,19,5.780140399932861,9.538850784301758,18.206439971923828,113.20914459228516,164.144287109375,57.229522705078125,11.0,3.179616928100586,53.81501007080078,60.0,2009,8,-0.5995514915196489,-0.8003361849976323,25_92,1308.9224853515625,2.8653436696095405,-0.6850257558851839,0.7285188492921322,0.0023679671277869385,4.340067781256987,14.666333919642591,95.9888916015625
1,pos,2008-08-07,25.705,94.04,25.75,94.0,19,26,11.358426094055176,27.129545211791992,129.08946228027344,231.53773498535156,439.93243408203125,101.95249938964844,10.0,9.043181419372559,160.9107208251953,19.0,2008,8,-0.5995514915196489,-0.8003361849976323,25_94,1039.6583251953125,16.164728740814375,0.8843637830434522,0.46679834965547357,0.0012959668843718945,14.90113747104902,35.751438329082056,914.6885375976562
0,neg_hard,2015-07-18,25.654091934383743,94.52277818681533,25.75,94.5,19,28,3.374187469482422,56.42816925048828,94.94644165039062,161.72251892089844,247.21414184570312,68.29995727539062,11.0,18.809389114379883,102.46546936035156,2.0,2015,7,-0.2779791393987801,-0.9605871111248129,25_94,1296.1484375,19.63561889286897,0.3538739975438121,-0.9352931058563203,-0.005872536934723525,26.35409136385504,41.438176255303254,1140.5180053710938
1,pos,2007-10-16,25.7055,94.0132,25.75,94.0,19,26,20.146686553955078,66.44749450683594,76.96776580810547,147.5330047607422,173.3016815185547,66.44749450683594,8.0,22.1491641998291,91.74948120117188,14.0,2007,10,-0.9666180104000972,0.2562218218071163,25_94,1463.825439453125,15.436138669661707,0.7637465276669555,-0.6455162596532085,-0.000889271204012993,23.339989963693622,51.73316449628779,1100.288818359375
0,neg_hard,2014-07-12,24.44319428653146,94.01371974806327,24.5,94.0,14,26,0.0,0.23061202466487885,1.5273997783660889,24.746007919311523,296.14337158203125,19.382938385009766,4.0,0.07687067240476608,33.685020446777344,27.0,2014,7,-0.17752914918703497,-0.984115542601034,24_94,792.8453369140625,0.9175028621218433,-0.9775711351523688,0.21060549783163088,-0.00046393312053868464,5.390509705015713,26.371761901687805,178.3594970703125
0,neg_wet,2015-06-14,26.049572471353798,91.03648028887534,26.0,91.0,20,14,0.9021406173706055,52.9597282409668,143.07916259765625,298.27105712890625,465.8531799316406,102.84394836425781,14.0,17.653242111206055,177.12977600097656,14.0,2015,6,0.2985688173637202,-0.9543881083175908,26_91,39.49745178222656,0.02961623268209622,0.3304984748562464,0.9438065257867712,-9.153099891588424e-05,0.5914129979068466,3.1005607663626553,16.800880432128906
0,neg_hard,2012-06-17,25.380986784091455,94.01394705101713,25.5,94.0,18,26,0.0,31.668888092041016,31.668888092041016,57.59703063964844,97.44706726074219,37.07594299316406,4.0,10.556296348571777,42.219886779785156,60.0,2012,6,0.23224292400907015,-0.9726578145718654,25_94,1297.582275390625,20.62117605625058,-0.18325722562320187,-0.9830649974731512,-0.0034433406281868376,20.667259753948024,41.03207693478419,678.3314208984375
0,neg_general,2008-08-25,27.868525892154434,96.24564689259739,27.75,96.25,27,35,6.758759498596191,11.446681022644043,22.939048767089844,134.9906005859375,241.4837188720703,60.864418029785156,11.0,3.8155603408813477,70.9580307006836,52.0,2008,8,-0.8149159841660791,-0.5795791048257612,27_96,229.82870483398438,1.1191335026044802,-0.14204984892633835,-0.989859505394581,0.0008647745744856215,1.108143249134978,4.042287755984936,30.650909423828125
0,neg_hard,2014-08-06,27.223703391879575,88.83469868945183,27.25,88.75,25,5,5.704221248626709,63.59365463256836,108.91046142578125,233.04415893554688,460.175537109375,76.47676086425781,15.0,21.197885513305664,163.21263122558594,42.0,2014,8,-0.5716666713027052,-0.8204859638785327,27_88,1675.776123046875,33.357586033500866,0.999872569767874,0.015963841197781093,0.0036532209859720275,24.469451123553426,45.55608348687427,878.385498046875
0,neg_general,2012-06-28,26.522138062969873,88.69868317552469,26.5,88.75,22,5,37.84913635253906,295.989990234375,367.16473388671875,845.0482177734375,1154.837646484375,316.1388244628906,13.0,98.663330078125,487.80548095703125,1.0,2012,6,0.04514101777397193,-0.9989806246941579,26_88,90.16686248779297,0.47661647117179745,-0.6910278645712842,-0.7228281195319195,-0.001047418188059859,0.682123955056777,2.7754902092357967,11.708770751953125
0,neg_hard,2008-07-06,23.979894871934633,91.40594580485272,24.0,91.5,12,16,10.836248397827148,27.56227684020996,68.08909606933594,129.10975646972656,227.62957763671875,41.56156921386719,11.0,9.18742561340332,90.21687316894531,33.0,2008,7,-0.09233133369539122,-0.9957283388645872,23_91,38.47018051147461,1.0407254516629447,-0.3003850197263627,-0.9538180329203221,-0.0017533224723014496,1.8672745800963042,6.358785031549662,38.84495735168457
0,neg_wet,2016-03-30,23.44088862307533,91.19635479030879,23.5,91.25,10,15,18.184961318969727,71.25323486328125,71.25323486328125,111.97834777832031,112.27802276611328,71.25323486328125,3.0,23.75107765197754,84.07781219482422,1.0,2016,3,0.9997451236925734,0.022576263041545485,23_91,7.048046112060547,0.38469628548534884,0.9041713943406181,-0.42716986042573574,-3.359514068405032e-05,0.6428610193900696,2.239244164310514,11.178993225097656
0,neg_general,2012-04-09,26.38229093554136,91.69197582202221,26.5,91.75,22,17,23.64522361755371,54.76768112182617,104.21129608154297,108.24134826660156,113.76986694335938,64.72470092773438,6.0,18.25589370727539,87.00479125976562,60.0,2012,4,0.9888537064205885,-0.1488903868564548,26_91,54.94618225097656,1.3768821313435196,-0.23733314642898046,0.9714283183056381,-0.0014111800493812063,0.9314698190829971,2.9146421425449422,12.759159088134766
0,neg_hard,2013-08-09,25.115859547477005,93.43798388256396,25.0,93.5,16,24,0.13730469346046448,30.26432228088379,103.51058197021484,163.92872619628906,407.6108093261719,99.97219848632812,10.0,10.088107109069824,113.72479248046875,4.0,2013,8,-0.6132298262997502,-0.7899045386224707,25_93,744.2488403320312,9.024998354848515,0.618277904681976,-0.7859595616709968,-0.006185700456686113,18.453473545717024,41.52041517237083,561.3681640625
0,neg_general,2013-05-09,25.864223531550437,94.39010969624454,25.75,94.5,19,28,40.671417236328125,69.15202331542969,96.66262817382812,124.7027359008789,224.03958129882812,69.15202331542969,8.0,23.050674438476562,103.42723083496094,60.0,2013,5,0.7971015927871943,-0.6038452208771035,25_94,888.1297607421875,16.350745952331014,0.032158599764482945,-0.9994827784715391,0.0034437282576030583,23.334359834668316,40.27353657551858,759.8562622070312
0,neg_hard,2007-06-26,26.635768540672498,94.93549682512572,26.75,95.0,23,30,7.361784934997559,52.93973159790039,129.1665802001953,308.4720764160156,417.995361328125,137.47982788085938,12.0,17.646577835083008,168.24395751953125,5.0,2007,6,0.0966127018812031,-0.9953220513156602,26_94,444.0238952636719,34.703380536435674,-0.9997474298325687,0.02247390805296671,0.008737012092020066,16.943038982885383,37.782099662481464,413.9008483886719
1,pos,2007-09-13,26.1833,91.8,26.25,91.75,21,17,2.108057737350464,10.366989135742188,172.3833465576172,333.217041015625,530.7598876953125,177.642822265625,13.0,3.455662965774536,194.7997589111328,5.0,2007,9,-0.9527692922168511,-0.30369503751065885,26_91,67.15460205078125,1.191352883005992,0.1851783154567062,-0.9827049361250897,-0.0005543230548529681,6.117202148631893,26.813036545698886,139.95901489257812
1,pos,2010-04-02,27.8997,93.3497,28.0,93.25,28,23,25.304676055908203,80.8037109375,147.22975158691406,196.88111877441406,242.54127502441406,80.8037109375,11.0,26.9345703125,137.75746154785156,30.0,2010,4,0.9999300657962057,-0.011826390691832589,27_93,879.9609375,6.8449836579074965,-0.898697058601059,-0.4385699452331461,-0.0016532989668705817,22.309489771037516,50.13014729247884,769.041748046875
0,neg_hard,2007-08-03,27.06868068526644,93.53752237950087,27.0,93.5,24,24,0.0,17.62494659423828,44.43157196044922,165.1753387451172,392.0767517089844,87.07038879394531,12.0,5.8749823570251465,102.257568359375,8.0,2007,8,-0.5285813283559292,-0.8488826652214553,27_93,347.19061279296875,11.60084310140667,0.3451420871757129,-0.9385504459857194,-0.0031362994546584033,14.384811965879479,36.380911839697944,459.2126922607422
0,neg_general,2011-06-24,27.46828902815298,94.68261757316756,27.5,94.75,26,29,7.665261745452881,28.751142501831055,92.6979751586914,115.34439086914062,202.84716796875,82.39765930175781,7.0,9.583714485168457,91.81485748291016,3.0,2011,6,0.13079267585675922,-0.9914097417023038,27_94,97.4377670288086,0.08448343429711198,0.13823567698085576,-0.9903993626864087,1.6826263645951673e-05,0.23908955477710297,4.606307823625848,10.325767517089844
0,neg_hard,2015-02-20,26.08739674907666,94.49346277062624,26.0,94.5,20,28,2.03710675239563,2.03710675239563,2.2119035720825195,9.75150203704834,11.195638656616211,7.714395523071289,1.0,0.6790356040000916,6.00659704208374,60.0,2015,2,0.7690308592589181,0.6392116531380588,26_94,1456.9029541015625,10.24206289328287,0.9864021414203158,-0.1643496741749591,-0.0011518037599282285,22.447327484886912,39.83698574862428,863.64794921875
0,neg_wet,2015-06-10,25.221224920463047,90.83521007989815,25.25,90.75,17,13,432.98236083984375,1362.667724609375,2093.525634765625,3072.021484375,3503.318359375,1362.667724609375,13.0,454.2225646972656,2135.39111328125,0.0,2015,6,0.36348161248290634,-0.9316013725767187,25_90,293.5576477050781,12.239429928204432,-0.9966820152097321,0.08139386068658645,-0.002088844183719056,11.463180737002343,30.07285456673891,426.22926330566406
0,neg_general,2009-08-04,26.13624323690599,91.55931944824464,26.25,91.5,21,16,18.537799835205078,26.263214111328125,99.31121826171875,203.73562622070312,289.808349609375,82.11212158203125,10.0,8.75440502166748,118.56806945800781,60.0,2009,8,-0.5431052396834317,-0.8396646346181327,26_91,51.90447235107422,2.77463209583593,-0.6841664471994905,0.7293259028215211,-0.0038242448377652123,0.5776670219459951,5.294367839770555,16.789234161376953
0,neg_wet,2013-07-09,26.0095184029729,89.99557723288767,26.0,90.0,20,10,15.132808685302734,52.06879806518555,59.565250396728516,226.3466796875,261.3907775878906,101.91116333007812,11.0,17.356266021728516,118.58950805664062,33.0,2013,7,-0.12652781683868314,-0.9919630595773397,26_89,24.0,0.0,0.0,1.0,0.0,0.49799602966579054,5.6706617936824895,16.616722106933594
0,neg_wet,2007-06-17,28.722646178074037,95.34640769907308,28.75,95.25,31,31,48.29999923706055,121.5,211.39999389648438,260.8999938964844,410.0000305175781,151.09999084472656,9.0,40.5,208.11474609375,2.0,2007,6,0.24893980855376657,-0.9685189578512204,28_95,3400.682861328125,23.982820985052534,-0.9216805947468433,-0.387949585986511,-0.0009773683021541437,26.92711204510266,44.226250217336265,1336.8603515625
0,neg_wet,2012-05-23,25.44755939455474,88.73142978576149,25.5,88.75,18,5,48.73942565917969,69.35446166992188,93.82465362548828,147.92906188964844,229.8076934814453,69.35446166992188,6.0,23.118154525756836,109.60252380371094,60.0,2012,5,0.6166212130956382,-0.7872599821916922,25_88,28.081260681152344,0.9075607249219856,-0.4055263212789941,0.9140833675053529,9.226487915561994e-05,0.8434974273698627,3.660600477082626,14.013378143310547
1,pos,2012-06-14,27.339,88.6065,27.25,88.5,25,4,11.05727481842041,40.223487854003906,168.72105407714844,248.5603485107422,343.6401672363281,98.56513214111328,14.0,13.407829284667969,154.13729858398438,6.0,2012,6,0.2821076626819194,-0.9593827529490743,27_88,1518.2493896484375,20.447790296737228,-0.9999971168596754,-0.002401306381252432,-0.00018359475068846747,20.576662936386963,40.86237855368488,939.5634155273438
1,pos,2011-03-22,28.0791,96.5242,28.0,96.5,28,36,0.0,0.0,0.0,0.0,0.0,0.0,0.0,0.0,0.002590227173641324,60.0,2011,3,0.984305844499033,0.17647097349152166,28_96,553.9533081054688,18.24367822148579,0.20504682522770165,-0.9787521644747665,-0.001846023240199465,28.811879959313167,50.62809208919733,885.229248046875
0,neg_hard,2011-10-23,27.98378668036947,96.1865846733359,28.0,96.25,28,35,0.0,0.0,0.0,0.0,0.0,0.0,0.0,0.0,3.1605298348065525e-13,60.0,2011,10,-0.9288394302558068,0.3704825404820963,27_96,340.1138916015625,2.2198488994986345,-0.5328560793455805,-0.846205884347572,0.0007021465011802998,1.9456504863585966,5.412637130705004,131.31695556640625
0,neg_general,2008-09-04,25.465459946540847,88.36755774844966,25.5,88.25,18,3,9.031647682189941,25.960163116455078,54.73738479614258,84.2474136352539,385.996337890625,74.72306823730469,7.0,8.653388023376465,98.15701293945312,16.0,2008,9,-0.9020987014301837,-0.43152975897147144,25_88,28.521984100341797,0.18949250026519707,0.2615018586229032,0.9652029724036116,0.0004839932833786121,0.4356275494005078,2.141910477933605,8.276252746582031
0,neg_wet,2009-05-20,24.80053200216544,87.93670460539494,24.75,88.0,15,2,3.3819527626037598,42.70968246459961,45.903560638427734,69.16498565673828,104.74620819091797,42.70968246459961,4.0,14.236560821533203,53.79467010498047,60.0,2009,5,0.6692903895412567,-0.7430009249440493,24_87,20.0,0.0,0.0,1.0,0.0,0.3236157699951408,4.0135487448828195,19.059528350830078
1,pos,2015-08-01,24.9111,94.4759,25.0,94.5,16,28,85.54586029052734,123.26487731933594,141.30807495117188,297.3533630371094,385.74249267578125,123.26487731933594,13.0,41.08829116821289,193.7392120361328,0.0,2015,8,-0.4990686026885319,-0.8665624788845385,24_94,1841.123779296875,24.75871161721187,0.4606883789510638,0.8875619513585747,0.00029418984188142616,23.81833193043415,37.67317887291332,761.667236328125
0,neg_hard,2009-05-12,27.087576239994146,88.3802755206012,27.0,88.5,24,4,4.2746806144714355,16.11699867248535,20.954830169677734,92.80963134765625,205.92030334472656,43.571754455566406,6.0,5.37233304977417,55.39931106567383,25.0,2009,5,0.7648913904341225,-0.6441592666722685,27_88,686.5726928710938,36.39654908424327,-0.16983143567116055,0.9854731267050728,-0.0006672246383870839,24.472941278827737,42.858090833463514,808.3977355957031
0,neg_general,2009-04-13,25.54667839843898,92.87657703532504,25.5,93.0,18,22,0.0,8.056116104125977,10.32994270324707,32.153221130371094,63.80799865722656,28.45985984802246,4.0,2.6853721141815186,20.45962905883789,60.0,2009,4,0.9798567700958665,-0.1997015525660636,25_92,185.1158905029297,6.194540608109252,-0.21589864914782908,-0.9764157789057603,-0.0015717746464621798,6.463175198482127,18.125793395437412,142.74339294433594
0,neg_hard,2007-09-04,27.93108530240775,96.17722252217017,28.0,96.25,28,35,0.0,0.0,0.0,0.0,0.0,0.0,0.0,0.0,0.0,60.0,2007,9,-0.8945422369764496,-0.4469834295196741,27_96,232.7978515625,0.9380142340997727,0.023320047974027657,-0.9997280507030345,-6.154938890906435e-05,1.2203058166248746,6.595793723878085,58.26896667480469
0,neg_general,2014-09-18,27.80085988146805,96.79210547254495,27.75,96.75,27,37,0.5986266732215881,1.1972533464431763,1.6068668365478516,68.26409149169922,280.33734130859375,65.4395980834961,1.0,0.3990844488143921,49.03788375854492,10.0,2014,9,-0.9753363880767837,-0.2207236509605022,27_96,1572.339599609375,41.599025198579945,-0.6901687468839719,0.7236484649500805,-0.007346372209966678,34.279047880967035,58.32528241223503,1196.696044921875
1,pos,2016-04-19,26.7223,95.0243,26.75,95.0,23,30,37.478614807128906,84.77340698242188,102.71471405029297,319.8245544433594,362.6703796386719,100.43426513671875,13.0,28.257802963256836,168.76895141601562,12.0,2016,4,0.9487718864399473,-0.31596187665790293,26_95,691.5819091796875,8.921729064284213,0.5705446840035192,0.8212665605973035,0.0011576525200685493,13.821976066422529,34.51888810790271,348.3282775878906
0,neg_general,2012-06-27,28.05922736478433,96.07308190809545,28.0,96.0,28,34,2.4000000953674316,24.19999885559082,89.4000015258789,192.5999755859375,334.3999938964844,67.4000015258789,10.0,8.066666603088379,115.92921447753906,44.0,2012,6,0.062318379354325076,-0.998056320853012,28_96,477.38043212890625,6.001157835582364,-0.9999905226203167,0.004353696078721242,0.0019412861735048103,10.299848908707759,40.474563629954545,434.2128601074219
0,neg_general,2009-05-26,28.604193185181053,93.56536989392565,28.5,93.5,30,24,7.6977715492248535,12.713972091674805,15.552248001098633,52.57154846191406,183.4308319091797,28.736175537109375,6.0,4.237990856170654,41.316070556640625,25.0,2009,5,0.5891760872322963,-0.8080046647350754,28_93,3602.374267578125,31.91751125534564,-0.7896766661070431,0.6135232375436692,-0.0011977918400606475,24.65919452128965,51.52973557215805,1021.47265625
0,neg_general,2009-07-07,27.35127532261744,93.92128238175928,27.25,94.0,25,26,26.22813606262207,56.11437225341797,146.62506103515625,307.2139892578125,530.0861206054688,111.02921295166016,14.0,18.704790115356445,190.75389099121094,11.0,2009,7,-0.09233133369539122,-0.9957283388645872,27_93,540.0113525390625,34.68006327394238,0.9953856679895858,0.09595505177387002,-0.005766890864915595,26.822774725008173,58.093686703988304,986.7542266845703
0,neg_wet,2010-05-21,27.39752350542454,93.46569388897154,27.5,93.5,26,24,13.841252326965332,92.47433471679688,148.1306610107422,344.7774658203125,664.1119384765625,124.31298828125,13.0,30.824777603149414,220.2776641845703,1.0,2010,5,0.6564105761979381,-0.7544038410927472,27_93,2287.083984375,24.570617926843376,-0.2466871264436685,-0.9690951767741729,-0.001268212402066145,19.49515245729786,37.136017793502646,867.0316162109375
1,pos,2015-08-27,24.042,92.6724,24.0,92.75,12,21,65.5222396850586,114.67225646972656,213.81698608398438,302.3572082519531,421.32403564453125,119.27088928222656,13.0,38.22408676147461,230.80099487304688,0.0,2015,8,-0.8247650844733614,-0.5654755126737576,24_92,804.421142578125,7.856086789693864,0.9929115546845386,-0.11885556181320421,0.0005999306161024212,21.478462299700638,45.976169797538695,664.8971252441406
0,neg_hard,2013-08-02,27.233830032239798,88.16398552524328,27.25,88.25,25,3,18.806636810302734,74.09861755371094,166.98841857910156,251.48406982421875,533.0579223632812,88.1734390258789,13.0,24.699539184570312,186.01852416992188,58.0,2013,8,-0.5139010013093103,-0.8578494977869301,27_88,2318.8291015625,34.73990206725978,0.9921395589743457,-0.12513630775354886,0.004710261878776512,25.493669907817953,46.77621260777617,1403.1143798828125
1,pos,2016-06-12,27.6438,93.871,27.75,93.75,27,25,20.734716415405273,21.88416862487793,56.5841064453125,67.11356353759766,424.5135498046875,24.251190185546875,5.0,7.294723033905029,78.3609848022461,25.0,2016,6,0.31494162072895193,-0.9491110448902284,27_93,1681.67431640625,28.63798213584272,-0.998167908792464,0.060504758960590974,0.004513190553709185,20.417724302380964,34.8797213489647,1001.466552734375
0,neg_general,2012-05-17,26.320209281729284,91.4605334953181,26.25,91.5,21,16,23.23069953918457,32.52537536621094,69.16844940185547,94.34388732910156,267.80010986328125,36.643070220947266,6.0,10.841792106628418,83.62826538085938,60.0,2012,5,0.6944521021088763,-0.719538934232584,26_91,51.13450622558594,2.204502707989393,-0.2718844972976111,-0.9623298915284848,-6.966527582527452e-05,0.8504751130966159,3.4284650913333086,15.569049835205078
0,neg_wet,2010-08-29,26.780761109453678,88.45324012015882,26.75,88.5,23,4,12.563504219055176,123.02677154541016,360.6062316894531,670.62109375,1033.376220703125,208.75234985351562,14.0,41.0089225769043,395.717529296875,2.0,2010,8,-0.8437282590292712,-0.5367705514607103,26_88,155.6456756591797,2.340723834363298,-0.9420281377937434,-0.3355338844362102,-0.0019250144730943394,2.036396949118368,8.440878417617585,52.712257385253906
0,neg_hard,2016-08-03,25.021020187941524,92.82327930468308,25.0,92.75,16,21,0.0,0.0,6.465856552124023,69.34749603271484,282.29217529296875,33.74833679199219,7.0,0.0,52.28120040893555,18.0,2016,8,-0.5431052396834317,-0.8396646346181327,25_92,765.6947021484375,21.149881504159968,0.8449226929435428,-0.5348884397227441,0.007160198785177818,22.530519089912275,43.09696955990148,661.6246032714844
0,neg_wet,2008-07-02,28.1199367399905,88.16089038865813,28.0,88.25,28,3,17.443342208862305,52.44879913330078,114.08684539794922,214.2967529296875,430.2925109863281,68.45274353027344,15.0,17.482933044433594,144.34344482421875,60.0,2008,7,-0.023651127245231586,-0.9997202729664083,28_88,4749.46826171875,4.756507992454786,-0.03259843606518341,0.9994685297527403,-0.00013210108022199954,4.423677151449283,9.383197721328356,257.50732421875
0,neg_general,2007-05-23,26.710600973850198,89.51475381379954,26.75,89.5,23,8,56.899879455566406,134.916259765625,159.9591064453125,190.24978637695312,261.3424072265625,134.916259765625,9.0,44.97208786010742,160.14292907714844,0.0,2007,5,0.6300720909843687,-0.7765366444428655,26_89,154.09996032714844,1.4004602286404333,-0.3760541381391394,-0.9265976932781719,0.0006515968832910633,1.9318609580733077,8.046922294958105,70.4417495727539
0,neg_wet,2014-08-26,26.769873478076576,91.73159655616728,26.75,91.75,23,17,25.040332794189453,77.32267761230469,104.20115661621094,156.55947875976562,226.0809326171875,77.32267761230469,11.0,25.77422523498535,117.25860595703125,34.0,2014,8,-0.8149159841660791,-0.5795791048257612,26_91,135.3812255859375,0.09440178229064376,-0.9999866609662228,-0.0051650643388553635,0.00017581853735102273,1.0594364553928892,4.898950722605307,43.95745849609375
0,neg_hard,2009-07-26,26.222635608418024,91.81706523838942,26.25,91.75,21,17,18.512081146240234,18.512081146240234,37.619544982910156,54.95929718017578,229.62132263183594,38.569732666015625,7.0,6.170693874359131,61.16175842285156,60.0,2009,7,-0.4071294853542516,-0.9133704517637858,26_91,46.5,0.0,0.0,1.0,0.0,0.46296897011669413,14.105490907210942,41.41404724121094
0,neg_hard,2015-03-19,24.85440570802028,93.38664412441439,24.75,93.5,15,24,0.19997738301753998,0.19997738301753998,0.19997738301753998,0.19997738301753998,5.600374221801758,0.19997738301753998,0.0,0.06665913015604019,0.7084681987762451,60.0,2015,3,0.9738922359149924,0.22701082094141847,24_93,353.3661804199219,0.5799915671590555,-0.06316287104937002,0.998003232319816,-0.0018754493771187936,14.3335632241373,41.653311753522836,312.02838134765625
1,pos,2015-08-01,25.1122,94.3591,25.0,94.25,16,27,83.27330017089844,120.11932373046875,137.65396118164062,291.0383605957031,383.01593017578125,120.11932373046875,13.0,40.03977584838867,189.991943359375,0.0,2015,8,-0.4990686026885319,-0.8665624788845385,25_94,1847.19091796875,11.758873365921984,-0.9016531632029824,0.43245990945526513,-0.00561687116895147,14.799822639219313,30.41114528499751,463.6182861328125
0,neg_hard,2011-10-13,25.434512357213986,92.20154151585463,25.5,92.25,18,19,0.0,3.973090410232544,5.639225006103516,14.715354919433594,49.838321685791016,9.076128959655762,2.0,1.3243634700775146,11.543457984924316,60.0,2011,10,-0.9785481345802031,0.20601832032517084,25_92,1287.0640869140625,14.92780520499077,0.6051645975540115,-0.7961003767536423,0.003639539183711708,9.168236316444553,26.63929082898192,163.6976318359375
0,neg_hard,2016-06-13,24.974804287883874,92.39131446456759,25.0,92.5,16,20,5.545254230499268,10.1512451171875,85.51570892333984,94.13312530517578,644.0316772460938,62.26757049560547,7.0,3.3837482929229736,105.6336441040039,22.0,2016,6,0.2985688173637202,-0.9543881083175908,24_92,15.327683448791504,0.7906085542458604,-0.9385700819251478,0.3450886861591108,0.00019918717547847282,0.656927749839079,3.627096748549201,13.508508682250977
0,neg_general,2009-08-17,25.644455434359337,91.78686332692267,25.75,91.75,19,17,45.45978546142578,122.82311248779297,179.77163696289062,291.470703125,423.8211364746094,122.82311248779297,13.0,40.941036224365234,197.43580627441406,19.0,2009,8,-0.7157953492826642,-0.6983101158835584,25_91,1010.6575317382812,3.971878799631327,-0.09483898837981636,0.99549262492652,0.0005243691957629301,7.738792115635164,24.575090310056346,379.91058349609375
0,neg_wet,2010-08-23,25.238919928602286,90.94586981828202,25.25,91.0,17,14,166.23573303222656,532.9600830078125,1048.142578125,1164.3125,1425.255615234375,532.9600830078125,12.0,177.6533660888672,906.268798828125,0.0,2010,8,-0.7839338166829201,-0.620844401650647,25_90,299.86614990234375,2.9879579277026362,0.6558316959094025,-0.7549071377597361,0.001628281612980879,9.189881396228593,33.30866897753208,471.4286117553711
0,neg_general,2015-07-29,27.33356881889318,93.41113259429522,27.25,93.5,25,24,0.0,0.7623921036720276,73.72970581054688,264.0844421386719,362.0135803222656,136.5271759033203,8.0,0.25413069128990173,117.84750366210938,14.0,2015,7,-0.45370308603134424,-0.8911529104063088,27_93,1924.7802734375,29.155039751618894,-0.6170460046958143,0.7869270792703306,-0.0017313210091229833,20.755530260625925,34.79437290798762,647.4051513671875
0,neg_hard,2009-08-24,27.418409741022153,91.78537575346998,27.5,91.75,26,17,12.156367301940918,47.32148742675781,101.78849029541016,206.7029266357422,502.0885314941406,84.5753173828125,15.0,15.773829460144043,143.1016082763672,53.0,2009,8,-0.7944973291665992,-0.6072676460566135,27_91,1999.57421875,35.422206454815814,-0.9792039484775527,0.20287835588344663,-0.0016262973649490827,31.38631111223707,52.25244224571451,1150.7408447265625
0,neg_hard,2015-09-04,23.71399439802614,93.05887238038318,23.75,93.0,11,22,5.130396366119385,16.955215454101562,54.07666778564453,289.767333984375,469.4958801269531,128.26686096191406,11.0,5.65173864364624,149.4210662841797,8.0,2015,9,-0.8945422369764496,-0.4469834295196741,23_93,955.2686767578125,28.15528629492547,0.05948167043482668,0.9982293979252879,0.002622395908178643,22.720243593786076,40.411821918177914,551.8126220703125
0,neg_general,2013-08-23,25.979342314557297,94.5143651033285,26.0,94.5,20,28,1.2512305974960327,3.328890323638916,7.934224605560303,100.36572265625,247.4319305419922,58.584716796875,8.0,1.1096301078796387,63.66558837890625,60.0,2013,8,-0.7839338166829201,-0.620844401650647,25_94,1620.6451416015625,23.53636478797582,0.3489206895930866,0.9371522567725508,-0.007678674066295681,22.343618214872034,43.853613113844766,737.7984619140625
1,pos,2015-06-27,27.0076,88.251,27.0,88.25,24,3,3.027899742126465,6.238694190979004,86.58916473388672,238.55699157714844,405.2685546875,91.14582824707031,14.0,2.0795648097991943,134.08126831054688,9.0,2015,6,0.07947729992362097,-0.9968366760893436,27_88,2259.83056640625,12.09970587267561,0.24536239893099016,-0.9694314277919969,-0.004017755081160433,21.031530508372107,39.12397661727112,700.444580078125
0,neg_general,2012-10-02,25.499923678398964,94.32914499840345,25.5,94.25,18,27,0.0,0.0,0.0,0.0,0.0,0.0,0.0,0.0,2.4483649730682373,49.0,2012,10,-0.9993706508539969,0.03547255575312556,25_94,1516.2213134765625,26.869126969834728,0.9765742579366677,0.21518066533833086,-0.003133778344269445,23.7871071997002,41.138754595550225,903.5186767578125
0,neg_wet,2010-05-19,26.390165483583164,93.34612737827793,26.5,93.25,22,23,1.9721405506134033,31.85350799560547,107.62383270263672,198.03411865234375,339.1531677246094,68.67091369628906,10.0,10.617835998535156,119.58539581298828,29.0,2010,5,0.6819721490904629,-0.7313781428679254,26_93,532.8306274414062,34.11541291308391,-0.024264287782360096,-0.9997055788272939,-0.007684599710707694,15.107331998713912,34.74229422724192,427.872802734375
0,neg_general,2009-06-25,27.826536431550796,93.55139633407693,27.75,93.5,27,24,0.8423929214477539,7.981107711791992,36.943424224853516,172.40390014648438,314.619140625,100.13845825195312,9.0,2.6603691577911377,81.56477355957031,14.0,2009,6,0.11371951458594969,-0.9935128947338007,27_93,1069.09033203125,23.067940974966664,-0.7594452880871148,-0.6505711755083216,-0.007207968758642521,24.69699946323659,40.91213825556751,1000.654541015625
0,neg_hard,2016-08-13,25.344065454371115,93.05179154860382,25.25,93.0,17,22,3.485025405883789,24.6456298828125,41.06494140625,57.294776916503906,138.9990692138672,24.6456298828125,8.0,8.2152099609375,49.45082473754883,60.0,2016,8,-0.6788204829862355,-0.734304263829602,25_93,392.81512451171875,11.27030614551251,0.42244581508536305,-0.906388180261009,-0.0005758235752471478,13.206765676966432,29.538869302224015,363.61192321777344
0,neg_wet,2011-08-25,26.725679610395208,90.69366646490235,26.75,90.75,23,13,49.93882751464844,88.10221862792969,102.69422912597656,306.5947265625,550.7367553710938,184.70578002929688,10.0,29.367406845092773,199.6188201904297,9.0,2011,8,-0.8048257371083452,-0.593511190196115,26_90,179.12265014648438,0.7432094533579189,-0.8461961746992929,0.5328714985099914,0.000894657188049243,1.4568871244376589,6.12096646000548,63.93194580078125
0,neg_general,2008-05-30,27.727932659425782,96.41328541489904,27.75,96.5,27,36,0.0,0.0,14.454948425292969,62.352169036865234,98.28672790527344,29.31319236755371,7.0,0.0,33.76435089111328,32.0,2008,5,0.5175855102531889,-0.8556314858488706,27_96,593.9613647460938,43.01320837545142,-0.23927568242917743,-0.9709516711958692,-0.0018267008074310184,28.67561941258773,56.50274781223954,920.7992858886719
0,neg_hard,2012-07-03,26.83435745742606,88.26946687939417,26.75,88.25,23,3,20.6694393157959,27.183597564697266,55.51365661621094,211.8219757080078,555.7518310546875,155.4582061767578,12.0,9.061199188232422,156.5408477783203,16.0,2012,7,-0.04084439154329611,-0.9991655196610109,26_88,596.6797485351562,20.978416275860077,0.9429515827752041,-0.332929891331099,-0.004135483149424694,17.77251852741508,42.08923560079626,740.6441345214844
0,neg_general,2016-10-11,24.240802117922545,93.13417782773777,24.25,93.25,13,23,10.400874137878418,67.84478759765625,68.279052734375,143.9208221435547,286.5668029785156,67.84478759765625,7.0,22.61492919921875,106.02847290039062,60.0,2016,10,-0.981947190186646,0.18915526872004093,24_93,501.7050476074219,22.311267072398067,0.02315258384043242,-0.9997319430034792,-0.003955439522994876,22.482146779779484,41.76407723741833,832.7457885742188
0,neg_hard,2009-06-19,28.4940578353572,94.98088780834867,28.5,95.0,30,30,0.32500436902046204,0.6021171808242798,15.870953559875488,157.91603088378906,214.0909881591797,115.5010986328125,6.0,0.20070572197437286,73.31693267822266,10.0,2009,6,0.21547731504673012,-0.976508846196619,28_94,1795.055908203125,31.910257594796057,0.9928683363066635,-0.11921605076346953,-0.0020898973791936204,32.1301370170302,54.192204357506654,1208.54638671875
0,neg_wet,2015-07-18,24.42728306054558,93.87685142124107,24.5,94.0,14,26,55.71726989746094,85.48622131347656,86.05188751220703,140.9913330078125,323.7823486328125,85.48622131347656,6.0,28.495407104492188,124.79164123535156,0.0,2015,7,-0.2779791393987801,-0.9605871111248129,24_93,766.5,0.0,0.0,1.0,0.0,3.6414146497856628,30.048080054220797,160.60614013671875
1,pos,2014-09-23,25.5772,91.8666,25.5,91.75,18,17,55.037662506103516,158.7408447265625,253.17874145507812,304.1047058105469,412.5669250488281,158.7408447265625,12.0,52.91361618041992,245.2995147705078,0.0,2014,9,-0.9906923101615609,-0.13612033862266704,25_91,1469.179931640625,4.567779457434641,-0.7150556930497854,0.699067490187529,0.0023581418645769094,8.97071033696695,45.627570645650174,496.338134765625
0,neg_hard,2010-06-02,24.355144884773786,93.92362629580519,24.25,94.0,13,26,19.407079696655273,26.821945190429688,73.91061401367188,130.75714111328125,242.66786193847656,45.7562141418457,8.0,8.940648078918457,91.2457504272461,60.0,2010,6,0.4878471454423119,-0.8729290708206411,24_93,914.292236328125,11.93344267960951,-0.36148982903638915,-0.9323760526221392,0.003781320732368924,13.180842678425106,31.795568315787264,317.39788818359375
0,neg_wet,2015-06-21,24.454816229349213,91.73733451678181,24.5,91.75,14,17,25.636978149414062,56.28247833251953,104.38529205322266,253.53936767578125,480.00274658203125,124.80322265625,10.0,18.760826110839844,165.95297241210938,10.0,2015,6,0.18175978759137534,-0.9833429613388902,24_91,8.67662239074707,1.2322918244537642,0.09421771389324317,0.9955516171393279,0.000399892177874617,0.6286754447391025,2.4288158879857917,11.1227445602417
1,pos,2010-03-27,24.7339,93.9161,24.75,94.0,15,26,9.469091415405273,9.645195007324219,9.645195007324219,9.827642440795898,25.445716857910156,9.645195007324219,1.0,3.2150650024414062,11.562851905822754,60.0,2010,3,0.9958270335100595,0.09126072172931188,24_93,886.3097534179688,13.386474599388931,-0.8912795084343008,-0.45345433931666274,-0.00892305627998023,4.44640892470039,25.668304577446296,137.3765869140625
0,neg_general,2008-05-19,28.060175218951706,91.51150351010232,28.0,91.5,28,16,0.0,0.0,10.852550506591797,16.32790756225586,23.83393669128418,10.852550506591797,3.0,0.0,10.5187406539917,60.0,2008,5,0.6692903895412567,-0.7430009249440493,28_91,4631.3623046875,25.549522414522347,-0.5080568531984442,0.8613235361454454,0.003471956888180966,20.419167812145538,47.36269253223561,999.7021484375
0,neg_wet,2011-05-31,28.096187674566842,94.32939160455881,28.0,94.25,28,27,15.258861541748047,35.44868469238281,57.37758255004883,125.46211242675781,211.2453155517578,60.10255432128906,7.0,11.816227912902832,85.4978256225586,60.0,2011,5,0.5175855102531889,-0.8556314858488706,28_94,1479.0728759765625,21.8247271023155,0.3667234879304102,-0.9303299862952684,0.0026559150933308084,25.775917138997578,48.186971426270425,1165.1179809570312
0,neg_general,2015-08-11,27.68481082699083,93.35851853908248,27.75,93.25,27,23,0.2714502811431885,8.870052337646484,46.655521392822266,127.19068908691406,337.0127258300781,88.12725067138672,7.0,2.956684112548828,92.93150329589844,8.0,2015,8,-0.6400381082043503,-0.7683431655492202,27_93,2264.83984375,16.72411874852098,-0.8963023010134141,-0.44344355356466647,0.0052595942982178664,24.696968067760995,46.73759999956592,885.1248779296875
1,pos,2014-06-27,26.1619,91.7697,26.25,91.75,21,17,18.990015029907227,22.039623260498047,100.34867858886719,128.72593688964844,219.3289031982422,71.29487609863281,8.0,7.346540927886963,93.61529541015625,60.0,2014,6,0.07947729992362097,-0.9968366760893436,26_91,54.797542572021484,0.32020088231106064,-0.31572790638763165,0.9488497716330456,0.0006403855404239874,4.582947241731298,28.481910955607297,218.0336685180664
0,neg_wet,2008-07-11,29.178834671201617,94.3182091918074,29.25,94.25,33,27,28.200000762939453,31.100000381469727,177.6999969482422,465.3000183105469,916.5999145507812,243.10000610351562,11.0,10.366666793823242,261.5203857421875,6.0,2008,7,-0.17752914918703497,-0.984115542601034,29_94,3682.582763671875,52.415864255743145,0.8640859490822421,-0.5033442883341787,0.006426241088184828,32.599674006784,54.18533980970599,1335.641845703125
0,neg_wet,2007-09-12,26.7715071489516,91.72544995452196,26.75,91.75,23,17,0.5830110907554626,39.45216751098633,100.62281799316406,161.5812530517578,285.71319580078125,53.29385757446289,10.0,13.15072250366211,106.50080871582031,47.0,2007,9,-0.9474042892438845,-0.32003923622313857,26_91,135.461669921875,1.0074210249628561,-0.06078086976547119,-0.9981511337821306,-0.00015343892926213612,1.0266088483084972,4.899016662200113,43.58543395996094
0,neg_wet,2013-09-22,23.61124216885587,91.72491566318241,23.5,91.75,10,17,19.831722259521484,45.16230010986328,71.07931518554688,125.28573608398438,288.6084899902344,45.16230010986328,12.0,15.054100036621094,102.14019775390625,46.0,2013,9,-0.9882042449941422,-0.15314166701312007,23_91,219.24911499023438,8.267763122822133,-0.9003267070883122,0.4352146832352011,-0.004407049310479416,9.182821163069343,28.45019955218542,220.27140045166016
0,neg_wet,2009-08-20,28.77697027081881,94.424458513916,28.75,94.5,31,28,139.53231811523438,219.8867950439453,388.628662109375,527.578857421875,833.970947265625,219.8867950439453,11.0,73.29560089111328,412.3321533203125,0.0,2009,8,-0.7508642533989489,-0.6604565640279754,28_94,3286.640869140625,24.325398933294117,-0.9983936960654503,0.05665710596888402,-0.0021583655126331497,27.47650895817344,49.06617173454535,1207.293701171875
0,neg_hard,2007-10-06,26.818282164037942,94.73805136655305,26.75,94.75,23,29,31.5898494720459,69.68463134765625,150.61619567871094,216.2285919189453,364.05169677734375,82.73410034179688,12.0,23.22821044921875,159.28392028808594,40.0,2007,10,-0.9962102997023297,0.0869772313136861,26_94,100.41522216796875,0.2711345945138303,-0.8182147964365641,-0.5749126428356501,2.307389747570839e-05,1.0651851719646745,5.041803269115672,17.586868286132812
0,neg_wet,2012-04-14,26.966428346057477,93.80122893181911,27.0,93.75,24,25,24.709941864013672,34.773277282714844,56.26531982421875,86.4538345336914,131.8593292236328,34.773277282714844,8.0,11.591092109680176,65.18628692626953,60.0,2012,4,0.9724075561219968,-0.23328854407545518,26_93,84.4323501586914,0.6331329886482077,0.9999998942021648,0.00045999528175147327,0.0015798039346031113,0.767653982373065,3.2697072527588253,13.175621032714844
